1435652027418,687,OS Process Sampler,1,OK,Thread Group 1-9,text,true,163,39,39,0
1435652027433,652,OS Process Sampler,1,OK,Thread Group 1-10,text,true,163,38,38,0
1435652027454,599,OS Process Sampler,1,OK,Thread Group 1-12,text,true,163,37,37,0
1435652027476,559,OS Process Sampler,1,OK,Thread Group 1-13,text,true,163,36,36,0
1435652027359,628,OS Process Sampler,1,OK,Thread Group 1-4,text,true,163,34,34,0
1435652027583,403,OS Process Sampler,1,OK,Thread Group 1-18,text,true,163,34,34,0
1435652027352,562,OS Process Sampler,1,OK,Thread Group 1-3,text,true,163,33,33,0
1435652027562,208,OS Process Sampler,1,OK,Thread Group 1-17,text,true,163,26,26,0
1435652027521,273,OS Process Sampler,1,OK,Thread Group 1-16,text,true,163,27,27,0
1435652027490,333,OS Process Sampler,1,OK,Thread Group 1-14,text,true,163,28,28,0
1435652027600,313,OS Process Sampler,1,OK,Thread Group 1-19,text,true,163,33,33,0
1435652027408,723,OS Process Sampler,1,OK,Thread Group 1-8,text,true,163,28,28,0
1435652027401,762,OS Process Sampler,1,OK,Thread Group 1-7,text,true,163,27,27,0
1435652027376,805,OS Process Sampler,1,OK,Thread Group 1-6,text,true,163,26,26,0
1435652027344,853,OS Process Sampler,1,OK,Thread Group 1-1,text,true,163,25,25,0
1435652027369,848,OS Process Sampler,1,OK,Thread Group 1-5,text,true,163,24,24,0
1435652027343,902,OS Process Sampler,1,OK,Thread Group 1-2,text,true,163,23,23,0
1435652028085,172,OS Process Sampler,1,OK,Thread Group 1-39,text,true,163,22,22,0
1435652028051,207,OS Process Sampler,1,OK,Thread Group 1-37,text,true,163,21,21,0
1435652027887,388,OS Process Sampler,1,OK,Thread Group 1-32,text,true,163,20,20,0
1435652027936,342,OS Process Sampler,1,OK,Thread Group 1-34,text,true,163,19,19,0
1435652028033,249,OS Process Sampler,1,OK,Thread Group 1-36,text,true,163,18,18,0
1435652027851,433,OS Process Sampler,1,OK,Thread Group 1-30,text,true,163,17,17,0
1435652027826,473,OS Process Sampler,1,OK,Thread Group 1-29,text,true,163,16,16,0
1435652027871,430,OS Process Sampler,1,OK,Thread Group 1-31,text,true,163,15,15,0
1435652027806,495,OS Process Sampler,1,OK,Thread Group 1-28,text,true,163,14,14,0
1435652027786,546,OS Process Sampler,1,OK,Thread Group 1-27,text,true,163,13,13,0
1435652028021,313,OS Process Sampler,1,OK,Thread Group 1-35,text,true,163,12,12,0
1435652027770,564,OS Process Sampler,1,OK,Thread Group 1-26,text,true,163,11,11,0
1435652027912,424,OS Process Sampler,1,OK,Thread Group 1-33,text,true,163,10,10,0
1435652027738,598,OS Process Sampler,1,OK,Thread Group 1-25,text,true,163,9,9,0
1435652027710,643,OS Process Sampler,1,OK,Thread Group 1-20,text,true,163,8,8,0
1435652028066,298,OS Process Sampler,1,OK,Thread Group 1-38,text,true,163,7,7,0
1435652027710,674,OS Process Sampler,1,OK,Thread Group 1-15,text,true,163,6,6,0
1435652027710,674,OS Process Sampler,1,OK,Thread Group 1-22,text,true,163,5,5,0
1435652027710,675,OS Process Sampler,1,OK,Thread Group 1-21,text,true,163,4,4,0
1435652027709,676,OS Process Sampler,1,OK,Thread Group 1-24,text,true,163,3,3,0
1435652027709,676,OS Process Sampler,1,OK,Thread Group 1-23,text,true,163,2,2,0
1435652027440,954,OS Process Sampler,1,OK,Thread Group 1-11,text,true,163,2,2,0
1435652028706,107,OS Process Sampler,1,OK,Thread Group 1-40,text,true,163,6,6,0
1435652028737,92,OS Process Sampler,1,OK,Thread Group 1-43,text,true,163,5,5,0
1435652028770,91,OS Process Sampler,1,OK,Thread Group 1-45,text,true,163,7,7,0
1435652028751,209,OS Process Sampler,1,OK,Thread Group 1-44,text,true,163,15,15,0
1435652028715,415,OS Process Sampler,1,OK,Thread Group 1-41,text,true,163,27,27,0
1435652028730,466,OS Process Sampler,1,OK,Thread Group 1-42,text,true,163,31,31,0
1435652028834,785,OS Process Sampler,1,OK,Thread Group 1-46,text,true,163,68,68,0
1435652028844,776,OS Process Sampler,1,OK,Thread Group 1-47,text,true,163,67,67,0
1435652028863,1750,OS Process Sampler,1,OK,Thread Group 1-49,text,true,163,155,155,0
1435652028860,1805,OS Process Sampler,1,OK,Thread Group 1-48,text,true,163,159,159,0
1435652030253,2191,OS Process Sampler,1,OK,Thread Group 1-169,text,true,163,243,243,0
1435652030194,2475,OS Process Sampler,1,OK,Thread Group 1-163,text,true,163,244,244,0
1435652030274,2396,OS Process Sampler,1,OK,Thread Group 1-171,text,true,163,243,243,0
1435652030328,2365,OS Process Sampler,1,OK,Thread Group 1-176,text,true,163,242,242,0
1435652030211,2959,OS Process Sampler,1,OK,Thread Group 1-165,text,true,163,246,246,0
1435652030295,3278,OS Process Sampler,1,OK,Thread Group 1-172,text,true,163,247,247,0
1435652030232,3377,OS Process Sampler,1,OK,Thread Group 1-167,text,true,163,246,246,0
1435652030162,3468,OS Process Sampler,1,OK,Thread Group 1-160,text,true,163,245,245,0
1435652030311,3446,OS Process Sampler,1,OK,Thread Group 1-174,text,true,163,244,244,0
1435652030295,3714,OS Process Sampler,1,OK,Thread Group 1-173,text,true,163,243,243,0
1435652030271,3890,OS Process Sampler,1,OK,Thread Group 1-170,text,true,163,242,242,0
1435652030179,4127,OS Process Sampler,1,OK,Thread Group 1-162,text,true,163,241,241,0
1435652030316,4380,OS Process Sampler,1,OK,Thread Group 1-175,text,true,163,240,240,0
1435652030169,4537,OS Process Sampler,1,OK,Thread Group 1-161,text,true,163,239,239,0
1435652030230,4590,OS Process Sampler,1,OK,Thread Group 1-166,text,true,163,238,238,0
1435652030125,4696,OS Process Sampler,1,OK,Thread Group 1-158,text,true,163,237,237,0
1435652030115,4712,OS Process Sampler,1,OK,Thread Group 1-157,text,true,163,236,236,0
1435652030094,4742,OS Process Sampler,1,OK,Thread Group 1-155,text,true,163,235,235,0
1435652030088,4749,OS Process Sampler,1,OK,Thread Group 1-154,text,true,163,234,234,0
1435652030109,4729,OS Process Sampler,1,OK,Thread Group 1-156,text,true,163,233,233,0
1435652030073,4765,OS Process Sampler,1,OK,Thread Group 1-153,text,true,163,232,232,0
1435652030141,4698,OS Process Sampler,1,OK,Thread Group 1-159,text,true,163,231,231,0
1435652030062,4778,OS Process Sampler,1,OK,Thread Group 1-152,text,true,163,230,230,0
1435652030056,4784,OS Process Sampler,1,OK,Thread Group 1-151,text,true,163,229,229,0
1435652030031,4810,OS Process Sampler,1,OK,Thread Group 1-149,text,true,163,228,228,0
1435652030023,4819,OS Process Sampler,1,OK,Thread Group 1-148,text,true,163,227,227,0
1435652029959,4884,OS Process Sampler,1,OK,Thread Group 1-142,text,true,163,226,226,0
1435652029947,4906,OS Process Sampler,1,OK,Thread Group 1-141,text,true,163,225,225,0
1435652030010,4844,OS Process Sampler,1,OK,Thread Group 1-147,text,true,163,224,224,0
1435652029991,4853,OS Process Sampler,1,OK,Thread Group 1-145,text,true,163,223,223,0
1435652030007,4848,OS Process Sampler,1,OK,Thread Group 1-146,text,true,163,222,222,0
1435652029975,4880,OS Process Sampler,1,OK,Thread Group 1-143,text,true,163,221,221,0
1435652029978,4877,OS Process Sampler,1,OK,Thread Group 1-144,text,true,163,220,220,0
1435652029942,4914,OS Process Sampler,1,OK,Thread Group 1-140,text,true,163,219,219,0
1435652029715,5142,OS Process Sampler,1,OK,Thread Group 1-122,text,true,163,218,218,0
1435652029699,5159,OS Process Sampler,1,OK,Thread Group 1-120,text,true,163,217,217,0
1435652029675,5183,OS Process Sampler,1,OK,Thread Group 1-118,text,true,163,216,216,0
1435652029646,5213,OS Process Sampler,1,OK,Thread Group 1-116,text,true,163,215,215,0
1435652029468,5392,OS Process Sampler,1,OK,Thread Group 1-100,text,true,163,214,214,0
1435652029739,5134,OS Process Sampler,1,OK,Thread Group 1-124,text,true,163,214,214,0
1435652029699,5175,OS Process Sampler,1,OK,Thread Group 1-121,text,true,163,214,214,0
1435652029678,5196,OS Process Sampler,1,OK,Thread Group 1-119,text,true,163,214,214,0
1435652029736,5139,OS Process Sampler,1,OK,Thread Group 1-123,text,true,163,210,210,0
1435652029659,5217,OS Process Sampler,1,OK,Thread Group 1-117,text,true,163,209,209,0
1435652029455,5487,OS Process Sampler,1,OK,Thread Group 1-99,text,true,163,208,208,0
1435652029072,5871,OS Process Sampler,1,OK,Thread Group 1-67,text,true,163,207,207,0
1435652029093,5851,OS Process Sampler,1,OK,Thread Group 1-69,text,true,163,206,206,0
1435652029140,5804,OS Process Sampler,1,OK,Thread Group 1-71,text,true,163,205,205,0
1435652029229,5715,OS Process Sampler,1,OK,Thread Group 1-79,text,true,163,204,204,0
1435652029371,5574,OS Process Sampler,1,OK,Thread Group 1-91,text,true,163,204,204,0
1435652029582,5380,OS Process Sampler,1,OK,Thread Group 1-110,text,true,163,203,203,0
1435652029598,5364,OS Process Sampler,1,OK,Thread Group 1-111,text,true,163,202,202,0
1435652029625,5337,OS Process Sampler,1,OK,Thread Group 1-114,text,true,163,201,201,0
1435652029618,5344,OS Process Sampler,1,OK,Thread Group 1-113,text,true,163,200,200,0
1435652029638,5325,OS Process Sampler,1,OK,Thread Group 1-115,text,true,163,199,199,0
1435652029601,5362,OS Process Sampler,1,OK,Thread Group 1-112,text,true,163,198,198,0
1435652029250,5715,OS Process Sampler,1,OK,Thread Group 1-81,text,true,163,197,197,0
1435652029338,5627,OS Process Sampler,1,OK,Thread Group 1-88,text,true,163,196,196,0
1435652029279,5686,OS Process Sampler,1,OK,Thread Group 1-83,text,true,163,195,195,0
1435652029395,5571,OS Process Sampler,1,OK,Thread Group 1-93,text,true,163,194,194,0
1435652029427,5539,OS Process Sampler,1,OK,Thread Group 1-97,text,true,163,193,193,0
1435652029342,5624,OS Process Sampler,1,OK,Thread Group 1-89,text,true,163,192,192,0
1435652029517,5449,OS Process Sampler,1,OK,Thread Group 1-104,text,true,163,191,191,0
1435652029321,5646,OS Process Sampler,1,OK,Thread Group 1-87,text,true,163,190,190,0
1435652029180,5787,OS Process Sampler,1,OK,Thread Group 1-74,text,true,163,189,189,0
1435652029488,5479,OS Process Sampler,1,OK,Thread Group 1-102,text,true,163,188,188,0
1435652029300,5668,OS Process Sampler,1,OK,Thread Group 1-85,text,true,163,187,187,0
1435652029298,5670,OS Process Sampler,1,OK,Thread Group 1-84,text,true,163,186,186,0
1435652029395,5573,OS Process Sampler,1,OK,Thread Group 1-94,text,true,163,185,185,0
1435652029565,5403,OS Process Sampler,1,OK,Thread Group 1-109,text,true,163,184,184,0
1435652029219,5750,OS Process Sampler,1,OK,Thread Group 1-78,text,true,163,184,184,0
1435652029519,5450,OS Process Sampler,1,OK,Thread Group 1-105,text,true,163,184,184,0
1435652029416,5553,OS Process Sampler,1,OK,Thread Group 1-96,text,true,163,184,184,0
1435652029198,5771,OS Process Sampler,1,OK,Thread Group 1-76,text,true,163,184,184,0
1435652029374,5595,OS Process Sampler,1,OK,Thread Group 1-92,text,true,163,184,184,0
1435652029144,5826,OS Process Sampler,1,OK,Thread Group 1-72,text,true,163,184,184,0
1435652029245,5725,OS Process Sampler,1,OK,Thread Group 1-80,text,true,163,184,184,0
1435652029107,5863,OS Process Sampler,1,OK,Thread Group 1-70,text,true,163,184,184,0
1435652029551,5419,OS Process Sampler,1,OK,Thread Group 1-108,text,true,163,184,184,0
1435652029083,5887,OS Process Sampler,1,OK,Thread Group 1-68,text,true,163,184,184,0
1435652029452,5518,OS Process Sampler,1,OK,Thread Group 1-98,text,true,163,184,184,0
1435652029187,5784,OS Process Sampler,1,OK,Thread Group 1-75,text,true,163,184,184,0
1435652029314,5657,OS Process Sampler,1,OK,Thread Group 1-86,text,true,163,184,184,0
1435652029354,5617,OS Process Sampler,1,OK,Thread Group 1-90,text,true,163,184,184,0
1435652029484,5487,OS Process Sampler,1,OK,Thread Group 1-101,text,true,163,184,184,0
1435652029411,5560,OS Process Sampler,1,OK,Thread Group 1-95,text,true,163,184,184,0
1435652029277,5694,OS Process Sampler,1,OK,Thread Group 1-82,text,true,163,184,184,0
1435652029213,5759,OS Process Sampler,1,OK,Thread Group 1-77,text,true,163,184,184,0
1435652029164,5808,OS Process Sampler,1,OK,Thread Group 1-73,text,true,163,184,184,0
1435652029540,5432,OS Process Sampler,1,OK,Thread Group 1-107,text,true,163,184,184,0
1435652029067,5905,OS Process Sampler,1,OK,Thread Group 1-66,text,true,163,184,184,0
1435652029533,5416,OS Process Sampler,1,OK,Thread Group 1-106,text,true,163,162,162,0
1435652029043,5959,OS Process Sampler,1,OK,Thread Group 1-64,text,true,163,161,161,0
1435652029042,5961,OS Process Sampler,1,OK,Thread Group 1-63,text,true,163,160,160,0
1435652029011,5992,OS Process Sampler,1,OK,Thread Group 1-62,text,true,163,159,159,0
1435652029002,6010,OS Process Sampler,1,OK,Thread Group 1-61,text,true,163,158,158,0
1435652029002,6010,OS Process Sampler,1,OK,Thread Group 1-60,text,true,163,157,157,0
1435652028979,6034,OS Process Sampler,1,OK,Thread Group 1-59,text,true,163,156,156,0
1435652028977,6036,OS Process Sampler,1,OK,Thread Group 1-58,text,true,163,155,155,0
1435652028958,6056,OS Process Sampler,1,OK,Thread Group 1-57,text,true,163,154,154,0
1435652028953,6076,OS Process Sampler,1,OK,Thread Group 1-56,text,true,163,153,153,0
1435652028936,6097,OS Process Sampler,1,OK,Thread Group 1-55,text,true,163,151,151,0
1435652028929,6105,OS Process Sampler,1,OK,Thread Group 1-54,text,true,163,150,150,0
1435652028915,6128,OS Process Sampler,1,OK,Thread Group 1-53,text,true,163,149,149,0
1435652028913,6131,OS Process Sampler,1,OK,Thread Group 1-52,text,true,163,148,148,0
1435652028882,6162,OS Process Sampler,1,OK,Thread Group 1-51,text,true,163,147,147,0
1435652029051,5997,OS Process Sampler,1,OK,Thread Group 1-65,text,true,163,146,146,0
1435652028876,6174,OS Process Sampler,1,OK,Thread Group 1-50,text,true,163,145,145,0
1435652030041,5018,OS Process Sampler,1,OK,Thread Group 1-150,text,true,163,144,144,0
1435652032389,2678,OS Process Sampler,1,OK,Thread Group 1-291,text,true,163,143,143,0
1435652031117,3951,OS Process Sampler,1,OK,Thread Group 1-242,text,true,163,142,142,0
1435652032322,2747,OS Process Sampler,1,OK,Thread Group 1-290,text,true,163,141,141,0
1435652032278,2792,OS Process Sampler,1,OK,Thread Group 1-289,text,true,163,140,140,0
1435652032076,3007,OS Process Sampler,1,OK,Thread Group 1-284,text,true,163,139,139,0
1435652033489,1595,OS Process Sampler,1,OK,Thread Group 1-301,text,true,163,138,138,0
1435652031722,3363,OS Process Sampler,1,OK,Thread Group 1-195,text,true,163,137,137,0
1435652032043,3043,OS Process Sampler,1,OK,Thread Group 1-283,text,true,163,136,136,0
1435652032002,3085,OS Process Sampler,1,OK,Thread Group 1-282,text,true,163,135,135,0
1435652031953,3136,OS Process Sampler,1,OK,Thread Group 1-281,text,true,163,134,134,0
1435652031816,3273,OS Process Sampler,1,OK,Thread Group 1-277,text,true,163,133,133,0
1435652032492,2598,OS Process Sampler,1,OK,Thread Group 1-293,text,true,163,132,132,0
1435652033016,2085,OS Process Sampler,1,OK,Thread Group 1-298,text,true,163,131,131,0
1435652032939,2163,OS Process Sampler,1,OK,Thread Group 1-297,text,true,163,130,130,0
1435652032851,2252,OS Process Sampler,1,OK,Thread Group 1-295,text,true,163,129,129,0
1435652032821,2282,OS Process Sampler,1,OK,Thread Group 1-296,text,true,163,128,128,0
1435652031029,4075,OS Process Sampler,1,OK,Thread Group 1-234,text,true,163,127,127,0
1435652031035,4070,OS Process Sampler,1,OK,Thread Group 1-235,text,true,163,126,126,0
1435652031014,4092,OS Process Sampler,1,OK,Thread Group 1-233,text,true,163,125,125,0
1435652031004,4103,OS Process Sampler,1,OK,Thread Group 1-232,text,true,163,124,124,0
1435652030982,4135,OS Process Sampler,1,OK,Thread Group 1-230,text,true,163,123,123,0
1435652030971,4147,OS Process Sampler,1,OK,Thread Group 1-229,text,true,163,122,122,0
1435652030964,4155,OS Process Sampler,1,OK,Thread Group 1-228,text,true,163,121,121,0
1435652030950,4169,OS Process Sampler,1,OK,Thread Group 1-227,text,true,163,120,120,0
1435652030948,4172,OS Process Sampler,1,OK,Thread Group 1-226,text,true,163,119,119,0
1435652031098,4024,OS Process Sampler,1,OK,Thread Group 1-241,text,true,163,118,118,0
1435652031094,4029,OS Process Sampler,1,OK,Thread Group 1-240,text,true,163,117,117,0
1435652031078,4045,OS Process Sampler,1,OK,Thread Group 1-239,text,true,163,116,116,0
1435652030932,4200,OS Process Sampler,1,OK,Thread Group 1-225,text,true,163,115,115,0
1435652031061,4072,OS Process Sampler,1,OK,Thread Group 1-237,text,true,163,114,114,0
1435652031046,4088,OS Process Sampler,1,OK,Thread Group 1-236,text,true,163,113,113,0
1435652032809,2325,OS Process Sampler,1,OK,Thread Group 1-276,text,true,163,112,112,0
1435652032556,2579,OS Process Sampler,1,OK,Thread Group 1-294,text,true,163,111,111,0
1435652032444,2691,OS Process Sampler,1,OK,Thread Group 1-292,text,true,163,110,110,0
1435652032181,2955,OS Process Sampler,1,OK,Thread Group 1-287,text,true,163,109,109,0
1435652032102,3035,OS Process Sampler,1,OK,Thread Group 1-285,text,true,163,108,108,0
1435652032135,3003,OS Process Sampler,1,OK,Thread Group 1-286,text,true,163,107,107,0
1435652030652,4486,OS Process Sampler,1,OK,Thread Group 1-206,text,true,163,106,106,0
1435652031901,3238,OS Process Sampler,1,OK,Thread Group 1-280,text,true,163,105,105,0
1435652031853,3296,OS Process Sampler,1,OK,Thread Group 1-279,text,true,163,104,104,0
1435652031709,3441,OS Process Sampler,1,OK,Thread Group 1-274,text,true,163,103,103,0
1435652031838,3313,OS Process Sampler,1,OK,Thread Group 1-278,text,true,163,102,102,0
1435652031745,3407,OS Process Sampler,1,OK,Thread Group 1-275,text,true,163,101,101,0
1435652031641,3511,OS Process Sampler,1,OK,Thread Group 1-271,text,true,163,100,100,0
1435652031625,3528,OS Process Sampler,1,OK,Thread Group 1-270,text,true,163,99,99,0
1435652031595,3559,OS Process Sampler,1,OK,Thread Group 1-269,text,true,163,98,98,0
1435652031568,3587,OS Process Sampler,1,OK,Thread Group 1-268,text,true,163,97,97,0
1435652031370,3796,OS Process Sampler,1,OK,Thread Group 1-260,text,true,163,96,96,0
1435652031553,3603,OS Process Sampler,1,OK,Thread Group 1-267,text,true,163,96,96,0
1435652031350,3817,OS Process Sampler,1,OK,Thread Group 1-259,text,true,163,94,94,0
1435652031341,3826,OS Process Sampler,1,OK,Thread Group 1-258,text,true,163,93,93,0
1435652031690,3478,OS Process Sampler,1,OK,Thread Group 1-273,text,true,163,92,92,0
1435652029926,5243,OS Process Sampler,1,OK,Thread Group 1-139,text,true,163,91,91,0
1435652031514,3656,OS Process Sampler,1,OK,Thread Group 1-266,text,true,163,90,90,0
1435652029846,5324,OS Process Sampler,1,OK,Thread Group 1-134,text,true,163,89,89,0
1435652029829,5342,OS Process Sampler,1,OK,Thread Group 1-132,text,true,163,88,88,0
1435652029804,5368,OS Process Sampler,1,OK,Thread Group 1-130,text,true,163,87,87,0
1435652029879,5303,OS Process Sampler,1,OK,Thread Group 1-136,text,true,163,86,86,0
1435652029835,5347,OS Process Sampler,1,OK,Thread Group 1-133,text,true,163,85,85,0
1435652029782,5400,OS Process Sampler,1,OK,Thread Group 1-128,text,true,163,84,84,0
1435652029814,5369,OS Process Sampler,1,OK,Thread Group 1-131,text,true,163,83,83,0
1435652029796,5387,OS Process Sampler,1,OK,Thread Group 1-129,text,true,163,82,82,0
1435652029772,5412,OS Process Sampler,1,OK,Thread Group 1-127,text,true,163,81,81,0
1435652029760,5425,OS Process Sampler,1,OK,Thread Group 1-126,text,true,163,80,80,0
1435652029864,5322,OS Process Sampler,1,OK,Thread Group 1-135,text,true,163,79,79,0
1435652029756,5430,OS Process Sampler,1,OK,Thread Group 1-125,text,true,163,78,78,0
1435652029910,5277,OS Process Sampler,1,OK,Thread Group 1-137,text,true,163,77,77,0
1435652029501,5687,OS Process Sampler,1,OK,Thread Group 1-103,text,true,163,76,76,0
1435652029915,5282,OS Process Sampler,1,OK,Thread Group 1-138,text,true,163,75,75,0
1435652031452,3746,OS Process Sampler,1,OK,Thread Group 1-265,text,true,163,74,74,0
1435652031418,3781,OS Process Sampler,1,OK,Thread Group 1-168,text,true,163,73,73,0
1435652031418,3781,OS Process Sampler,1,OK,Thread Group 1-263,text,true,163,72,72,0
1435652031405,3795,OS Process Sampler,1,OK,Thread Group 1-262,text,true,163,71,71,0
1435652031325,3876,OS Process Sampler,1,OK,Thread Group 1-257,text,true,163,70,70,0
1435652031268,3934,OS Process Sampler,1,OK,Thread Group 1-253,text,true,163,69,69,0
1435652031252,3951,OS Process Sampler,1,OK,Thread Group 1-252,text,true,163,68,68,0
1435652031208,3995,OS Process Sampler,1,OK,Thread Group 1-250,text,true,163,67,67,0
1435652031197,4007,OS Process Sampler,1,OK,Thread Group 1-249,text,true,163,66,66,0
1435652031175,4039,OS Process Sampler,1,OK,Thread Group 1-247,text,true,163,65,65,0
1435652031163,4052,OS Process Sampler,1,OK,Thread Group 1-246,text,true,163,64,64,0
1435652031149,4067,OS Process Sampler,1,OK,Thread Group 1-245,text,true,163,63,63,0
1435652031313,3904,OS Process Sampler,1,OK,Thread Group 1-256,text,true,163,62,62,0
1435652031291,3927,OS Process Sampler,1,OK,Thread Group 1-255,text,true,163,61,61,0
1435652031284,3935,OS Process Sampler,1,OK,Thread Group 1-254,text,true,163,60,60,0
1435652031233,3987,OS Process Sampler,1,OK,Thread Group 1-251,text,true,163,59,59,0
1435652031127,4106,OS Process Sampler,1,OK,Thread Group 1-243,text,true,163,58,58,0
1435652031382,3851,OS Process Sampler,1,OK,Thread Group 1-261,text,true,163,57,57,0
1435652031434,3811,OS Process Sampler,1,OK,Thread Group 1-264,text,true,163,56,56,0
1435652031142,4104,OS Process Sampler,1,OK,Thread Group 1-244,text,true,163,55,55,0
1435652030907,4340,OS Process Sampler,1,OK,Thread Group 1-223,text,true,163,54,54,0
1435652030884,4363,OS Process Sampler,1,OK,Thread Group 1-222,text,true,163,53,53,0
1435652030863,4386,OS Process Sampler,1,OK,Thread Group 1-221,text,true,163,52,52,0
1435652030740,4511,OS Process Sampler,1,OK,Thread Group 1-213,text,true,163,51,51,0
1435652030848,4403,OS Process Sampler,1,OK,Thread Group 1-220,text,true,163,50,50,0
1435652030842,4410,OS Process Sampler,1,OK,Thread Group 1-219,text,true,163,49,49,0
1435652030810,4452,OS Process Sampler,1,OK,Thread Group 1-217,text,true,163,48,48,0
1435652030713,4550,OS Process Sampler,1,OK,Thread Group 1-210,text,true,163,47,47,0
1435652030826,4437,OS Process Sampler,1,OK,Thread Group 1-218,text,true,163,46,46,0
1435652030774,4490,OS Process Sampler,1,OK,Thread Group 1-215,text,true,163,45,45,0
1435652030790,4475,OS Process Sampler,1,OK,Thread Group 1-216,text,true,163,44,44,0
1435652030753,4513,OS Process Sampler,1,OK,Thread Group 1-214,text,true,163,43,43,0
1435652030729,4553,OS Process Sampler,1,OK,Thread Group 1-212,text,true,163,42,42,0
1435652030648,4635,OS Process Sampler,1,OK,Thread Group 1-205,text,true,163,41,41,0
1435652030719,4565,OS Process Sampler,1,OK,Thread Group 1-211,text,true,163,40,40,0
1435652030698,4587,OS Process Sampler,1,OK,Thread Group 1-209,text,true,163,39,39,0
1435652030664,4621,OS Process Sampler,1,OK,Thread Group 1-207,text,true,163,38,38,0
1435652030631,4657,OS Process Sampler,1,OK,Thread Group 1-204,text,true,163,37,37,0
1435652030611,4678,OS Process Sampler,1,OK,Thread Group 1-202,text,true,163,36,36,0
1435652030547,4743,OS Process Sampler,1,OK,Thread Group 1-196,text,true,163,35,35,0
1435652030624,4666,OS Process Sampler,1,OK,Thread Group 1-203,text,true,163,34,34,0
1435652030601,4690,OS Process Sampler,1,OK,Thread Group 1-201,text,true,163,33,33,0
1435652030595,4696,OS Process Sampler,1,OK,Thread Group 1-200,text,true,163,32,32,0
1435652030568,4724,OS Process Sampler,1,OK,Thread Group 1-198,text,true,163,31,31,0
1435652030563,4730,OS Process Sampler,1,OK,Thread Group 1-197,text,true,163,30,30,0
1435652030514,4793,OS Process Sampler,1,OK,Thread Group 1-192,text,true,163,29,29,0
1435652030498,4810,OS Process Sampler,1,OK,Thread Group 1-191,text,true,163,28,28,0
1435652030425,4884,OS Process Sampler,1,OK,Thread Group 1-185,text,true,163,27,27,0
1435652030410,4900,OS Process Sampler,1,OK,Thread Group 1-184,text,true,163,26,26,0
1435652030399,4912,OS Process Sampler,1,OK,Thread Group 1-183,text,true,163,25,25,0
1435652030392,4920,OS Process Sampler,1,OK,Thread Group 1-182,text,true,163,24,24,0
1435652030530,4785,OS Process Sampler,1,OK,Thread Group 1-194,text,true,163,23,23,0
1435652030485,4831,OS Process Sampler,1,OK,Thread Group 1-190,text,true,163,22,22,0
1435652030482,4835,OS Process Sampler,1,OK,Thread Group 1-189,text,true,163,21,21,0
1435652030443,4888,OS Process Sampler,1,OK,Thread Group 1-186,text,true,163,20,20,0
1435652030580,4752,OS Process Sampler,1,OK,Thread Group 1-199,text,true,163,19,19,0
1435652030378,4960,OS Process Sampler,1,OK,Thread Group 1-181,text,true,163,18,18,0
1435652030376,4965,OS Process Sampler,1,OK,Thread Group 1-180,text,true,163,17,17,0
1435652030466,4889,OS Process Sampler,1,OK,Thread Group 1-188,text,true,163,16,16,0
1435652030465,4891,OS Process Sampler,1,OK,Thread Group 1-187,text,true,163,15,15,0
1435652030358,4999,OS Process Sampler,1,OK,Thread Group 1-179,text,true,163,14,14,0
1435652030352,5005,OS Process Sampler,1,OK,Thread Group 1-178,text,true,163,13,13,0
1435652030337,5021,OS Process Sampler,1,OK,Thread Group 1-177,text,true,163,12,12,0
1435652030200,5161,OS Process Sampler,1,OK,Thread Group 1-164,text,true,163,11,11,0
1435652030688,4688,OS Process Sampler,1,OK,Thread Group 1-208,text,true,163,10,10,0
1435652031066,4312,OS Process Sampler,1,OK,Thread Group 1-238,text,true,163,9,9,0
1435652032229,3378,OS Process Sampler,1,OK,Thread Group 1-288,text,true,163,8,8,0
1435652033129,2478,OS Process Sampler,1,OK,Thread Group 1-299,text,true,163,7,7,0
1435652030996,4612,OS Process Sampler,1,OK,Thread Group 1-231,text,true,163,6,6,0
1435652031674,3934,OS Process Sampler,1,OK,Thread Group 1-272,text,true,163,5,5,0
1435652031191,4417,OS Process Sampler,1,OK,Thread Group 1-248,text,true,163,4,4,0
1435652030517,5091,OS Process Sampler,1,OK,Thread Group 1-193,text,true,163,3,3,0
1435652033324,2298,OS Process Sampler,1,OK,Thread Group 1-300,text,true,163,2,2,0
1435652030911,4711,OS Process Sampler,1,OK,Thread Group 1-224,text,true,163,1,1,0
1435652036935,24,OS Process Sampler,1,OK,Thread Group 1-302,text,true,163,1,1,0
1435652036997,10,OS Process Sampler,1,OK,Thread Group 1-303,text,true,163,1,1,0
1435652037092,18,OS Process Sampler,1,OK,Thread Group 1-304,text,true,163,1,1,0
1435652037154,10,OS Process Sampler,1,OK,Thread Group 1-305,text,true,163,1,1,0
1435652037228,10,OS Process Sampler,1,OK,Thread Group 1-306,text,true,163,1,1,0
1435652037273,10,OS Process Sampler,1,OK,Thread Group 1-307,text,true,163,1,1,0
1435652037340,18,OS Process Sampler,1,OK,Thread Group 1-308,text,true,163,1,1,0
1435652037388,9,OS Process Sampler,1,OK,Thread Group 1-309,text,true,163,1,1,0
1435652037428,19,OS Process Sampler,1,OK,Thread Group 1-310,text,true,163,1,1,0
1435652037455,10,OS Process Sampler,1,OK,Thread Group 1-311,text,true,163,1,1,0
1435652037482,11,OS Process Sampler,1,OK,Thread Group 1-312,text,true,163,1,1,0
1435652037512,10,OS Process Sampler,1,OK,Thread Group 1-313,text,true,163,1,1,0
1435652037551,10,OS Process Sampler,1,OK,Thread Group 1-314,text,true,163,1,1,0
1435652037581,10,OS Process Sampler,1,OK,Thread Group 1-315,text,true,163,1,1,0
1435652037630,10,OS Process Sampler,1,OK,Thread Group 1-316,text,true,163,2,2,0
1435652037653,37,OS Process Sampler,1,OK,Thread Group 1-317,text,true,163,2,2,0
1435652037689,19,OS Process Sampler,1,OK,Thread Group 1-318,text,true,163,1,1,0
1435652037718,17,OS Process Sampler,1,OK,Thread Group 1-319,text,true,163,1,1,0
1435652037746,10,OS Process Sampler,1,OK,Thread Group 1-320,text,true,163,1,1,0
1435652037793,48,OS Process Sampler,1,OK,Thread Group 1-321,text,true,163,4,4,0
1435652037819,66,OS Process Sampler,1,OK,Thread Group 1-322,text,true,163,3,3,0
1435652037841,48,OS Process Sampler,1,OK,Thread Group 1-323,text,true,163,2,2,0
1435652037871,36,OS Process Sampler,1,OK,Thread Group 1-324,text,true,163,1,1,0
1435652037916,10,OS Process Sampler,1,OK,Thread Group 1-326,text,true,163,2,2,0
1435652037924,47,OS Process Sampler,1,OK,Thread Group 1-327,text,true,163,3,3,0
1435652037949,97,OS Process Sampler,1,OK,Thread Group 1-325,text,true,163,8,8,0
1435652037949,126,OS Process Sampler,1,OK,Thread Group 1-328,text,true,163,7,7,0
1435652037988,93,OS Process Sampler,1,OK,Thread Group 1-330,text,true,163,7,7,0
1435652038022,80,OS Process Sampler,1,OK,Thread Group 1-333,text,true,163,15,15,0
1435652037987,141,OS Process Sampler,1,OK,Thread Group 1-331,text,true,163,14,14,0
1435652038343,911,OS Process Sampler,1,OK,Thread Group 1-358,text,true,163,52,52,0
1435652037991,413,OS Process Sampler,1,OK,Thread Group 1-332,text,true,163,51,51,0
1435652038127,278,OS Process Sampler,1,OK,Thread Group 1-339,text,true,163,50,50,0
1435652038095,310,OS Process Sampler,1,OK,Thread Group 1-336,text,true,163,49,49,0
1435652038144,261,OS Process Sampler,1,OK,Thread Group 1-341,text,true,163,48,48,0
1435652037988,451,OS Process Sampler,1,OK,Thread Group 1-329,text,true,163,47,47,0
1435652038165,1091,OS Process Sampler,1,OK,Thread Group 1-343,text,true,163,46,46,0
1435652038023,462,OS Process Sampler,1,OK,Thread Group 1-334,text,true,163,45,45,0
1435652038112,527,OS Process Sampler,1,OK,Thread Group 1-338,text,true,163,44,44,0
1435652038081,612,OS Process Sampler,1,OK,Thread Group 1-335,text,true,163,43,43,0
1435652038134,575,OS Process Sampler,1,OK,Thread Group 1-340,text,true,163,42,42,0
1435652038159,593,OS Process Sampler,1,OK,Thread Group 1-342,text,true,163,41,41,0
1435652038200,667,OS Process Sampler,1,OK,Thread Group 1-346,text,true,163,40,40,0
1435652038472,466,OS Process Sampler,1,OK,Thread Group 1-369,text,true,163,39,39,0
1435652038585,404,OS Process Sampler,1,OK,Thread Group 1-378,text,true,163,38,38,0
1435652038500,506,OS Process Sampler,1,OK,Thread Group 1-371,text,true,163,37,37,0
1435652038250,759,OS Process Sampler,1,OK,Thread Group 1-350,text,true,163,36,36,0
1435652038537,501,OS Process Sampler,1,OK,Thread Group 1-374,text,true,163,35,35,0
1435652038439,639,OS Process Sampler,1,OK,Thread Group 1-351,text,true,163,34,34,0
1435652038439,656,OS Process Sampler,1,OK,Thread Group 1-366,text,true,163,33,33,0
1435652038180,950,OS Process Sampler,1,OK,Thread Group 1-344,text,true,163,32,32,0
1435652038102,1028,OS Process Sampler,1,OK,Thread Group 1-337,text,true,163,31,31,0
1435652038502,639,OS Process Sampler,1,OK,Thread Group 1-372,text,true,163,30,30,0
1435652038523,618,OS Process Sampler,1,OK,Thread Group 1-373,text,true,163,29,29,0
1435652038439,821,OS Process Sampler,1,OK,Thread Group 1-349,text,true,163,28,28,0
1435652038404,856,OS Process Sampler,1,OK,Thread Group 1-354,text,true,163,27,27,0
1435652038404,856,OS Process Sampler,1,OK,Thread Group 1-355,text,true,163,26,26,0
1435652038405,855,OS Process Sampler,1,OK,Thread Group 1-352,text,true,163,25,25,0
1435652038468,793,OS Process Sampler,1,OK,Thread Group 1-368,text,true,163,25,25,0
1435652038404,857,OS Process Sampler,1,OK,Thread Group 1-356,text,true,163,25,25,0
1435652038408,853,OS Process Sampler,1,OK,Thread Group 1-363,text,true,163,25,25,0
1435652038435,826,OS Process Sampler,1,OK,Thread Group 1-365,text,true,163,25,25,0
1435652038374,896,OS Process Sampler,1,OK,Thread Group 1-361,text,true,163,20,20,0
1435652038370,901,OS Process Sampler,1,OK,Thread Group 1-360,text,true,163,19,19,0
1435652038484,789,OS Process Sampler,1,OK,Thread Group 1-370,text,true,163,18,18,0
1435652038635,638,OS Process Sampler,1,OK,Thread Group 1-382,text,true,163,17,17,0
1435652038451,822,OS Process Sampler,1,OK,Thread Group 1-367,text,true,163,16,16,0
1435652038561,713,OS Process Sampler,1,OK,Thread Group 1-376,text,true,163,15,15,0
1435652038224,1050,OS Process Sampler,1,OK,Thread Group 1-348,text,true,163,14,14,0
1435652038419,855,OS Process Sampler,1,OK,Thread Group 1-364,text,true,163,13,13,0
1435652038404,871,OS Process Sampler,1,OK,Thread Group 1-353,text,true,163,12,12,0
1435652038544,731,OS Process Sampler,1,OK,Thread Group 1-375,text,true,163,11,11,0
1435652038206,1069,OS Process Sampler,1,OK,Thread Group 1-347,text,true,163,10,10,0
1435652038564,712,OS Process Sampler,1,OK,Thread Group 1-377,text,true,163,9,9,0
1435652038338,938,OS Process Sampler,1,OK,Thread Group 1-357,text,true,163,8,8,0
1435652038186,1090,OS Process Sampler,1,OK,Thread Group 1-345,text,true,163,7,7,0
1435652038403,883,OS Process Sampler,1,OK,Thread Group 1-362,text,true,163,7,7,0
1435652038354,933,OS Process Sampler,1,OK,Thread Group 1-359,text,true,163,5,5,0
1435652038880,408,OS Process Sampler,1,OK,Thread Group 1-383,text,true,163,4,4,0
1435652038611,677,OS Process Sampler,1,OK,Thread Group 1-381,text,true,163,3,3,0
1435652038595,694,OS Process Sampler,1,OK,Thread Group 1-380,text,true,163,2,2,0
1435652038585,705,OS Process Sampler,1,OK,Thread Group 1-379,text,true,163,1,1,0
1435652039437,10,OS Process Sampler,1,OK,Thread Group 1-384,text,true,163,2,2,0
1435652039447,29,OS Process Sampler,1,OK,Thread Group 1-385,text,true,163,3,3,0
1435652039522,375,OS Process Sampler,1,OK,Thread Group 1-392,text,true,163,44,44,0
1435652039473,424,OS Process Sampler,1,OK,Thread Group 1-387,text,true,163,43,43,0
1435652039529,395,OS Process Sampler,1,OK,Thread Group 1-393,text,true,163,45,45,0
1435652039477,540,OS Process Sampler,1,OK,Thread Group 1-388,text,true,163,53,53,0
1435652039559,618,OS Process Sampler,1,OK,Thread Group 1-396,text,true,163,68,68,0
1435652039489,736,OS Process Sampler,1,OK,Thread Group 1-389,text,true,163,72,72,0
1435652039579,694,OS Process Sampler,1,OK,Thread Group 1-398,text,true,163,76,76,0
1435652039599,722,OS Process Sampler,1,OK,Thread Group 1-400,text,true,163,79,79,0
1435652039509,940,OS Process Sampler,1,OK,Thread Group 1-391,text,true,163,91,91,0
1435652039640,869,OS Process Sampler,1,OK,Thread Group 1-404,text,true,163,96,96,0
1435652039730,1497,OS Process Sampler,1,OK,Thread Group 1-413,text,true,163,166,166,0
1435652039549,2044,OS Process Sampler,1,OK,Thread Group 1-395,text,true,163,201,201,0
1435652039809,1793,OS Process Sampler,1,OK,Thread Group 1-420,text,true,163,202,202,0
1435652039769,1849,OS Process Sampler,1,OK,Thread Group 1-417,text,true,163,202,202,0
1435652039759,1861,OS Process Sampler,1,OK,Thread Group 1-416,text,true,163,202,202,0
1435652039790,1867,OS Process Sampler,1,OK,Thread Group 1-419,text,true,163,204,204,0
1435652039753,1920,OS Process Sampler,1,OK,Thread Group 1-415,text,true,163,205,205,0
1435652039599,2157,OS Process Sampler,1,OK,Thread Group 1-399,text,true,163,212,212,0
1435652039542,2613,OS Process Sampler,1,OK,Thread Group 1-394,text,true,163,250,250,0
1435652039475,3338,OS Process Sampler,1,OK,Thread Group 1-386,text,true,163,270,270,0
1435652039690,3435,OS Process Sampler,1,OK,Thread Group 1-409,text,true,163,270,270,0
1435652039574,3631,OS Process Sampler,1,OK,Thread Group 1-397,text,true,163,270,270,0
1435652039739,3561,OS Process Sampler,1,OK,Thread Group 1-414,text,true,163,270,270,0
1435652039785,3560,OS Process Sampler,1,OK,Thread Group 1-418,text,true,163,270,270,0
1435652040839,2758,OS Process Sampler,1,OK,Thread Group 1-522,text,true,163,270,270,0
1435652039609,4004,OS Process Sampler,1,OK,Thread Group 1-401,text,true,163,270,270,0
1435652039826,4047,OS Process Sampler,1,OK,Thread Group 1-422,text,true,163,281,281,0
1435652039710,4336,OS Process Sampler,1,OK,Thread Group 1-411,text,true,163,418,418,0
1435652039728,4386,OS Process Sampler,1,OK,Thread Group 1-412,text,true,163,423,423,0
1435652039810,4399,OS Process Sampler,1,OK,Thread Group 1-421,text,true,163,432,432,0
1435652040729,4261,OS Process Sampler,1,OK,Thread Group 1-512,text,true,163,448,448,0
1435652040713,4436,OS Process Sampler,1,OK,Thread Group 1-511,text,true,163,448,448,0
1435652039497,5789,OS Process Sampler,1,OK,Thread Group 1-390,text,true,163,448,448,0
1435652040755,4891,OS Process Sampler,1,OK,Thread Group 1-514,text,true,163,448,448,0
1435652039842,5896,OS Process Sampler,1,OK,Thread Group 1-424,text,true,163,448,448,0
1435652039660,6570,OS Process Sampler,1,OK,Thread Group 1-406,text,true,163,448,448,0
1435652039680,6715,OS Process Sampler,1,OK,Thread Group 1-408,text,true,163,448,448,0
1435652040805,6157,OS Process Sampler,1,OK,Thread Group 1-519,text,true,163,451,451,0
1435652040825,6138,OS Process Sampler,1,OK,Thread Group 1-521,text,true,163,451,451,0
1435652040845,6118,OS Process Sampler,1,OK,Thread Group 1-523,text,true,163,451,451,0
1435652039619,7512,OS Process Sampler,1,OK,Thread Group 1-402,text,true,163,451,451,0
1435652039635,7566,OS Process Sampler,1,OK,Thread Group 1-403,text,true,163,451,451,0
1435652041240,6103,OS Process Sampler,1,OK,Thread Group 1-562,text,true,163,451,451,0
1435652040823,6610,OS Process Sampler,1,OK,Thread Group 1-520,text,true,163,451,451,0
1435652040855,6660,OS Process Sampler,1,OK,Thread Group 1-524,text,true,163,451,451,0
1435652039655,7918,OS Process Sampler,1,OK,Thread Group 1-405,text,true,163,451,451,0
1435652041106,6472,OS Process Sampler,1,OK,Thread Group 1-549,text,true,163,451,451,0
1435652039680,8021,OS Process Sampler,1,OK,Thread Group 1-407,text,true,163,451,451,0
1435652041197,6703,OS Process Sampler,1,OK,Thread Group 1-558,text,true,163,451,451,0
1435652041176,6817,OS Process Sampler,1,OK,Thread Group 1-556,text,true,163,451,451,0
1435652041666,6579,OS Process Sampler,1,OK,Thread Group 1-604,text,true,163,451,451,0
1435652041224,7443,OS Process Sampler,1,OK,Thread Group 1-560,text,true,163,451,451,0
1435652041617,7086,OS Process Sampler,1,OK,Thread Group 1-599,text,true,163,451,451,0
1435652041192,7629,OS Process Sampler,1,OK,Thread Group 1-557,text,true,163,451,451,0
1435652041159,7874,OS Process Sampler,1,OK,Thread Group 1-554,text,true,163,451,451,0
1435652041143,8018,OS Process Sampler,1,OK,Thread Group 1-552,text,true,163,504,504,0
1435652041102,8385,OS Process Sampler,1,OK,Thread Group 1-548,text,true,163,503,503,0
1435652041146,8771,OS Process Sampler,1,OK,Thread Group 1-553,text,true,163,502,502,0
1435652041066,9351,OS Process Sampler,1,OK,Thread Group 1-545,text,true,163,501,501,0
1435652041127,9441,OS Process Sampler,1,OK,Thread Group 1-551,text,true,163,556,556,0
1435652041127,9608,OS Process Sampler,1,OK,Thread Group 1-550,text,true,163,555,555,0
1435652041086,10041,OS Process Sampler,1,OK,Thread Group 1-547,text,true,163,554,554,0
1435652041036,10209,OS Process Sampler,1,OK,Thread Group 1-542,text,true,163,553,553,0
1435652041166,10151,OS Process Sampler,1,OK,Thread Group 1-555,text,true,163,552,552,0
1435652040802,10592,OS Process Sampler,1,OK,Thread Group 1-518,text,true,163,551,551,0
1435652041029,10450,OS Process Sampler,1,OK,Thread Group 1-541,text,true,163,550,550,0
1435652041078,9055,OS Process Sampler,1,OK,Thread Group 1-546,text,true,163,549,549,0
1435652041016,10725,OS Process Sampler,1,OK,Thread Group 1-540,text,true,163,548,548,0
1435652041062,10789,OS Process Sampler,1,OK,Thread Group 1-544,text,true,163,547,547,0
1435652040986,10999,OS Process Sampler,1,OK,Thread Group 1-537,text,true,163,546,546,0
1435652041046,11011,OS Process Sampler,1,OK,Thread Group 1-543,text,true,163,545,545,0
1435652041208,11080,OS Process Sampler,1,OK,Thread Group 1-559,text,true,163,544,544,0
1435652040352,11937,OS Process Sampler,1,OK,Thread Group 1-475,text,true,163,543,543,0
1435652041715,10682,OS Process Sampler,1,OK,Thread Group 1-609,text,true,163,542,542,0
1435652039705,12960,OS Process Sampler,1,OK,Thread Group 1-410,text,true,163,541,541,0
1435652041227,11691,OS Process Sampler,1,OK,Thread Group 1-561,text,true,163,540,540,0
1435652040976,12657,OS Process Sampler,1,OK,Thread Group 1-536,text,true,163,539,539,0
1435652040955,12982,OS Process Sampler,1,OK,Thread Group 1-534,text,true,163,538,538,0
1435652040948,13121,OS Process Sampler,1,OK,Thread Group 1-533,text,true,163,537,537,0
1435652041001,13220,OS Process Sampler,1,OK,Thread Group 1-538,text,true,163,536,536,0
1435652040935,13367,OS Process Sampler,1,OK,Thread Group 1-532,text,true,163,535,535,0
1435652040932,13474,OS Process Sampler,1,OK,Thread Group 1-531,text,true,163,534,534,0
1435652040916,13561,OS Process Sampler,1,OK,Thread Group 1-530,text,true,163,533,533,0
1435652041354,13144,OS Process Sampler,1,OK,Thread Group 1-573,text,true,163,532,532,0
1435652040905,13626,OS Process Sampler,1,OK,Thread Group 1-529,text,true,163,532,532,0
1435652041013,13555,OS Process Sampler,1,OK,Thread Group 1-539,text,true,163,532,532,0
1435652040900,13674,OS Process Sampler,1,OK,Thread Group 1-528,text,true,163,532,532,0
1435652040885,13765,OS Process Sampler,1,OK,Thread Group 1-527,text,true,163,532,532,0
1435652040965,13740,OS Process Sampler,1,OK,Thread Group 1-535,text,true,163,532,532,0
1435652040876,13844,OS Process Sampler,1,OK,Thread Group 1-526,text,true,163,532,532,0
1435652040786,13965,OS Process Sampler,1,OK,Thread Group 1-517,text,true,163,532,532,0
1435652040786,14011,OS Process Sampler,1,OK,Thread Group 1-516,text,true,163,532,532,0
1435652040766,14090,OS Process Sampler,1,OK,Thread Group 1-515,text,true,163,532,532,0
1435652040705,14268,OS Process Sampler,1,OK,Thread Group 1-510,text,true,163,532,532,0
1435652040673,14361,OS Process Sampler,1,OK,Thread Group 1-507,text,true,163,532,532,0
1435652041305,13736,OS Process Sampler,1,OK,Thread Group 1-568,text,true,163,532,532,0
1435652039830,15263,OS Process Sampler,1,OK,Thread Group 1-423,text,true,163,532,532,0
1435652040673,14424,OS Process Sampler,1,OK,Thread Group 1-506,text,true,163,532,532,0
1435652040653,14466,OS Process Sampler,1,OK,Thread Group 1-505,text,true,163,532,532,0
1435652040643,14500,OS Process Sampler,1,OK,Thread Group 1-504,text,true,163,516,516,0
1435652040636,14549,OS Process Sampler,1,OK,Thread Group 1-503,text,true,163,515,515,0
1435652040623,14616,OS Process Sampler,1,OK,Thread Group 1-502,text,true,163,514,514,0
1435652040689,14575,OS Process Sampler,1,OK,Thread Group 1-508,text,true,163,513,513,0
1435652040620,14644,OS Process Sampler,1,OK,Thread Group 1-501,text,true,163,512,512,0
1435652040604,14693,OS Process Sampler,1,OK,Thread Group 1-500,text,true,163,511,511,0
1435652040539,14878,OS Process Sampler,1,OK,Thread Group 1-493,text,true,163,511,511,0
1435652040543,14854,OS Process Sampler,1,OK,Thread Group 1-494,text,true,163,511,511,0
1435652040573,14800,OS Process Sampler,1,OK,Thread Group 1-497,text,true,163,511,511,0
1435652040571,14794,OS Process Sampler,1,OK,Thread Group 1-496,text,true,163,511,511,0
1435652040555,14794,OS Process Sampler,1,OK,Thread Group 1-495,text,true,163,511,511,0
1435652040766,14576,OS Process Sampler,1,OK,Thread Group 1-513,text,true,163,511,511,0
1435652040588,14745,OS Process Sampler,1,OK,Thread Group 1-498,text,true,163,511,511,0
1435652040594,14714,OS Process Sampler,1,OK,Thread Group 1-499,text,true,163,511,511,0
1435652040523,14912,OS Process Sampler,1,OK,Thread Group 1-492,text,true,163,502,502,0
1435652040507,14931,OS Process Sampler,1,OK,Thread Group 1-490,text,true,163,501,501,0
1435652040474,14964,OS Process Sampler,1,OK,Thread Group 1-487,text,true,163,500,500,0
1435652040512,14929,OS Process Sampler,1,OK,Thread Group 1-491,text,true,163,499,499,0
1435652040462,14982,OS Process Sampler,1,OK,Thread Group 1-486,text,true,163,498,498,0
1435652040458,15003,OS Process Sampler,1,OK,Thread Group 1-485,text,true,163,497,497,0
1435652040492,14984,OS Process Sampler,1,OK,Thread Group 1-489,text,true,163,496,496,0
1435652040490,14989,OS Process Sampler,1,OK,Thread Group 1-488,text,true,163,495,495,0
1435652040422,15059,OS Process Sampler,1,OK,Thread Group 1-482,text,true,163,494,494,0
1435652040392,15101,OS Process Sampler,1,OK,Thread Group 1-479,text,true,163,493,493,0
1435652040442,15058,OS Process Sampler,1,OK,Thread Group 1-483,text,true,163,492,492,0
1435652040385,15115,OS Process Sampler,1,OK,Thread Group 1-478,text,true,163,491,491,0
1435652040418,15085,OS Process Sampler,1,OK,Thread Group 1-480,text,true,163,490,490,0
1435652040442,15061,OS Process Sampler,1,OK,Thread Group 1-484,text,true,163,489,489,0
1435652040372,15144,OS Process Sampler,1,OK,Thread Group 1-477,text,true,163,488,488,0
1435652040417,15101,OS Process Sampler,1,OK,Thread Group 1-481,text,true,163,487,487,0
1435652040362,15159,OS Process Sampler,1,OK,Thread Group 1-476,text,true,163,486,486,0
1435652040345,15188,OS Process Sampler,1,OK,Thread Group 1-474,text,true,163,485,485,0
1435652040322,15211,OS Process Sampler,1,OK,Thread Group 1-472,text,true,163,484,484,0
1435652040284,15253,OS Process Sampler,1,OK,Thread Group 1-468,text,true,163,483,483,0
1435652040320,15218,OS Process Sampler,1,OK,Thread Group 1-471,text,true,163,482,482,0
1435652040344,15194,OS Process Sampler,1,OK,Thread Group 1-473,text,true,163,481,481,0
1435652040303,15236,OS Process Sampler,1,OK,Thread Group 1-470,text,true,163,480,480,0
1435652040300,15249,OS Process Sampler,1,OK,Thread Group 1-469,text,true,163,479,479,0
1435652040272,15279,OS Process Sampler,1,OK,Thread Group 1-467,text,true,163,478,478,0
1435652040268,15283,OS Process Sampler,1,OK,Thread Group 1-466,text,true,163,477,477,0
1435652040203,15349,OS Process Sampler,1,OK,Thread Group 1-460,text,true,163,476,476,0
1435652040252,15300,OS Process Sampler,1,OK,Thread Group 1-465,text,true,163,475,475,0
1435652040242,15311,OS Process Sampler,1,OK,Thread Group 1-464,text,true,163,474,474,0
1435652040235,15318,OS Process Sampler,1,OK,Thread Group 1-463,text,true,163,473,473,0
1435652040192,15365,OS Process Sampler,1,OK,Thread Group 1-459,text,true,163,472,472,0
1435652040186,15374,OS Process Sampler,1,OK,Thread Group 1-458,text,true,163,471,471,0
1435652040170,15403,OS Process Sampler,1,OK,Thread Group 1-456,text,true,163,470,470,0
1435652040222,15354,OS Process Sampler,1,OK,Thread Group 1-462,text,true,163,469,469,0
1435652040154,15427,OS Process Sampler,1,OK,Thread Group 1-455,text,true,163,468,468,0
1435652040142,15447,OS Process Sampler,1,OK,Thread Group 1-454,text,true,163,468,468,0
1435652040172,15418,OS Process Sampler,1,OK,Thread Group 1-457,text,true,163,468,468,0
1435652040122,15468,OS Process Sampler,1,OK,Thread Group 1-452,text,true,163,468,468,0
1435652040112,15478,OS Process Sampler,1,OK,Thread Group 1-451,text,true,163,468,468,0
1435652040092,15501,OS Process Sampler,1,OK,Thread Group 1-449,text,true,163,468,468,0
1435652040105,15488,OS Process Sampler,1,OK,Thread Group 1-450,text,true,163,468,468,0
1435652040138,15456,OS Process Sampler,1,OK,Thread Group 1-453,text,true,163,461,461,0
1435652040061,15534,OS Process Sampler,1,OK,Thread Group 1-446,text,true,163,460,460,0
1435652040219,15342,OS Process Sampler,1,OK,Thread Group 1-461,text,true,163,470,470,0
1435652040089,15506,OS Process Sampler,1,OK,Thread Group 1-448,text,true,163,458,458,0
1435652040057,15539,OS Process Sampler,1,OK,Thread Group 1-445,text,true,163,457,457,0
1435652040041,15555,OS Process Sampler,1,OK,Thread Group 1-444,text,true,163,456,456,0
1435652040073,15533,OS Process Sampler,1,OK,Thread Group 1-447,text,true,163,455,455,0
1435652040032,15574,OS Process Sampler,1,OK,Thread Group 1-443,text,true,163,454,454,0
1435652040016,15626,OS Process Sampler,1,OK,Thread Group 1-441,text,true,163,453,453,0
1435652040001,15642,OS Process Sampler,1,OK,Thread Group 1-440,text,true,163,452,452,0
1435652039858,15785,OS Process Sampler,1,OK,Thread Group 1-425,text,true,163,451,451,0
1435652039992,15652,OS Process Sampler,1,OK,Thread Group 1-438,text,true,163,450,450,0
1435652039992,15652,OS Process Sampler,1,OK,Thread Group 1-439,text,true,163,449,449,0
1435652039971,15673,OS Process Sampler,1,OK,Thread Group 1-437,text,true,163,448,448,0
1435652039961,15684,OS Process Sampler,1,OK,Thread Group 1-436,text,true,163,447,447,0
1435652039955,15690,OS Process Sampler,1,OK,Thread Group 1-435,text,true,163,446,446,0
1435652039941,15704,OS Process Sampler,1,OK,Thread Group 1-434,text,true,163,445,445,0
1435652039939,15706,OS Process Sampler,1,OK,Thread Group 1-433,text,true,163,444,444,0
1435652039923,15731,OS Process Sampler,1,OK,Thread Group 1-432,text,true,163,443,443,0
1435652039911,15743,OS Process Sampler,1,OK,Thread Group 1-431,text,true,163,442,442,0
1435652039907,15748,OS Process Sampler,1,OK,Thread Group 1-430,text,true,163,441,441,0
1435652039881,15774,OS Process Sampler,1,OK,Thread Group 1-428,text,true,163,440,440,0
1435652039891,15764,OS Process Sampler,1,OK,Thread Group 1-429,text,true,163,439,439,0
1435652039874,15781,OS Process Sampler,1,OK,Thread Group 1-427,text,true,163,438,438,0
1435652040021,15649,OS Process Sampler,1,OK,Thread Group 1-442,text,true,163,437,437,0
1435652039861,15811,OS Process Sampler,1,OK,Thread Group 1-426,text,true,163,436,436,0
1435652040693,14980,OS Process Sampler,1,OK,Thread Group 1-509,text,true,163,435,435,0
1435652050563,5110,OS Process Sampler,1,OK,Thread Group 1-876,text,true,163,434,434,0
1435652044378,11295,OS Process Sampler,1,OK,Thread Group 1-863,text,true,163,433,433,0
1435652044345,11329,OS Process Sampler,1,OK,Thread Group 1-860,text,true,163,432,432,0
1435652044281,11393,OS Process Sampler,1,OK,Thread Group 1-854,text,true,163,431,431,0
1435652050563,5111,OS Process Sampler,1,OK,Thread Group 1-877,text,true,163,430,430,0
1435652050551,5124,OS Process Sampler,1,OK,Thread Group 1-879,text,true,163,429,429,0
1435652050541,5134,OS Process Sampler,1,OK,Thread Group 1-934,text,true,163,428,428,0
1435652050547,5128,OS Process Sampler,1,OK,Thread Group 1-897,text,true,163,427,427,0
1435652049087,6588,OS Process Sampler,1,OK,Thread Group 1-944,text,true,163,426,426,0
1435652049087,6589,OS Process Sampler,1,OK,Thread Group 1-946,text,true,163,425,425,0
1435652049086,6590,OS Process Sampler,1,OK,Thread Group 1-949,text,true,163,424,424,0
1435652049086,6590,OS Process Sampler,1,OK,Thread Group 1-950,text,true,163,423,423,0
1435652049085,6601,OS Process Sampler,1,OK,Thread Group 1-954,text,true,163,422,422,0
1435652049084,6603,OS Process Sampler,1,OK,Thread Group 1-958,text,true,163,421,421,0
1435652049084,6603,OS Process Sampler,1,OK,Thread Group 1-961,text,true,163,420,420,0
1435652049083,6604,OS Process Sampler,1,OK,Thread Group 1-965,text,true,163,419,419,0
1435652049082,6605,OS Process Sampler,1,OK,Thread Group 1-970,text,true,163,418,418,0
1435652049082,6606,OS Process Sampler,1,OK,Thread Group 1-972,text,true,163,417,417,0
1435652049081,6607,OS Process Sampler,1,OK,Thread Group 1-973,text,true,163,416,416,0
1435652050540,5149,OS Process Sampler,1,OK,Thread Group 1-935,text,true,163,415,415,0
1435652052768,2921,OS Process Sampler,1,OK,Thread Group 1-878,text,true,163,414,414,0
1435652050565,5126,OS Process Sampler,1,OK,Thread Group 1-866,text,true,163,413,413,0
1435652050565,5127,OS Process Sampler,1,OK,Thread Group 1-867,text,true,163,412,412,0
1435652050565,5129,OS Process Sampler,1,OK,Thread Group 1-868,text,true,163,411,411,0
1435652050564,5141,OS Process Sampler,1,OK,Thread Group 1-870,text,true,163,410,410,0
1435652050564,5143,OS Process Sampler,1,OK,Thread Group 1-871,text,true,163,409,409,0
1435652050564,5146,OS Process Sampler,1,OK,Thread Group 1-872,text,true,163,408,408,0
1435652050564,5156,OS Process Sampler,1,OK,Thread Group 1-873,text,true,163,407,407,0
1435652050564,5158,OS Process Sampler,1,OK,Thread Group 1-874,text,true,163,406,406,0
1435652050564,5158,OS Process Sampler,1,OK,Thread Group 1-875,text,true,163,405,405,0
1435652050551,5171,OS Process Sampler,1,OK,Thread Group 1-880,text,true,163,404,404,0
1435652050550,5172,OS Process Sampler,1,OK,Thread Group 1-881,text,true,163,403,403,0
1435652050550,5173,OS Process Sampler,1,OK,Thread Group 1-882,text,true,163,402,402,0
1435652050550,5173,OS Process Sampler,1,OK,Thread Group 1-883,text,true,163,401,401,0
1435652050565,5158,OS Process Sampler,1,OK,Thread Group 1-869,text,true,163,400,400,0
1435652050550,5174,OS Process Sampler,1,OK,Thread Group 1-884,text,true,163,399,399,0
1435652050550,5174,OS Process Sampler,1,OK,Thread Group 1-885,text,true,163,398,398,0
1435652050549,5175,OS Process Sampler,1,OK,Thread Group 1-886,text,true,163,397,397,0
1435652050549,5176,OS Process Sampler,1,OK,Thread Group 1-887,text,true,163,396,396,0
1435652050549,5176,OS Process Sampler,1,OK,Thread Group 1-888,text,true,163,395,395,0
1435652050548,5177,OS Process Sampler,1,OK,Thread Group 1-895,text,true,163,394,394,0
1435652050540,5186,OS Process Sampler,1,OK,Thread Group 1-937,text,true,163,393,393,0
1435652043984,11742,OS Process Sampler,1,OK,Thread Group 1-765,text,true,163,392,392,0
1435652050545,5181,OS Process Sampler,1,OK,Thread Group 1-909,text,true,163,391,391,0
1435652050549,5177,OS Process Sampler,1,OK,Thread Group 1-889,text,true,163,390,390,0
1435652050548,5191,OS Process Sampler,1,OK,Thread Group 1-891,text,true,163,389,389,0
1435652050548,5192,OS Process Sampler,1,OK,Thread Group 1-892,text,true,163,388,388,0
1435652050548,5192,OS Process Sampler,1,OK,Thread Group 1-893,text,true,163,387,387,0
1435652050548,5192,OS Process Sampler,1,OK,Thread Group 1-894,text,true,163,386,386,0
1435652050548,5193,OS Process Sampler,1,OK,Thread Group 1-896,text,true,163,385,385,0
1435652050547,5194,OS Process Sampler,1,OK,Thread Group 1-898,text,true,163,384,384,0
1435652050547,5194,OS Process Sampler,1,OK,Thread Group 1-899,text,true,163,383,383,0
1435652050549,5178,OS Process Sampler,1,OK,Thread Group 1-890,text,true,163,389,382,0
1435652050547,5195,OS Process Sampler,1,OK,Thread Group 1-900,text,true,163,381,381,0
1435652050547,5195,OS Process Sampler,1,OK,Thread Group 1-901,text,true,163,380,380,0
1435652050546,5196,OS Process Sampler,1,OK,Thread Group 1-902,text,true,163,379,379,0
1435652050546,5196,OS Process Sampler,1,OK,Thread Group 1-903,text,true,163,378,378,0
1435652050546,5197,OS Process Sampler,1,OK,Thread Group 1-904,text,true,163,377,377,0
1435652050546,5197,OS Process Sampler,1,OK,Thread Group 1-905,text,true,163,376,376,0
1435652050546,5197,OS Process Sampler,1,OK,Thread Group 1-906,text,true,163,375,375,0
1435652050546,5198,OS Process Sampler,1,OK,Thread Group 1-907,text,true,163,374,374,0
1435652050545,5199,OS Process Sampler,1,OK,Thread Group 1-908,text,true,163,373,373,0
1435652050545,5199,OS Process Sampler,1,OK,Thread Group 1-910,text,true,163,372,372,0
1435652050545,5199,OS Process Sampler,1,OK,Thread Group 1-911,text,true,163,371,371,0
1435652050545,5200,OS Process Sampler,1,OK,Thread Group 1-912,text,true,163,370,370,0
1435652050544,5201,OS Process Sampler,1,OK,Thread Group 1-913,text,true,163,369,369,0
1435652050544,5201,OS Process Sampler,1,OK,Thread Group 1-914,text,true,163,368,368,0
1435652050544,5202,OS Process Sampler,1,OK,Thread Group 1-915,text,true,163,367,367,0
1435652050544,5202,OS Process Sampler,1,OK,Thread Group 1-916,text,true,163,366,366,0
1435652050544,5202,OS Process Sampler,1,OK,Thread Group 1-917,text,true,163,365,365,0
1435652050544,5202,OS Process Sampler,1,OK,Thread Group 1-918,text,true,163,364,364,0
1435652050543,5204,OS Process Sampler,1,OK,Thread Group 1-919,text,true,163,363,363,0
1435652050543,5204,OS Process Sampler,1,OK,Thread Group 1-920,text,true,163,362,362,0
1435652050543,5204,OS Process Sampler,1,OK,Thread Group 1-921,text,true,163,361,361,0
1435652050543,5205,OS Process Sampler,1,OK,Thread Group 1-922,text,true,163,360,360,0
1435652050543,5205,OS Process Sampler,1,OK,Thread Group 1-923,text,true,163,359,359,0
1435652050542,5206,OS Process Sampler,1,OK,Thread Group 1-924,text,true,163,358,358,0
1435652050542,5206,OS Process Sampler,1,OK,Thread Group 1-925,text,true,163,357,357,0
1435652050542,5207,OS Process Sampler,1,OK,Thread Group 1-926,text,true,163,356,356,0
1435652050542,5207,OS Process Sampler,1,OK,Thread Group 1-927,text,true,163,355,355,0
1435652050542,5207,OS Process Sampler,1,OK,Thread Group 1-928,text,true,163,354,354,0
1435652050541,5209,OS Process Sampler,1,OK,Thread Group 1-929,text,true,163,353,353,0
1435652050541,5209,OS Process Sampler,1,OK,Thread Group 1-930,text,true,163,352,352,0
1435652050541,5209,OS Process Sampler,1,OK,Thread Group 1-931,text,true,163,351,351,0
1435652050541,5209,OS Process Sampler,1,OK,Thread Group 1-932,text,true,163,350,350,0
1435652050541,5210,OS Process Sampler,1,OK,Thread Group 1-933,text,true,163,349,349,0
1435652050540,5211,OS Process Sampler,1,OK,Thread Group 1-936,text,true,163,348,348,0
1435652050540,5223,OS Process Sampler,1,OK,Thread Group 1-754,text,true,163,348,348,0
1435652049080,6686,OS Process Sampler,1,OK,Thread Group 1-981,text,true,163,348,348,0
1435652049080,6686,OS Process Sampler,1,OK,Thread Group 1-982,text,true,163,348,348,0
1435652049080,6686,OS Process Sampler,1,OK,Thread Group 1-983,text,true,163,348,348,0
1435652049079,6687,OS Process Sampler,1,OK,Thread Group 1-984,text,true,163,348,348,0
1435652050539,5228,OS Process Sampler,1,OK,Thread Group 1-938,text,true,163,348,348,0
1435652050539,5228,OS Process Sampler,1,OK,Thread Group 1-939,text,true,163,348,348,0
1435652049069,6699,OS Process Sampler,1,OK,Thread Group 1-993,text,true,163,340,340,0
1435652050539,5230,OS Process Sampler,1,OK,Thread Group 1-940,text,true,163,339,339,0
1435652044016,11753,OS Process Sampler,1,OK,Thread Group 1-686,text,true,163,338,338,0
1435652044329,11440,OS Process Sampler,1,OK,Thread Group 1-858,text,true,163,337,337,0
1435652044025,11744,OS Process Sampler,1,OK,Thread Group 1-830,text,true,163,336,336,0
1435652044015,11755,OS Process Sampler,1,OK,Thread Group 1-690,text,true,163,335,335,0
1435652043999,11771,OS Process Sampler,1,OK,Thread Group 1-731,text,true,163,334,334,0
1435652049071,6699,OS Process Sampler,1,OK,Thread Group 1-986,text,true,163,333,333,0
1435652049071,6699,OS Process Sampler,1,OK,Thread Group 1-987,text,true,163,332,332,0
1435652049071,6700,OS Process Sampler,1,OK,Thread Group 1-988,text,true,163,331,331,0
1435652049070,6701,OS Process Sampler,1,OK,Thread Group 1-989,text,true,163,330,330,0
1435652049070,6710,OS Process Sampler,1,OK,Thread Group 1-990,text,true,163,329,329,0
1435652049070,6710,OS Process Sampler,1,OK,Thread Group 1-991,text,true,163,328,328,0
1435652049070,6710,OS Process Sampler,1,OK,Thread Group 1-992,text,true,163,327,327,0
1435652049069,6711,OS Process Sampler,1,OK,Thread Group 1-994,text,true,163,326,326,0
1435652046895,8876,OS Process Sampler,1,OK,Thread Group 1-865,text,true,163,325,325,0
1435652049069,6712,OS Process Sampler,1,OK,Thread Group 1-995,text,true,163,324,324,0
1435652046661,9120,OS Process Sampler,1,OK,Thread Group 1-764,text,true,163,323,323,0
1435652049069,6713,OS Process Sampler,1,OK,Thread Group 1-996,text,true,163,322,322,0
1435652044362,11420,OS Process Sampler,1,OK,Thread Group 1-862,text,true,163,321,321,0
1435652044351,11431,OS Process Sampler,1,OK,Thread Group 1-861,text,true,163,320,320,0
1435652044331,11451,OS Process Sampler,1,OK,Thread Group 1-859,text,true,163,319,319,0
1435652044313,11470,OS Process Sampler,1,OK,Thread Group 1-857,text,true,163,318,318,0
1435652044300,11483,OS Process Sampler,1,OK,Thread Group 1-856,text,true,163,317,317,0
1435652044297,11486,OS Process Sampler,1,OK,Thread Group 1-855,text,true,163,316,316,0
1435652044269,11516,OS Process Sampler,1,OK,Thread Group 1-853,text,true,163,315,315,0
1435652044264,11521,OS Process Sampler,1,OK,Thread Group 1-852,text,true,163,314,314,0
1435652044249,11536,OS Process Sampler,1,OK,Thread Group 1-851,text,true,163,313,313,0
1435652044248,11538,OS Process Sampler,1,OK,Thread Group 1-850,text,true,163,312,312,0
1435652044228,11558,OS Process Sampler,1,OK,Thread Group 1-849,text,true,163,311,311,0
1435652044224,11562,OS Process Sampler,1,OK,Thread Group 1-848,text,true,163,310,310,0
1435652044208,11579,OS Process Sampler,1,OK,Thread Group 1-847,text,true,163,309,309,0
1435652044198,11590,OS Process Sampler,1,OK,Thread Group 1-846,text,true,163,308,308,0
1435652044191,11597,OS Process Sampler,1,OK,Thread Group 1-845,text,true,163,307,307,0
1435652044177,11611,OS Process Sampler,1,OK,Thread Group 1-844,text,true,163,306,306,0
1435652044167,11622,OS Process Sampler,1,OK,Thread Group 1-843,text,true,163,305,305,0
1435652044157,11632,OS Process Sampler,1,OK,Thread Group 1-842,text,true,163,304,304,0
1435652044151,11639,OS Process Sampler,1,OK,Thread Group 1-841,text,true,163,303,303,0
1435652044136,11655,OS Process Sampler,1,OK,Thread Group 1-840,text,true,163,302,302,0
1435652044127,11664,OS Process Sampler,1,OK,Thread Group 1-839,text,true,163,301,301,0
1435652044106,11698,OS Process Sampler,1,OK,Thread Group 1-837,text,true,163,300,300,0
1435652044095,11710,OS Process Sampler,1,OK,Thread Group 1-836,text,true,163,299,299,0
1435652044090,11715,OS Process Sampler,1,OK,Thread Group 1-835,text,true,163,298,298,0
1435652044075,11731,OS Process Sampler,1,OK,Thread Group 1-834,text,true,163,297,297,0
1435652044064,11742,OS Process Sampler,1,OK,Thread Group 1-833,text,true,163,296,296,0
1435652044058,11748,OS Process Sampler,1,OK,Thread Group 1-832,text,true,163,295,295,0
1435652044041,11766,OS Process Sampler,1,OK,Thread Group 1-831,text,true,163,294,294,0
1435652044026,11781,OS Process Sampler,1,OK,Thread Group 1-802,text,true,163,293,293,0
1435652044026,11781,OS Process Sampler,1,OK,Thread Group 1-676,text,true,163,292,292,0
1435652044126,11681,OS Process Sampler,1,OK,Thread Group 1-838,text,true,163,291,291,0
1435652044026,11782,OS Process Sampler,1,OK,Thread Group 1-677,text,true,163,290,290,0
1435652044026,11782,OS Process Sampler,1,OK,Thread Group 1-678,text,true,163,289,289,0
1435652044026,11782,OS Process Sampler,1,OK,Thread Group 1-679,text,true,163,288,288,0
1435652044017,11791,OS Process Sampler,1,OK,Thread Group 1-681,text,true,163,287,287,0
1435652044017,11792,OS Process Sampler,1,OK,Thread Group 1-682,text,true,163,286,286,0
1435652044016,11793,OS Process Sampler,1,OK,Thread Group 1-683,text,true,163,285,285,0
1435652044016,11793,OS Process Sampler,1,OK,Thread Group 1-684,text,true,163,284,284,0
1435652044016,11794,OS Process Sampler,1,OK,Thread Group 1-685,text,true,163,283,283,0
1435652044016,11794,OS Process Sampler,1,OK,Thread Group 1-687,text,true,163,282,282,0
1435652044016,11794,OS Process Sampler,1,OK,Thread Group 1-688,text,true,163,281,281,0
1435652044015,11795,OS Process Sampler,1,OK,Thread Group 1-689,text,true,163,280,280,0
1435652044015,11796,OS Process Sampler,1,OK,Thread Group 1-829,text,true,163,279,279,0
1435652044015,11796,OS Process Sampler,1,OK,Thread Group 1-692,text,true,163,278,278,0
1435652044014,11797,OS Process Sampler,1,OK,Thread Group 1-694,text,true,163,277,277,0
1435652044014,11798,OS Process Sampler,1,OK,Thread Group 1-691,text,true,163,276,276,0
1435652044014,11798,OS Process Sampler,1,OK,Thread Group 1-695,text,true,163,275,275,0
1435652044014,11798,OS Process Sampler,1,OK,Thread Group 1-696,text,true,163,274,274,0
1435652044014,11798,OS Process Sampler,1,OK,Thread Group 1-697,text,true,163,273,273,0
1435652044013,11802,OS Process Sampler,1,OK,Thread Group 1-698,text,true,163,272,272,0
1435652044013,11802,OS Process Sampler,1,OK,Thread Group 1-699,text,true,163,271,271,0
1435652044013,11802,OS Process Sampler,1,OK,Thread Group 1-700,text,true,163,270,270,0
1435652044013,11803,OS Process Sampler,1,OK,Thread Group 1-701,text,true,163,269,269,0
1435652044012,11816,OS Process Sampler,1,OK,Thread Group 1-703,text,true,163,268,268,0
1435652044012,11817,OS Process Sampler,1,OK,Thread Group 1-704,text,true,163,267,267,0
1435652044012,11817,OS Process Sampler,1,OK,Thread Group 1-705,text,true,163,266,266,0
1435652044012,11817,OS Process Sampler,1,OK,Thread Group 1-706,text,true,163,265,265,0
1435652044012,11817,OS Process Sampler,1,OK,Thread Group 1-707,text,true,163,264,264,0
1435652044012,11818,OS Process Sampler,1,OK,Thread Group 1-708,text,true,163,263,263,0
1435652044011,11819,OS Process Sampler,1,OK,Thread Group 1-709,text,true,163,262,262,0
1435652044013,11817,OS Process Sampler,1,OK,Thread Group 1-702,text,true,163,261,261,0
1435652044011,11827,OS Process Sampler,1,OK,Thread Group 1-710,text,true,163,260,260,0
1435652044011,11828,OS Process Sampler,1,OK,Thread Group 1-711,text,true,163,259,259,0
1435652044011,11828,OS Process Sampler,1,OK,Thread Group 1-712,text,true,163,258,258,0
1435652044011,11843,OS Process Sampler,1,OK,Thread Group 1-713,text,true,163,257,257,0
1435652044010,11846,OS Process Sampler,1,OK,Thread Group 1-714,text,true,163,256,256,0
1435652044010,11847,OS Process Sampler,1,OK,Thread Group 1-715,text,true,163,255,255,0
1435652044010,11848,OS Process Sampler,1,OK,Thread Group 1-716,text,true,163,254,254,0
1435652044010,11849,OS Process Sampler,1,OK,Thread Group 1-717,text,true,163,253,253,0
1435652044010,11850,OS Process Sampler,1,OK,Thread Group 1-718,text,true,163,252,252,0
1435652044009,11854,OS Process Sampler,1,OK,Thread Group 1-719,text,true,163,251,251,0
1435652044009,11855,OS Process Sampler,1,OK,Thread Group 1-720,text,true,163,250,250,0
1435652044009,11866,OS Process Sampler,1,OK,Thread Group 1-828,text,true,163,249,249,0
1435652044009,11867,OS Process Sampler,1,OK,Thread Group 1-721,text,true,163,248,248,0
1435652044001,11885,OS Process Sampler,1,OK,Thread Group 1-722,text,true,163,247,247,0
1435652044000,11888,OS Process Sampler,1,OK,Thread Group 1-724,text,true,163,246,246,0
1435652044000,11902,OS Process Sampler,1,OK,Thread Group 1-725,text,true,163,245,245,0
1435652044000,11904,OS Process Sampler,1,OK,Thread Group 1-726,text,true,163,244,244,0
1435652044000,11905,OS Process Sampler,1,OK,Thread Group 1-727,text,true,163,243,243,0
1435652043999,11908,OS Process Sampler,1,OK,Thread Group 1-728,text,true,163,242,242,0
1435652044000,11907,OS Process Sampler,1,OK,Thread Group 1-723,text,true,163,241,241,0
1435652043999,11908,OS Process Sampler,1,OK,Thread Group 1-729,text,true,163,240,240,0
1435652043999,11908,OS Process Sampler,1,OK,Thread Group 1-730,text,true,163,239,239,0
1435652043999,11909,OS Process Sampler,1,OK,Thread Group 1-732,text,true,163,238,238,0
1435652043999,11909,OS Process Sampler,1,OK,Thread Group 1-733,text,true,163,237,237,0
1435652043998,11910,OS Process Sampler,1,OK,Thread Group 1-734,text,true,163,236,236,0
1435652043998,11910,OS Process Sampler,1,OK,Thread Group 1-735,text,true,163,235,235,0
1435652043998,11911,OS Process Sampler,1,OK,Thread Group 1-736,text,true,163,234,234,0
1435652043998,11911,OS Process Sampler,1,OK,Thread Group 1-738,text,true,163,233,233,0
1435652043997,11912,OS Process Sampler,1,OK,Thread Group 1-739,text,true,163,232,232,0
1435652043997,11913,OS Process Sampler,1,OK,Thread Group 1-740,text,true,163,231,231,0
1435652043997,11913,OS Process Sampler,1,OK,Thread Group 1-741,text,true,163,230,230,0
1435652043997,11913,OS Process Sampler,1,OK,Thread Group 1-742,text,true,163,229,229,0
1435652043997,11914,OS Process Sampler,1,OK,Thread Group 1-743,text,true,163,228,228,0
1435652043996,11915,OS Process Sampler,1,OK,Thread Group 1-744,text,true,163,227,227,0
1435652043996,11915,OS Process Sampler,1,OK,Thread Group 1-745,text,true,163,226,226,0
1435652043996,11915,OS Process Sampler,1,OK,Thread Group 1-748,text,true,163,225,225,0
1435652043995,11917,OS Process Sampler,1,OK,Thread Group 1-750,text,true,163,224,224,0
1435652043995,11917,OS Process Sampler,1,OK,Thread Group 1-751,text,true,163,223,223,0
1435652043995,11917,OS Process Sampler,1,OK,Thread Group 1-752,text,true,163,222,222,0
1435652043995,11917,OS Process Sampler,1,OK,Thread Group 1-753,text,true,163,221,221,0
1435652043994,11929,OS Process Sampler,1,OK,Thread Group 1-755,text,true,163,220,220,0
1435652043994,11929,OS Process Sampler,1,OK,Thread Group 1-756,text,true,163,219,219,0
1435652043994,11930,OS Process Sampler,1,OK,Thread Group 1-757,text,true,163,218,218,0
1435652043994,11930,OS Process Sampler,1,OK,Thread Group 1-827,text,true,163,217,217,0
1435652043994,11930,OS Process Sampler,1,OK,Thread Group 1-758,text,true,163,216,216,0
1435652043994,11931,OS Process Sampler,1,OK,Thread Group 1-759,text,true,163,215,215,0
1435652043993,11932,OS Process Sampler,1,OK,Thread Group 1-761,text,true,163,214,214,0
1435652043993,11932,OS Process Sampler,1,OK,Thread Group 1-763,text,true,163,213,213,0
1435652043984,11941,OS Process Sampler,1,OK,Thread Group 1-766,text,true,163,212,212,0
1435652043984,11942,OS Process Sampler,1,OK,Thread Group 1-826,text,true,163,211,211,0
1435652043984,11942,OS Process Sampler,1,OK,Thread Group 1-767,text,true,163,210,210,0
1435652043983,11943,OS Process Sampler,1,OK,Thread Group 1-768,text,true,163,209,209,0
1435652043983,11944,OS Process Sampler,1,OK,Thread Group 1-769,text,true,163,208,208,0
1435652043983,11944,OS Process Sampler,1,OK,Thread Group 1-770,text,true,163,207,207,0
1435652043983,11944,OS Process Sampler,1,OK,Thread Group 1-771,text,true,163,206,206,0
1435652043983,11944,OS Process Sampler,1,OK,Thread Group 1-772,text,true,163,205,205,0
1435652043983,11945,OS Process Sampler,1,OK,Thread Group 1-773,text,true,163,204,204,0
1435652043982,11946,OS Process Sampler,1,OK,Thread Group 1-774,text,true,163,203,203,0
1435652043982,11946,OS Process Sampler,1,OK,Thread Group 1-775,text,true,163,202,202,0
1435652043982,11946,OS Process Sampler,1,OK,Thread Group 1-776,text,true,163,201,201,0
1435652043982,11947,OS Process Sampler,1,OK,Thread Group 1-777,text,true,163,200,200,0
1435652043982,11947,OS Process Sampler,1,OK,Thread Group 1-778,text,true,163,199,199,0
1435652043981,11948,OS Process Sampler,1,OK,Thread Group 1-779,text,true,163,198,198,0
1435652043981,11961,OS Process Sampler,1,OK,Thread Group 1-780,text,true,163,197,197,0
1435652043981,11961,OS Process Sampler,1,OK,Thread Group 1-781,text,true,163,196,196,0
1435652043981,11961,OS Process Sampler,1,OK,Thread Group 1-782,text,true,163,195,195,0
1435652043981,11962,OS Process Sampler,1,OK,Thread Group 1-783,text,true,163,194,194,0
1435652043981,11962,OS Process Sampler,1,OK,Thread Group 1-784,text,true,163,193,193,0
1435652043980,11963,OS Process Sampler,1,OK,Thread Group 1-785,text,true,163,192,192,0
1435652043980,11963,OS Process Sampler,1,OK,Thread Group 1-787,text,true,163,191,191,0
1435652043980,11964,OS Process Sampler,1,OK,Thread Group 1-788,text,true,163,190,190,0
1435652043980,11964,OS Process Sampler,1,OK,Thread Group 1-789,text,true,163,189,189,0
1435652043980,11964,OS Process Sampler,1,OK,Thread Group 1-790,text,true,163,188,188,0
1435652043979,11966,OS Process Sampler,1,OK,Thread Group 1-791,text,true,163,187,187,0
1435652043979,11966,OS Process Sampler,1,OK,Thread Group 1-792,text,true,163,186,186,0
1435652043979,11966,OS Process Sampler,1,OK,Thread Group 1-793,text,true,163,185,185,0
1435652043979,11966,OS Process Sampler,1,OK,Thread Group 1-794,text,true,163,184,184,0
1435652043978,11968,OS Process Sampler,1,OK,Thread Group 1-795,text,true,163,183,183,0
1435652043978,11968,OS Process Sampler,1,OK,Thread Group 1-796,text,true,163,182,182,0
1435652043978,11968,OS Process Sampler,1,OK,Thread Group 1-797,text,true,163,181,181,0
1435652043978,11969,OS Process Sampler,1,OK,Thread Group 1-799,text,true,163,180,180,0
1435652043978,11969,OS Process Sampler,1,OK,Thread Group 1-800,text,true,163,179,179,0
1435652043977,11970,OS Process Sampler,1,OK,Thread Group 1-801,text,true,163,178,178,0
1435652043977,11970,OS Process Sampler,1,OK,Thread Group 1-804,text,true,163,177,177,0
1435652043977,11971,OS Process Sampler,1,OK,Thread Group 1-805,text,true,163,176,176,0
1435652043977,11972,OS Process Sampler,1,OK,Thread Group 1-825,text,true,163,175,175,0
1435652043960,11989,OS Process Sampler,1,OK,Thread Group 1-823,text,true,163,174,174,0
1435652043944,12005,OS Process Sampler,1,OK,Thread Group 1-822,text,true,163,173,173,0
1435652043919,12031,OS Process Sampler,1,OK,Thread Group 1-820,text,true,163,172,172,0
1435652043871,12087,OS Process Sampler,1,OK,Thread Group 1-815,text,true,163,171,171,0
1435652043857,12101,OS Process Sampler,1,OK,Thread Group 1-674,text,true,163,170,170,0
1435652043857,12102,OS Process Sampler,1,OK,Thread Group 1-809,text,true,163,169,169,0
1435652042363,13596,OS Process Sampler,1,OK,Thread Group 1-672,text,true,163,168,168,0
1435652042254,13705,OS Process Sampler,1,OK,Thread Group 1-662,text,true,163,167,167,0
1435652043857,12106,OS Process Sampler,1,OK,Thread Group 1-806,text,true,163,166,166,0
1435652043912,12051,OS Process Sampler,1,OK,Thread Group 1-819,text,true,163,165,165,0
1435652042141,13823,OS Process Sampler,1,OK,Thread Group 1-651,text,true,163,164,164,0
1435652049086,6878,OS Process Sampler,1,OK,Thread Group 1-951,text,true,163,163,163,0
1435652049085,6879,OS Process Sampler,1,OK,Thread Group 1-952,text,true,163,162,162,0
1435652049085,6880,OS Process Sampler,1,OK,Thread Group 1-953,text,true,163,161,161,0
1435652049085,6880,OS Process Sampler,1,OK,Thread Group 1-955,text,true,163,160,160,0
1435652049085,6880,OS Process Sampler,1,OK,Thread Group 1-956,text,true,163,159,159,0
1435652049084,6882,OS Process Sampler,1,OK,Thread Group 1-957,text,true,163,158,158,0
1435652049084,6882,OS Process Sampler,1,OK,Thread Group 1-959,text,true,163,157,157,0
1435652049084,6882,OS Process Sampler,1,OK,Thread Group 1-960,text,true,163,156,156,0
1435652049083,6883,OS Process Sampler,1,OK,Thread Group 1-962,text,true,163,155,155,0
1435652049083,6884,OS Process Sampler,1,OK,Thread Group 1-963,text,true,163,154,154,0
1435652049083,6884,OS Process Sampler,1,OK,Thread Group 1-964,text,true,163,153,153,0
1435652049083,6884,OS Process Sampler,1,OK,Thread Group 1-966,text,true,163,152,152,0
1435652049083,6884,OS Process Sampler,1,OK,Thread Group 1-967,text,true,163,151,151,0
1435652049082,6886,OS Process Sampler,1,OK,Thread Group 1-968,text,true,163,150,150,0
1435652049082,6886,OS Process Sampler,1,OK,Thread Group 1-969,text,true,163,149,149,0
1435652049082,6886,OS Process Sampler,1,OK,Thread Group 1-971,text,true,163,148,148,0
1435652049071,6898,OS Process Sampler,1,OK,Thread Group 1-985,text,true,163,147,147,0
1435652049086,6883,OS Process Sampler,1,OK,Thread Group 1-947,text,true,163,146,146,0
1435652049086,6883,OS Process Sampler,1,OK,Thread Group 1-948,text,true,163,145,145,0
1435652049081,6889,OS Process Sampler,1,OK,Thread Group 1-974,text,true,163,144,144,0
1435652049081,6889,OS Process Sampler,1,OK,Thread Group 1-975,text,true,163,143,143,0
1435652049081,6901,OS Process Sampler,1,OK,Thread Group 1-977,text,true,163,142,142,0
1435652049081,6902,OS Process Sampler,1,OK,Thread Group 1-976,text,true,163,141,141,0
1435652049081,6902,OS Process Sampler,1,OK,Thread Group 1-978,text,true,163,140,140,0
1435652049080,6903,OS Process Sampler,1,OK,Thread Group 1-979,text,true,163,139,139,0
1435652049080,6903,OS Process Sampler,1,OK,Thread Group 1-980,text,true,163,138,138,0
1435652044015,11969,OS Process Sampler,1,OK,Thread Group 1-693,text,true,163,137,137,0
1435652043998,11986,OS Process Sampler,1,OK,Thread Group 1-737,text,true,163,136,136,0
1435652043996,11988,OS Process Sampler,1,OK,Thread Group 1-746,text,true,163,135,135,0
1435652043996,11989,OS Process Sampler,1,OK,Thread Group 1-747,text,true,163,134,134,0
1435652043995,11990,OS Process Sampler,1,OK,Thread Group 1-749,text,true,163,133,133,0
1435652043993,11992,OS Process Sampler,1,OK,Thread Group 1-760,text,true,163,132,132,0
1435652043993,11992,OS Process Sampler,1,OK,Thread Group 1-762,text,true,163,131,131,0
1435652043980,12006,OS Process Sampler,1,OK,Thread Group 1-786,text,true,163,130,130,0
1435652043978,12008,OS Process Sampler,1,OK,Thread Group 1-798,text,true,163,129,129,0
1435652043977,12009,OS Process Sampler,1,OK,Thread Group 1-803,text,true,163,128,128,0
1435652050567,5420,OS Process Sampler,1,OK,Thread Group 1-941,text,true,163,127,127,0
1435652043967,12020,OS Process Sampler,1,OK,Thread Group 1-675,text,true,163,126,126,0
1435652043963,12024,OS Process Sampler,1,OK,Thread Group 1-824,text,true,163,125,125,0
1435652043932,12056,OS Process Sampler,1,OK,Thread Group 1-821,text,true,163,124,124,0
1435652043899,12089,OS Process Sampler,1,OK,Thread Group 1-818,text,true,163,123,123,0
1435652043889,12099,OS Process Sampler,1,OK,Thread Group 1-817,text,true,163,122,122,0
1435652043878,12110,OS Process Sampler,1,OK,Thread Group 1-816,text,true,163,121,121,0
1435652043857,12132,OS Process Sampler,1,OK,Thread Group 1-807,text,true,163,120,120,0
1435652049087,6902,OS Process Sampler,1,OK,Thread Group 1-945,text,true,163,119,119,0
1435652049096,6893,OS Process Sampler,1,OK,Thread Group 1-997,text,true,163,118,118,0
1435652049087,6903,OS Process Sampler,1,OK,Thread Group 1-942,text,true,163,117,117,0
1435652049087,6903,OS Process Sampler,1,OK,Thread Group 1-943,text,true,163,116,116,0
1435652042027,13963,OS Process Sampler,1,OK,Thread Group 1-639,text,true,163,115,115,0
1435652042001,13998,OS Process Sampler,1,OK,Thread Group 1-637,text,true,163,114,114,0
1435652041792,14207,OS Process Sampler,1,OK,Thread Group 1-615,text,true,163,113,113,0
1435652041601,14398,OS Process Sampler,1,OK,Thread Group 1-598,text,true,163,112,112,0
1435652041449,14550,OS Process Sampler,1,OK,Thread Group 1-583,text,true,163,111,111,0
1435652041929,14071,OS Process Sampler,1,OK,Thread Group 1-630,text,true,163,110,110,0
1435652043857,12143,OS Process Sampler,1,OK,Thread Group 1-808,text,true,163,109,109,0
1435652042341,13659,OS Process Sampler,1,OK,Thread Group 1-671,text,true,163,108,108,0
1435652042298,13703,OS Process Sampler,1,OK,Thread Group 1-666,text,true,163,107,107,0
1435652043856,12145,OS Process Sampler,1,OK,Thread Group 1-811,text,true,163,106,106,0
1435652043856,12145,OS Process Sampler,1,OK,Thread Group 1-814,text,true,163,105,105,0
1435652044025,11976,OS Process Sampler,1,OK,Thread Group 1-680,text,true,163,104,104,0
1435652043856,12146,OS Process Sampler,1,OK,Thread Group 1-810,text,true,163,103,103,0
1435652043856,12146,OS Process Sampler,1,OK,Thread Group 1-812,text,true,163,102,102,0
1435652043856,12146,OS Process Sampler,1,OK,Thread Group 1-813,text,true,163,101,101,0
1435652046882,9121,OS Process Sampler,1,OK,Thread Group 1-999,text,true,163,100,100,0
1435652046882,9121,OS Process Sampler,1,OK,Thread Group 1-998,text,true,163,99,99,0
1435652046882,9122,OS Process Sampler,1,OK,Thread Group 1-1000,text,true,163,98,98,0
1435652042011,13994,OS Process Sampler,1,OK,Thread Group 1-638,text,true,163,97,97,0
1435652041994,14012,OS Process Sampler,1,OK,Thread Group 1-636,text,true,163,96,96,0
1435652041980,14026,OS Process Sampler,1,OK,Thread Group 1-635,text,true,163,95,95,0
1435652041974,14042,OS Process Sampler,1,OK,Thread Group 1-634,text,true,163,94,94,0
1435652041959,14057,OS Process Sampler,1,OK,Thread Group 1-633,text,true,163,93,93,0
1435652041954,14063,OS Process Sampler,1,OK,Thread Group 1-632,text,true,163,92,92,0
1435652041909,14109,OS Process Sampler,1,OK,Thread Group 1-628,text,true,163,91,91,0
1435652041905,14114,OS Process Sampler,1,OK,Thread Group 1-627,text,true,163,90,90,0
1435652041889,14131,OS Process Sampler,1,OK,Thread Group 1-626,text,true,163,89,89,0
1435652041879,14141,OS Process Sampler,1,OK,Thread Group 1-625,text,true,163,88,88,0
1435652041873,14149,OS Process Sampler,1,OK,Thread Group 1-624,text,true,163,87,87,0
1435652041859,14163,OS Process Sampler,1,OK,Thread Group 1-623,text,true,163,86,86,0
1435652041857,14165,OS Process Sampler,1,OK,Thread Group 1-622,text,true,163,85,85,0
1435652041840,14182,OS Process Sampler,1,OK,Thread Group 1-621,text,true,163,84,84,0
1435652041829,14194,OS Process Sampler,1,OK,Thread Group 1-620,text,true,163,83,83,0
1435652041824,14199,OS Process Sampler,1,OK,Thread Group 1-619,text,true,163,82,82,0
1435652041808,14215,OS Process Sampler,1,OK,Thread Group 1-618,text,true,163,81,81,0
1435652041798,14226,OS Process Sampler,1,OK,Thread Group 1-617,text,true,163,80,80,0
1435652041760,14264,OS Process Sampler,1,OK,Thread Group 1-614,text,true,163,79,79,0
1435652041689,14335,OS Process Sampler,1,OK,Thread Group 1-607,text,true,163,78,78,0
1435652041620,14405,OS Process Sampler,1,OK,Thread Group 1-600,text,true,163,77,77,0
1435652041560,14466,OS Process Sampler,1,OK,Thread Group 1-594,text,true,163,76,76,0
1435652041536,14499,OS Process Sampler,1,OK,Thread Group 1-591,text,true,163,75,75,0
1435652041755,14282,OS Process Sampler,1,OK,Thread Group 1-613,text,true,163,74,74,0
1435652041939,14099,OS Process Sampler,1,OK,Thread Group 1-631,text,true,163,73,73,0
1435652041739,14299,OS Process Sampler,1,OK,Thread Group 1-612,text,true,163,72,72,0
1435652042286,13753,OS Process Sampler,1,OK,Thread Group 1-665,text,true,163,71,71,0
1435652041505,14534,OS Process Sampler,1,OK,Thread Group 1-587,text,true,163,70,70,0
1435652042271,13769,OS Process Sampler,1,OK,Thread Group 1-664,text,true,163,69,69,0
1435652042261,13780,OS Process Sampler,1,OK,Thread Group 1-663,text,true,163,68,68,0
1435652042241,13800,OS Process Sampler,1,OK,Thread Group 1-661,text,true,163,67,67,0
1435652042211,13831,OS Process Sampler,1,OK,Thread Group 1-658,text,true,163,66,66,0
1435652042209,13833,OS Process Sampler,1,OK,Thread Group 1-657,text,true,163,65,65,0
1435652042190,13852,OS Process Sampler,1,OK,Thread Group 1-656,text,true,163,64,64,0
1435652042180,13862,OS Process Sampler,1,OK,Thread Group 1-655,text,true,163,63,63,0
1435652042173,13870,OS Process Sampler,1,OK,Thread Group 1-654,text,true,163,62,62,0
1435652042160,13883,OS Process Sampler,1,OK,Thread Group 1-653,text,true,163,61,61,0
1435652042152,13900,OS Process Sampler,1,OK,Thread Group 1-652,text,true,163,61,61,0
1435652042136,13916,OS Process Sampler,1,OK,Thread Group 1-650,text,true,163,61,61,0
1435652042120,13932,OS Process Sampler,1,OK,Thread Group 1-649,text,true,163,61,61,0
1435652042120,13933,OS Process Sampler,1,OK,Thread Group 1-648,text,true,163,61,61,0
1435652042100,13953,OS Process Sampler,1,OK,Thread Group 1-647,text,true,163,56,56,0
1435652042096,13957,OS Process Sampler,1,OK,Thread Group 1-646,text,true,163,55,55,0
1435652042080,13974,OS Process Sampler,1,OK,Thread Group 1-645,text,true,163,54,54,0
1435652042079,13975,OS Process Sampler,1,OK,Thread Group 1-644,text,true,163,53,53,0
1435652042060,13994,OS Process Sampler,1,OK,Thread Group 1-643,text,true,163,52,52,0
1435652042050,14005,OS Process Sampler,1,OK,Thread Group 1-642,text,true,163,51,51,0
1435652042043,14012,OS Process Sampler,1,OK,Thread Group 1-641,text,true,163,50,50,0
1435652042030,14025,OS Process Sampler,1,OK,Thread Group 1-640,text,true,163,49,49,0
1435652042234,13822,OS Process Sampler,1,OK,Thread Group 1-660,text,true,163,48,48,0
1435652041739,14317,OS Process Sampler,1,OK,Thread Group 1-611,text,true,163,47,47,0
1435652040875,15182,OS Process Sampler,1,OK,Thread Group 1-525,text,true,163,46,46,0
1435652041921,14136,OS Process Sampler,1,OK,Thread Group 1-629,text,true,163,45,45,0
1435652041720,14337,OS Process Sampler,1,OK,Thread Group 1-610,text,true,163,44,44,0
1435652044382,11675,OS Process Sampler,1,OK,Thread Group 1-864,text,true,163,43,43,0
1435652042339,13719,OS Process Sampler,1,OK,Thread Group 1-670,text,true,163,42,42,0
1435652042321,13737,OS Process Sampler,1,OK,Thread Group 1-669,text,true,163,41,41,0
1435652042315,13743,OS Process Sampler,1,OK,Thread Group 1-668,text,true,163,40,40,0
1435652042301,13758,OS Process Sampler,1,OK,Thread Group 1-667,text,true,163,39,39,0
1435652041792,14267,OS Process Sampler,1,OK,Thread Group 1-616,text,true,163,38,38,0
1435652041682,14377,OS Process Sampler,1,OK,Thread Group 1-606,text,true,163,37,37,0
1435652041669,14399,OS Process Sampler,1,OK,Thread Group 1-605,text,true,163,37,37,0
1435652041650,14418,OS Process Sampler,1,OK,Thread Group 1-603,text,true,163,36,36,0
1435652041640,14428,OS Process Sampler,1,OK,Thread Group 1-602,text,true,163,35,35,0
1435652041634,14434,OS Process Sampler,1,OK,Thread Group 1-601,text,true,163,34,34,0
1435652041540,14529,OS Process Sampler,1,OK,Thread Group 1-592,text,true,163,32,32,0
1435652041699,14370,OS Process Sampler,1,OK,Thread Group 1-608,text,true,163,31,31,0
1435652041590,14479,OS Process Sampler,1,OK,Thread Group 1-597,text,true,163,30,30,0
1435652041585,14485,OS Process Sampler,1,OK,Thread Group 1-596,text,true,163,29,29,0
1435652041570,14500,OS Process Sampler,1,OK,Thread Group 1-595,text,true,163,28,28,0
1435652041552,14518,OS Process Sampler,1,OK,Thread Group 1-593,text,true,163,27,27,0
1435652041520,14550,OS Process Sampler,1,OK,Thread Group 1-590,text,true,163,26,26,0
1435652041511,14560,OS Process Sampler,1,OK,Thread Group 1-589,text,true,163,25,25,0
1435652041505,14566,OS Process Sampler,1,OK,Thread Group 1-588,text,true,163,24,24,0
1435652041480,14591,OS Process Sampler,1,OK,Thread Group 1-586,text,true,163,23,23,0
1435652041469,14603,OS Process Sampler,1,OK,Thread Group 1-585,text,true,163,22,22,0
1435652041463,14609,OS Process Sampler,1,OK,Thread Group 1-584,text,true,163,21,21,0
1435652041447,14626,OS Process Sampler,1,OK,Thread Group 1-582,text,true,163,20,20,0
1435652041431,14642,OS Process Sampler,1,OK,Thread Group 1-581,text,true,163,19,19,0
1435652041419,14665,OS Process Sampler,1,OK,Thread Group 1-580,text,true,163,18,18,0
1435652041377,14707,OS Process Sampler,1,OK,Thread Group 1-576,text,true,163,17,17,0
1435652041370,14714,OS Process Sampler,1,OK,Thread Group 1-575,text,true,163,16,16,0
1435652041338,14747,OS Process Sampler,1,OK,Thread Group 1-572,text,true,163,15,15,0
1435652041327,14758,OS Process Sampler,1,OK,Thread Group 1-571,text,true,163,14,14,0
1435652041321,14767,OS Process Sampler,1,OK,Thread Group 1-570,text,true,163,13,13,0
1435652041415,14673,OS Process Sampler,1,OK,Thread Group 1-579,text,true,163,12,12,0
1435652041357,14732,OS Process Sampler,1,OK,Thread Group 1-574,text,true,163,11,11,0
1435652041398,14691,OS Process Sampler,1,OK,Thread Group 1-578,text,true,163,10,10,0
1435652041387,14702,OS Process Sampler,1,OK,Thread Group 1-577,text,true,163,9,9,0
1435652041257,14833,OS Process Sampler,1,OK,Thread Group 1-564,text,true,163,8,8,0
1435652041247,14857,OS Process Sampler,1,OK,Thread Group 1-563,text,true,163,7,7,0
1435652041289,14815,OS Process Sampler,1,OK,Thread Group 1-567,text,true,163,6,6,0
1435652041277,14828,OS Process Sampler,1,OK,Thread Group 1-566,text,true,163,5,5,0
1435652041273,14832,OS Process Sampler,1,OK,Thread Group 1-565,text,true,163,4,4,0
1435652041307,14799,OS Process Sampler,1,OK,Thread Group 1-569,text,true,163,3,3,0
1435652042221,13885,OS Process Sampler,1,OK,Thread Group 1-659,text,true,163,2,2,0
1435652042363,13778,OS Process Sampler,1,OK,Thread Group 1-673,text,true,163,1,1,0
