1435902759315,3650,OS Process Sampler,0,OK,Thread Group 1-12,text,true,898,51,51,0
1435902759361,3463,OS Process Sampler,0,OK,Thread Group 1-16,text,true,898,51,51,0
1435902759543,3259,OS Process Sampler,0,OK,Thread Group 1-19,text,true,898,51,51,0
1435902759452,3263,OS Process Sampler,0,OK,Thread Group 1-23,text,true,898,51,51,0
1435902759250,3447,OS Process Sampler,0,OK,Thread Group 1-7,text,true,898,51,51,0
1435902759230,3124,OS Process Sampler,0,OK,Thread Group 1-3,text,true,898,51,51,0
1435902759542,2843,OS Process Sampler,0,OK,Thread Group 1-27,text,true,898,51,51,0
1435902759444,3145,OS Process Sampler,0,OK,Thread Group 1-22,text,true,898,51,51,0
1435902759290,2973,OS Process Sampler,0,OK,Thread Group 1-11,text,true,898,51,51,0
1435902759428,3704,OS Process Sampler,0,OK,Thread Group 1-21,text,true,898,42,42,0
1435902759388,3782,OS Process Sampler,0,OK,Thread Group 1-18,text,true,898,41,41,0
1435902759331,3852,OS Process Sampler,0,OK,Thread Group 1-13,text,true,898,40,40,0
1435902759230,4100,OS Process Sampler,0,OK,Thread Group 1-1,text,true,898,39,39,0
1435902759276,4032,OS Process Sampler,0,OK,Thread Group 1-10,text,true,898,39,39,0
1435902759586,3874,OS Process Sampler,0,OK,Thread Group 1-28,text,true,898,37,37,0
1435902759230,4250,OS Process Sampler,0,OK,Thread Group 1-2,text,true,898,36,36,0
1435902759339,4217,OS Process Sampler,0,OK,Thread Group 1-14,text,true,898,36,36,0
1435902759712,3925,OS Process Sampler,0,OK,Thread Group 1-33,text,true,898,35,35,0
1435902759750,3887,OS Process Sampler,0,OK,Thread Group 1-34,text,true,898,34,34,0
1435902759817,3821,OS Process Sampler,0,OK,Thread Group 1-36,text,true,898,33,33,0
1435902759667,3971,OS Process Sampler,0,OK,Thread Group 1-31,text,true,898,32,32,0
1435902759786,3853,OS Process Sampler,0,OK,Thread Group 1-35,text,true,898,31,31,0
1435902759691,3937,OS Process Sampler,0,OK,Thread Group 1-32,text,true,898,34,34,0
1435902759256,4385,OS Process Sampler,0,OK,Thread Group 1-8,text,true,898,29,29,0
1435902759851,3820,OS Process Sampler,0,OK,Thread Group 1-25,text,true,898,29,29,0
1435902759236,4435,OS Process Sampler,0,OK,Thread Group 1-6,text,true,898,28,28,0
1435902759231,4440,OS Process Sampler,0,OK,Thread Group 1-5,text,true,898,27,27,0
1435902759466,4206,OS Process Sampler,0,OK,Thread Group 1-24,text,true,898,26,26,0
1435902759417,4259,OS Process Sampler,0,OK,Thread Group 1-20,text,true,898,25,25,0
1435902759274,4413,OS Process Sampler,0,OK,Thread Group 1-9,text,true,898,24,24,0
1435902759509,4228,OS Process Sampler,0,OK,Thread Group 1-26,text,true,898,23,23,0
1435902760307,3431,OS Process Sampler,0,OK,Thread Group 1-41,text,true,898,22,22,0
1435902759616,4138,OS Process Sampler,0,OK,Thread Group 1-29,text,true,898,21,21,0
1435902759978,3780,OS Process Sampler,0,OK,Thread Group 1-40,text,true,898,20,20,0
1435902759372,4469,OS Process Sampler,0,OK,Thread Group 1-17,text,true,898,19,19,0
1435902759355,4486,OS Process Sampler,0,OK,Thread Group 1-15,text,true,898,18,18,0
1435902759651,4318,OS Process Sampler,0,OK,Thread Group 1-30,text,true,898,17,17,0
1435902760492,3479,OS Process Sampler,0,OK,Thread Group 1-45,text,true,898,16,16,0
1435902759930,4151,OS Process Sampler,0,OK,Thread Group 1-39,text,true,898,15,15,0
1435902760652,3450,OS Process Sampler,0,OK,Thread Group 1-49,text,true,898,14,14,0
1435902759231,4871,OS Process Sampler,0,OK,Thread Group 1-4,text,true,898,13,13,0
1435902759882,4238,OS Process Sampler,0,OK,Thread Group 1-37,text,true,898,12,12,0
1435902760400,3723,OS Process Sampler,0,OK,Thread Group 1-43,text,true,898,11,11,0
1435902759906,4256,OS Process Sampler,0,OK,Thread Group 1-38,text,true,898,10,10,0
1435902760567,3604,OS Process Sampler,0,OK,Thread Group 1-47,text,true,898,9,9,0
1435902760331,3886,OS Process Sampler,0,OK,Thread Group 1-42,text,true,898,9,9,0
1435902760736,3481,OS Process Sampler,0,OK,Thread Group 1-51,text,true,898,8,8,0
1435902760705,3533,OS Process Sampler,0,OK,Thread Group 1-50,text,true,898,7,7,0
1435902760610,3682,OS Process Sampler,0,OK,Thread Group 1-48,text,true,898,6,6,0
1435902760469,3910,OS Process Sampler,0,OK,Thread Group 1-44,text,true,898,14,14,0
1435902760819,3564,OS Process Sampler,0,OK,Thread Group 1-46,text,true,898,13,13,0
1435902764295,12447,OS Process Sampler,0,OK,Thread Group 1-55,text,true,898,140,140,0
1435902763669,13074,OS Process Sampler,0,OK,Thread Group 1-53,text,true,898,139,139,0
1435902764365,12377,OS Process Sampler,0,OK,Thread Group 1-62,text,true,898,138,138,0
1435902764184,12560,OS Process Sampler,0,OK,Thread Group 1-54,text,true,898,137,137,0
1435902764324,12419,OS Process Sampler,0,OK,Thread Group 1-58,text,true,898,136,136,0
1435902764807,11936,OS Process Sampler,0,OK,Thread Group 1-83,text,true,898,135,135,0
1435902764410,12334,OS Process Sampler,0,OK,Thread Group 1-65,text,true,898,134,134,0
1435902764361,12383,OS Process Sampler,0,OK,Thread Group 1-61,text,true,898,133,133,0
1435902764385,12359,OS Process Sampler,0,OK,Thread Group 1-64,text,true,898,132,132,0
1435902764500,12245,OS Process Sampler,0,OK,Thread Group 1-67,text,true,898,132,132,0
1435902764908,11837,OS Process Sampler,0,OK,Thread Group 1-89,text,true,898,131,131,0
1435902764666,12079,OS Process Sampler,0,OK,Thread Group 1-71,text,true,898,130,130,0
1435902764646,12099,OS Process Sampler,0,OK,Thread Group 1-69,text,true,898,129,129,0
1435902764321,12425,OS Process Sampler,0,OK,Thread Group 1-57,text,true,898,129,129,0
1435902765170,11576,OS Process Sampler,0,OK,Thread Group 1-105,text,true,898,128,128,0
1435902764345,12409,OS Process Sampler,0,OK,Thread Group 1-59,text,true,898,128,128,0
1435902764722,12033,OS Process Sampler,0,OK,Thread Group 1-76,text,true,898,127,127,0
1435902764835,11920,OS Process Sampler,0,OK,Thread Group 1-85,text,true,898,126,126,0
1435902765366,11389,OS Process Sampler,0,OK,Thread Group 1-120,text,true,898,125,125,0
1435902765170,11586,OS Process Sampler,0,OK,Thread Group 1-104,text,true,898,124,124,0
1435902764377,12379,OS Process Sampler,0,OK,Thread Group 1-63,text,true,898,123,123,0
1435902764701,12055,OS Process Sampler,0,OK,Thread Group 1-74,text,true,898,122,122,0
1435902764867,11889,OS Process Sampler,0,OK,Thread Group 1-88,text,true,898,121,121,0
1435902764490,12267,OS Process Sampler,0,OK,Thread Group 1-66,text,true,898,120,120,0
1435902765350,11407,OS Process Sampler,0,OK,Thread Group 1-119,text,true,898,119,119,0
1435902764345,12412,OS Process Sampler,0,OK,Thread Group 1-60,text,true,898,118,118,0
1435902764859,11899,OS Process Sampler,0,OK,Thread Group 1-87,text,true,898,118,118,0
1435902765416,11342,OS Process Sampler,0,OK,Thread Group 1-121,text,true,898,118,118,0
1435902764308,12450,OS Process Sampler,0,OK,Thread Group 1-56,text,true,898,118,118,0
1435902765317,11441,OS Process Sampler,0,OK,Thread Group 1-116,text,true,898,118,118,0
1435902765173,11585,OS Process Sampler,0,OK,Thread Group 1-96,text,true,898,118,118,0
1435902764768,11990,OS Process Sampler,0,OK,Thread Group 1-79,text,true,898,118,118,0
1435902765261,11498,OS Process Sampler,0,OK,Thread Group 1-111,text,true,898,118,118,0
1435902765170,11589,OS Process Sampler,0,OK,Thread Group 1-103,text,true,898,118,118,0
1435902765900,10859,OS Process Sampler,0,OK,Thread Group 1-132,text,true,898,118,118,0
1435902765896,10811,OS Process Sampler,0,OK,Thread Group 1-145,text,true,898,118,118,0
1435902764778,11981,OS Process Sampler,0,OK,Thread Group 1-80,text,true,898,118,118,0
1435902765899,10861,OS Process Sampler,0,OK,Thread Group 1-133,text,true,898,118,118,0
1435902765283,11477,OS Process Sampler,0,OK,Thread Group 1-113,text,true,898,118,118,0
1435902764515,12245,OS Process Sampler,0,OK,Thread Group 1-68,text,true,898,118,118,0
1435902765896,10864,OS Process Sampler,0,OK,Thread Group 1-146,text,true,898,118,118,0
1435902764707,12053,OS Process Sampler,0,OK,Thread Group 1-75,text,true,898,118,118,0
1435902764819,11941,OS Process Sampler,0,OK,Thread Group 1-84,text,true,898,118,118,0
1435902765898,10863,OS Process Sampler,0,OK,Thread Group 1-138,text,true,898,118,118,0
1435902764746,12015,OS Process Sampler,0,OK,Thread Group 1-78,text,true,898,118,118,0
1435902764924,11837,OS Process Sampler,0,OK,Thread Group 1-90,text,true,898,118,118,0
1435902765897,10864,OS Process Sampler,0,OK,Thread Group 1-143,text,true,898,118,118,0
1435902765897,10864,OS Process Sampler,0,OK,Thread Group 1-142,text,true,898,118,118,0
1435902766951,9823,OS Process Sampler,0,OK,Thread Group 1-124,text,true,898,118,118,0
1435902770407,6287,OS Process Sampler,0,OK,Thread Group 1-167,text,true,898,118,118,0
1435902770329,6380,OS Process Sampler,0,OK,Thread Group 1-166,text,true,898,118,118,0
1435902770031,6678,OS Process Sampler,0,OK,Thread Group 1-163,text,true,898,118,118,0
1435902769867,6842,OS Process Sampler,0,OK,Thread Group 1-161,text,true,898,118,118,0
1435902769957,6752,OS Process Sampler,0,OK,Thread Group 1-162,text,true,898,118,118,0
1435902765900,10874,OS Process Sampler,0,OK,Thread Group 1-130,text,true,898,118,118,0
1435902766938,9836,OS Process Sampler,0,OK,Thread Group 1-125,text,true,898,118,118,0
1435902765171,11537,OS Process Sampler,0,OK,Thread Group 1-102,text,true,898,118,118,0
1435902765897,10877,OS Process Sampler,0,OK,Thread Group 1-141,text,true,898,118,118,0
1435902765898,10876,OS Process Sampler,0,OK,Thread Group 1-137,text,true,898,118,118,0
1435902765333,11441,OS Process Sampler,0,OK,Thread Group 1-117,text,true,898,118,118,0
1435902766128,10646,OS Process Sampler,0,OK,Thread Group 1-154,text,true,898,118,118,0
1435902766163,10611,OS Process Sampler,0,OK,Thread Group 1-156,text,true,898,118,118,0
1435902765240,11534,OS Process Sampler,0,OK,Thread Group 1-110,text,true,898,118,118,0
1435902765171,11537,OS Process Sampler,0,OK,Thread Group 1-101,text,true,898,118,118,0
1435902765171,11537,OS Process Sampler,0,OK,Thread Group 1-100,text,true,898,118,118,0
1435902765172,11536,OS Process Sampler,0,OK,Thread Group 1-99,text,true,898,118,118,0
1435902765895,10812,OS Process Sampler,0,OK,Thread Group 1-148,text,true,898,118,118,0
1435902765172,11536,OS Process Sampler,0,OK,Thread Group 1-98,text,true,898,118,118,0
1435902765172,11536,OS Process Sampler,0,OK,Thread Group 1-97,text,true,898,118,118,0
1435902765173,11535,OS Process Sampler,0,OK,Thread Group 1-94,text,true,898,118,118,0
1435902765173,11535,OS Process Sampler,0,OK,Thread Group 1-93,text,true,898,118,118,0
1435902765187,11521,OS Process Sampler,0,OK,Thread Group 1-106,text,true,898,118,118,0
1435902765188,11520,OS Process Sampler,0,OK,Thread Group 1-92,text,true,898,118,118,0
1435902765189,11519,OS Process Sampler,0,OK,Thread Group 1-107,text,true,898,118,118,0
1435902765899,10874,OS Process Sampler,0,OK,Thread Group 1-134,text,true,898,118,118,0
1435902765220,11488,OS Process Sampler,0,OK,Thread Group 1-108,text,true,898,118,118,0
1435902764787,11986,OS Process Sampler,0,OK,Thread Group 1-81,text,true,898,118,118,0
1435902764681,12092,OS Process Sampler,0,OK,Thread Group 1-72,text,true,898,118,118,0
1435902765223,11485,OS Process Sampler,0,OK,Thread Group 1-109,text,true,898,118,118,0
1435902765900,10808,OS Process Sampler,0,OK,Thread Group 1-129,text,true,898,118,118,0
1435902765909,10863,OS Process Sampler,0,OK,Thread Group 1-126,text,true,898,118,118,0
1435902765900,10808,OS Process Sampler,0,OK,Thread Group 1-131,text,true,898,118,118,0
1435902765897,10875,OS Process Sampler,0,OK,Thread Group 1-140,text,true,898,118,118,0
1435902765898,10874,OS Process Sampler,0,OK,Thread Group 1-135,text,true,898,118,118,0
1435902767643,9129,OS Process Sampler,0,OK,Thread Group 1-123,text,true,898,118,118,0
1435902765909,10799,OS Process Sampler,0,OK,Thread Group 1-127,text,true,898,118,118,0
1435902765901,10871,OS Process Sampler,0,OK,Thread Group 1-128,text,true,898,118,118,0
1435902764837,11935,OS Process Sampler,0,OK,Thread Group 1-86,text,true,898,118,118,0
1435902765896,10876,OS Process Sampler,0,OK,Thread Group 1-144,text,true,898,118,118,0
1435902767644,9128,OS Process Sampler,0,OK,Thread Group 1-122,text,true,898,118,118,0
1435902765910,10798,OS Process Sampler,0,OK,Thread Group 1-139,text,true,898,118,118,0
1435902764727,12045,OS Process Sampler,0,OK,Thread Group 1-77,text,true,898,118,118,0
1435902765927,10780,OS Process Sampler,0,OK,Thread Group 1-151,text,true,898,118,118,0
1435902766217,10554,OS Process Sampler,0,OK,Thread Group 1-158,text,true,898,118,118,0
1435902765950,10757,OS Process Sampler,0,OK,Thread Group 1-152,text,true,898,118,118,0
1435902765338,11433,OS Process Sampler,0,OK,Thread Group 1-118,text,true,898,118,118,0
1435902766144,10563,OS Process Sampler,0,OK,Thread Group 1-155,text,true,898,118,118,0
1435902765277,11494,OS Process Sampler,0,OK,Thread Group 1-112,text,true,898,118,118,0
1435902765304,11467,OS Process Sampler,0,OK,Thread Group 1-115,text,true,898,118,118,0
1435902764661,12110,OS Process Sampler,0,OK,Thread Group 1-70,text,true,898,118,118,0
1435902766193,10514,OS Process Sampler,0,OK,Thread Group 1-157,text,true,898,118,118,0
1435902765898,10873,OS Process Sampler,0,OK,Thread Group 1-136,text,true,898,118,118,0
1435902766243,10464,OS Process Sampler,0,OK,Thread Group 1-159,text,true,898,118,118,0
1435902764940,11831,OS Process Sampler,0,OK,Thread Group 1-91,text,true,898,118,118,0
1435902765895,10812,OS Process Sampler,0,OK,Thread Group 1-150,text,true,898,118,118,0
1435902765895,10812,OS Process Sampler,0,OK,Thread Group 1-149,text,true,898,118,118,0
1435902764803,11959,OS Process Sampler,0,OK,Thread Group 1-82,text,true,898,118,118,0
1435902765301,11461,OS Process Sampler,0,OK,Thread Group 1-114,text,true,898,118,118,0
1435902765173,11589,OS Process Sampler,0,OK,Thread Group 1-95,text,true,898,118,118,0
1435902764687,12075,OS Process Sampler,0,OK,Thread Group 1-73,text,true,898,118,118,0
1435902765896,10866,OS Process Sampler,0,OK,Thread Group 1-147,text,true,898,118,118,0
1435902763637,13070,OS Process Sampler,0,OK,Thread Group 1-52,text,true,898,140,140,0
1435902772776,3963,OS Process Sampler,0,OK,Thread Group 1-190,text,true,898,28,28,0
1435902769762,7130,OS Process Sampler,0,OK,Thread Group 1-160,text,true,898,27,27,0
1435902772715,4135,OS Process Sampler,0,OK,Thread Group 1-189,text,true,898,26,26,0
1435902770755,6245,OS Process Sampler,0,OK,Thread Group 1-171,text,true,898,25,25,0
1435902772480,4566,OS Process Sampler,0,OK,Thread Group 1-187,text,true,898,24,24,0
1435902772423,4705,OS Process Sampler,0,OK,Thread Group 1-186,text,true,898,23,23,0
1435902772620,4524,OS Process Sampler,0,OK,Thread Group 1-188,text,true,898,22,22,0
1435902767644,9500,OS Process Sampler,0,OK,Thread Group 1-153,text,true,898,21,21,0
1435902770596,6554,OS Process Sampler,0,OK,Thread Group 1-169,text,true,898,20,20,0
1435902772322,4869,OS Process Sampler,0,OK,Thread Group 1-185,text,true,898,19,19,0
1435902770477,6754,OS Process Sampler,0,OK,Thread Group 1-168,text,true,898,18,18,0
1435902772873,4381,OS Process Sampler,0,OK,Thread Group 1-191,text,true,898,17,17,0
1435902770681,6575,OS Process Sampler,0,OK,Thread Group 1-170,text,true,898,16,16,0
1435902770844,6437,OS Process Sampler,0,OK,Thread Group 1-172,text,true,898,15,15,0
1435902770109,7173,OS Process Sampler,0,OK,Thread Group 1-164,text,true,898,14,14,0
1435902772706,4577,OS Process Sampler,0,OK,Thread Group 1-184,text,true,898,13,13,0
1435902772112,5186,OS Process Sampler,0,OK,Thread Group 1-183,text,true,898,12,12,0
1435902772043,5259,OS Process Sampler,0,OK,Thread Group 1-182,text,true,898,11,11,0
1435902771947,5357,OS Process Sampler,0,OK,Thread Group 1-181,text,true,898,10,10,0
1435902771840,5474,OS Process Sampler,0,OK,Thread Group 1-180,text,true,898,9,9,0
1435902771753,5565,OS Process Sampler,0,OK,Thread Group 1-179,text,true,898,8,8,0
1435902771685,5713,OS Process Sampler,0,OK,Thread Group 1-178,text,true,898,7,7,0
1435902771626,5773,OS Process Sampler,0,OK,Thread Group 1-177,text,true,898,6,6,0
1435902770264,7138,OS Process Sampler,0,OK,Thread Group 1-165,text,true,898,5,5,0
1435902771488,5929,OS Process Sampler,0,OK,Thread Group 1-176,text,true,898,4,4,0
1435902771407,6021,OS Process Sampler,0,OK,Thread Group 1-175,text,true,898,3,3,0
1435902771344,6084,OS Process Sampler,0,OK,Thread Group 1-174,text,true,898,2,2,0
1435902771295,6134,OS Process Sampler,0,OK,Thread Group 1-173,text,true,898,1,1,0
1435902778413,8002,OS Process Sampler,0,OK,Thread Group 1-193,text,true,898,246,246,0
1435902778683,8367,OS Process Sampler,0,OK,Thread Group 1-212,text,true,898,246,246,0
1435902778635,8733,OS Process Sampler,0,OK,Thread Group 1-209,text,true,898,246,246,0
1435902778545,9163,OS Process Sampler,0,OK,Thread Group 1-204,text,true,898,246,246,0
1435902778533,9497,OS Process Sampler,0,OK,Thread Group 1-203,text,true,898,246,246,0
1435902778445,10007,OS Process Sampler,0,OK,Thread Group 1-195,text,true,898,246,246,0
1435902778398,10352,OS Process Sampler,0,OK,Thread Group 1-192,text,true,898,246,246,0
1435902778862,10002,OS Process Sampler,0,OK,Thread Group 1-226,text,true,898,246,246,0
1435902778526,10610,OS Process Sampler,0,OK,Thread Group 1-202,text,true,898,246,246,0
1435902779215,10429,OS Process Sampler,0,OK,Thread Group 1-234,text,true,898,246,246,0
1435902779247,10477,OS Process Sampler,0,OK,Thread Group 1-236,text,true,898,246,246,0
1435902778582,11185,OS Process Sampler,0,OK,Thread Group 1-206,text,true,898,246,246,0
1435902779551,10312,OS Process Sampler,0,OK,Thread Group 1-250,text,true,898,246,246,0
1435902778562,12214,OS Process Sampler,0,OK,Thread Group 1-205,text,true,898,246,246,0
1435902778694,12282,OS Process Sampler,0,OK,Thread Group 1-213,text,true,898,246,246,0
1435902778716,12304,OS Process Sampler,0,OK,Thread Group 1-215,text,true,898,246,246,0
1435902778435,12712,OS Process Sampler,0,OK,Thread Group 1-194,text,true,898,246,246,0
1435902779552,11760,OS Process Sampler,0,OK,Thread Group 1-253,text,true,898,246,246,0
1435902780053,11672,OS Process Sampler,0,OK,Thread Group 1-280,text,true,898,246,246,0
1435902779921,12465,OS Process Sampler,0,OK,Thread Group 1-270,text,true,898,246,246,0
1435902779985,12739,OS Process Sampler,0,OK,Thread Group 1-276,text,true,898,246,246,0
1435902779940,12802,OS Process Sampler,0,OK,Thread Group 1-271,text,true,898,246,246,0
1435902778660,14320,OS Process Sampler,0,OK,Thread Group 1-210,text,true,898,246,246,0
1435902779454,13761,OS Process Sampler,0,OK,Thread Group 1-246,text,true,898,246,246,0
1435902778782,14741,OS Process Sampler,0,OK,Thread Group 1-219,text,true,898,246,246,0
1435902778603,14938,OS Process Sampler,0,OK,Thread Group 1-207,text,true,898,246,246,0
1435902779641,13935,OS Process Sampler,0,OK,Thread Group 1-260,text,true,898,246,246,0
1435902780086,13524,OS Process Sampler,0,OK,Thread Group 1-282,text,true,898,246,246,0
1435902780349,13331,OS Process Sampler,0,OK,Thread Group 1-304,text,true,898,246,246,0
1435902780025,13658,OS Process Sampler,0,OK,Thread Group 1-278,text,true,898,246,246,0
1435902780292,13436,OS Process Sampler,0,OK,Thread Group 1-298,text,true,898,246,246,0
1435902779354,14398,OS Process Sampler,0,OK,Thread Group 1-238,text,true,898,246,246,0
1435902780167,13586,OS Process Sampler,0,OK,Thread Group 1-290,text,true,898,246,246,0
1435902780134,13877,OS Process Sampler,0,OK,Thread Group 1-287,text,true,898,246,246,0
1435902780090,13998,OS Process Sampler,0,OK,Thread Group 1-283,text,true,898,246,246,0
1435902778501,15679,OS Process Sampler,0,OK,Thread Group 1-200,text,true,898,246,246,0
1435902779032,15372,OS Process Sampler,0,OK,Thread Group 1-233,text,true,898,246,246,0
1435902778704,15824,OS Process Sampler,0,OK,Thread Group 1-214,text,true,898,246,246,0
1435902780037,14494,OS Process Sampler,0,OK,Thread Group 1-279,text,true,898,246,246,0
1435902778733,16139,OS Process Sampler,0,OK,Thread Group 1-216,text,true,898,246,246,0
1435902780215,14949,OS Process Sampler,0,OK,Thread Group 1-295,text,true,898,246,246,0
1435902780173,15051,OS Process Sampler,0,OK,Thread Group 1-291,text,true,898,246,246,0
1435902778477,16794,OS Process Sampler,0,OK,Thread Group 1-198,text,true,898,246,246,0
1435902780259,15029,OS Process Sampler,0,OK,Thread Group 1-297,text,true,898,246,246,0
1435902780139,15183,OS Process Sampler,0,OK,Thread Group 1-288,text,true,898,246,246,0
1435902778620,16740,OS Process Sampler,0,OK,Thread Group 1-208,text,true,898,246,246,0
1435902779438,16010,OS Process Sampler,0,OK,Thread Group 1-245,text,true,898,246,246,0
1435902779551,16265,OS Process Sampler,0,OK,Thread Group 1-252,text,true,898,246,246,0
1435902779567,16760,OS Process Sampler,0,OK,Thread Group 1-254,text,true,898,246,246,0
1435902778830,18098,OS Process Sampler,0,OK,Thread Group 1-223,text,true,898,246,246,0
1435902779752,17162,OS Process Sampler,0,OK,Thread Group 1-261,text,true,898,246,246,0
1435902778468,18384,OS Process Sampler,0,OK,Thread Group 1-197,text,true,898,246,246,0
1435902779365,17448,OS Process Sampler,0,OK,Thread Group 1-239,text,true,898,246,246,0
1435902778814,17991,OS Process Sampler,0,OK,Thread Group 1-222,text,true,898,246,246,0
1435902779231,17516,OS Process Sampler,0,OK,Thread Group 1-235,text,true,898,246,246,0
1435902780151,16573,OS Process Sampler,0,OK,Thread Group 1-289,text,true,898,246,246,0
1435902778869,17852,OS Process Sampler,0,OK,Thread Group 1-227,text,true,898,246,246,0
1435902778803,17892,OS Process Sampler,0,OK,Thread Group 1-221,text,true,898,246,246,0
1435902778882,17742,OS Process Sampler,0,OK,Thread Group 1-228,text,true,898,246,246,0
1435902779594,16917,OS Process Sampler,0,OK,Thread Group 1-256,text,true,898,246,246,0
1435902779618,16802,OS Process Sampler,0,OK,Thread Group 1-258,text,true,898,246,246,0
1435902779755,16650,OS Process Sampler,0,OK,Thread Group 1-262,text,true,898,246,246,0
1435902779774,16513,OS Process Sampler,0,OK,Thread Group 1-263,text,true,898,246,246,0
1435902779535,16654,OS Process Sampler,0,OK,Thread Group 1-251,text,true,898,246,246,0
1435902779421,16767,OS Process Sampler,0,OK,Thread Group 1-243,text,true,898,246,246,0
1435902779396,16700,OS Process Sampler,0,OK,Thread Group 1-242,text,true,898,246,246,0
1435902778835,17000,OS Process Sampler,0,OK,Thread Group 1-224,text,true,898,246,246,0
1435902780071,17300,OS Process Sampler,0,OK,Thread Group 1-281,text,true,898,246,246,0
1435902778846,18526,OS Process Sampler,0,OK,Thread Group 1-225,text,true,898,246,246,0
1435902779267,18133,OS Process Sampler,0,OK,Thread Group 1-237,text,true,898,246,246,0
1435902779791,17648,OS Process Sampler,0,OK,Thread Group 1-265,text,true,898,246,246,0
1435902781950,15585,OS Process Sampler,0,OK,Thread Group 1-425,text,true,898,246,246,0
1435902779375,18177,OS Process Sampler,0,OK,Thread Group 1-240,text,true,898,246,246,0
1435902780337,17216,OS Process Sampler,0,OK,Thread Group 1-303,text,true,898,246,246,0
1435902778676,18882,OS Process Sampler,0,OK,Thread Group 1-211,text,true,898,246,246,0
1435902778956,18625,OS Process Sampler,0,OK,Thread Group 1-232,text,true,898,246,246,0
1435902780120,17523,OS Process Sampler,0,OK,Thread Group 1-286,text,true,898,246,246,0
1435902780183,17661,OS Process Sampler,0,OK,Thread Group 1-292,text,true,898,246,246,0
1435902778943,19010,OS Process Sampler,0,OK,Thread Group 1-231,text,true,898,246,246,0
1435902778510,19463,OS Process Sampler,0,OK,Thread Group 1-201,text,true,898,246,246,0
1435902779780,18200,OS Process Sampler,0,OK,Thread Group 1-264,text,true,898,246,246,0
1435902779470,18556,OS Process Sampler,0,OK,Thread Group 1-248,text,true,898,246,246,0
1435902778765,19382,OS Process Sampler,0,OK,Thread Group 1-218,text,true,898,246,246,0
1435902778797,19586,OS Process Sampler,0,OK,Thread Group 1-220,text,true,898,246,246,0
1435902780414,18214,OS Process Sampler,0,OK,Thread Group 1-309,text,true,898,246,246,0
1435902780232,18399,OS Process Sampler,0,OK,Thread Group 1-296,text,true,898,246,246,0
1435902779942,18736,OS Process Sampler,0,OK,Thread Group 1-272,text,true,898,246,246,0
1435902778749,20146,OS Process Sampler,0,OK,Thread Group 1-217,text,true,898,246,246,0
1435902780296,18619,OS Process Sampler,0,OK,Thread Group 1-299,text,true,898,246,246,0
1435902779871,19060,OS Process Sampler,0,OK,Thread Group 1-268,text,true,898,246,246,0
1435902778912,20049,OS Process Sampler,0,OK,Thread Group 1-229,text,true,898,246,246,0
1435902780463,18518,OS Process Sampler,0,OK,Thread Group 1-314,text,true,898,246,246,0
1435902779944,19149,OS Process Sampler,0,OK,Thread Group 1-267,text,true,898,246,246,0
1435902780495,18739,OS Process Sampler,0,OK,Thread Group 1-317,text,true,898,246,246,0
1435902779427,19822,OS Process Sampler,0,OK,Thread Group 1-244,text,true,898,246,246,0
1435902779806,19494,OS Process Sampler,0,OK,Thread Group 1-266,text,true,898,246,246,0
1435902781611,17698,OS Process Sampler,0,OK,Thread Group 1-354,text,true,898,246,246,0
1435902780516,18805,OS Process Sampler,0,OK,Thread Group 1-319,text,true,898,246,246,0
1435902780904,18559,OS Process Sampler,0,OK,Thread Group 1-353,text,true,898,246,246,0
1435902780021,19450,OS Process Sampler,0,OK,Thread Group 1-277,text,true,898,246,246,0
1435902780430,19090,OS Process Sampler,0,OK,Thread Group 1-310,text,true,898,246,246,0
1435902780527,19003,OS Process Sampler,0,OK,Thread Group 1-320,text,true,898,246,246,0
1435902780544,18987,OS Process Sampler,0,OK,Thread Group 1-321,text,true,898,246,246,0
1435902780369,19285,OS Process Sampler,0,OK,Thread Group 1-306,text,true,898,246,246,0
1435902779910,19815,OS Process Sampler,0,OK,Thread Group 1-269,text,true,898,246,246,0
1435902780199,19537,OS Process Sampler,0,OK,Thread Group 1-293,text,true,898,246,246,0
1435902780432,19325,OS Process Sampler,0,OK,Thread Group 1-311,text,true,898,246,246,0
1435902780102,19699,OS Process Sampler,0,OK,Thread Group 1-284,text,true,898,246,246,0
1435902780596,19243,OS Process Sampler,0,OK,Thread Group 1-325,text,true,898,246,246,0
1435902780560,19280,OS Process Sampler,0,OK,Thread Group 1-323,text,true,898,246,246,0
1435902779980,19935,OS Process Sampler,0,OK,Thread Group 1-275,text,true,898,246,246,0
1435902780453,19462,OS Process Sampler,0,OK,Thread Group 1-313,text,true,898,246,246,0
1435902779693,20251,OS Process Sampler,0,OK,Thread Group 1-255,text,true,898,246,246,0
1435902781313,18646,OS Process Sampler,0,OK,Thread Group 1-387,text,true,898,246,246,0
1435902778931,21064,OS Process Sampler,0,OK,Thread Group 1-230,text,true,898,246,246,0
1435902781318,18677,OS Process Sampler,0,OK,Thread Group 1-388,text,true,898,246,246,0
1435902780309,19691,OS Process Sampler,0,OK,Thread Group 1-300,text,true,898,246,246,0
1435902780204,19796,OS Process Sampler,0,OK,Thread Group 1-294,text,true,898,246,246,0
1435902781330,18721,OS Process Sampler,0,OK,Thread Group 1-389,text,true,898,246,246,0
1435902780547,19541,OS Process Sampler,0,OK,Thread Group 1-322,text,true,898,246,246,0
1435902779964,20126,OS Process Sampler,0,OK,Thread Group 1-273,text,true,898,246,246,0
1435902779458,20656,OS Process Sampler,0,OK,Thread Group 1-247,text,true,898,246,246,0
1435902781354,18765,OS Process Sampler,0,OK,Thread Group 1-391,text,true,898,246,246,0
1435902781360,18787,OS Process Sampler,0,OK,Thread Group 1-392,text,true,898,246,246,0
1435902779612,20540,OS Process Sampler,0,OK,Thread Group 1-257,text,true,898,246,246,0
1435902781370,18782,OS Process Sampler,0,OK,Thread Group 1-393,text,true,898,246,246,0
1435902781387,18780,OS Process Sampler,0,OK,Thread Group 1-394,text,true,898,246,246,0
1435902781391,18812,OS Process Sampler,0,OK,Thread Group 1-395,text,true,898,246,246,0
1435902780485,19723,OS Process Sampler,0,OK,Thread Group 1-316,text,true,898,246,246,0
1435902781419,18809,OS Process Sampler,0,OK,Thread Group 1-397,text,true,898,246,246,0
1435902781435,18832,OS Process Sampler,0,OK,Thread Group 1-398,text,true,898,246,246,0
1435902781441,18839,OS Process Sampler,0,OK,Thread Group 1-399,text,true,898,246,246,0
1435902781451,18834,OS Process Sampler,0,OK,Thread Group 1-400,text,true,898,246,246,0
1435902781935,18366,OS Process Sampler,0,OK,Thread Group 1-443,text,true,898,246,246,0
1435902780446,19855,OS Process Sampler,0,OK,Thread Group 1-312,text,true,898,246,246,0
1435902781467,18834,OS Process Sampler,0,OK,Thread Group 1-401,text,true,898,246,246,0
1435902781403,18899,OS Process Sampler,0,OK,Thread Group 1-396,text,true,898,246,246,0
1435902781472,18842,OS Process Sampler,0,OK,Thread Group 1-402,text,true,898,246,246,0
1435902781484,18830,OS Process Sampler,0,OK,Thread Group 1-403,text,true,898,246,246,0
1435902781339,18976,OS Process Sampler,0,OK,Thread Group 1-390,text,true,898,246,246,0
1435902781500,18816,OS Process Sampler,0,OK,Thread Group 1-404,text,true,898,246,246,0
1435902781516,18802,OS Process Sampler,0,OK,Thread Group 1-406,text,true,898,246,246,0
1435902780597,19734,OS Process Sampler,0,OK,Thread Group 1-326,text,true,898,246,246,0
1435902781536,18813,OS Process Sampler,0,OK,Thread Group 1-407,text,true,898,246,246,0
1435902781537,18814,OS Process Sampler,0,OK,Thread Group 1-408,text,true,898,246,246,0
1435902781556,18797,OS Process Sampler,0,OK,Thread Group 1-410,text,true,898,246,246,0
1435902781577,18777,OS Process Sampler,0,OK,Thread Group 1-411,text,true,898,246,246,0
1435902781579,18784,OS Process Sampler,0,OK,Thread Group 1-412,text,true,898,246,246,0
1435902781601,18763,OS Process Sampler,0,OK,Thread Group 1-413,text,true,898,246,246,0
1435902781612,18752,OS Process Sampler,0,OK,Thread Group 1-414,text,true,898,246,246,0
1435902781632,18738,OS Process Sampler,0,OK,Thread Group 1-416,text,true,898,246,246,0
1435902780365,20015,OS Process Sampler,0,OK,Thread Group 1-305,text,true,898,246,246,0
1435902781653,18727,OS Process Sampler,0,OK,Thread Group 1-418,text,true,898,246,246,0
1435902781666,18715,OS Process Sampler,0,OK,Thread Group 1-419,text,true,898,246,246,0
1435902781650,18731,OS Process Sampler,0,OK,Thread Group 1-417,text,true,898,246,246,0
1435902781677,18705,OS Process Sampler,0,OK,Thread Group 1-420,text,true,898,246,246,0
1435902781690,18692,OS Process Sampler,0,OK,Thread Group 1-421,text,true,898,246,246,0
1435902781707,18676,OS Process Sampler,0,OK,Thread Group 1-422,text,true,898,246,246,0
1435902781718,18666,OS Process Sampler,0,OK,Thread Group 1-423,text,true,898,246,246,0
1435902781728,18657,OS Process Sampler,0,OK,Thread Group 1-424,text,true,898,246,246,0
1435902780996,19391,OS Process Sampler,0,OK,Thread Group 1-359,text,true,898,246,246,0
1435902781018,19380,OS Process Sampler,0,OK,Thread Group 1-361,text,true,898,246,246,0
1435902781038,19361,OS Process Sampler,0,OK,Thread Group 1-362,text,true,898,246,246,0
1435902781014,19386,OS Process Sampler,0,OK,Thread Group 1-360,text,true,898,246,246,0
1435902781039,19361,OS Process Sampler,0,OK,Thread Group 1-363,text,true,898,246,246,0
1435902781054,19347,OS Process Sampler,0,OK,Thread Group 1-364,text,true,898,246,246,0
1435902781075,19327,OS Process Sampler,0,OK,Thread Group 1-366,text,true,898,246,246,0
1435902781095,19307,OS Process Sampler,0,OK,Thread Group 1-367,text,true,898,246,246,0
1435902781101,19312,OS Process Sampler,0,OK,Thread Group 1-368,text,true,898,246,246,0
1435902781111,19302,OS Process Sampler,0,OK,Thread Group 1-369,text,true,898,246,246,0
1435902781132,19282,OS Process Sampler,0,OK,Thread Group 1-371,text,true,898,246,246,0
1435902781147,19268,OS Process Sampler,0,OK,Thread Group 1-372,text,true,898,246,246,0
1435902781168,19248,OS Process Sampler,0,OK,Thread Group 1-374,text,true,898,246,246,0
1435902781173,19244,OS Process Sampler,0,OK,Thread Group 1-375,text,true,898,246,246,0
1435902781192,19225,OS Process Sampler,0,OK,Thread Group 1-376,text,true,898,246,246,0
1435902781194,19224,OS Process Sampler,0,OK,Thread Group 1-377,text,true,898,246,246,0
1435902781216,19203,OS Process Sampler,0,OK,Thread Group 1-379,text,true,898,246,246,0
1435902779486,20948,OS Process Sampler,0,OK,Thread Group 1-249,text,true,898,246,246,0
1435902781241,19193,OS Process Sampler,0,OK,Thread Group 1-381,text,true,898,246,246,0
1435902781246,19189,OS Process Sampler,0,OK,Thread Group 1-382,text,true,898,246,246,0
1435902781257,19179,OS Process Sampler,0,OK,Thread Group 1-383,text,true,898,246,246,0
1435902781225,19211,OS Process Sampler,0,OK,Thread Group 1-380,text,true,898,246,246,0
1435902781279,19158,OS Process Sampler,0,OK,Thread Group 1-384,text,true,898,246,246,0
1435902781297,19140,OS Process Sampler,0,OK,Thread Group 1-385,text,true,898,246,246,0
1435902780621,19817,OS Process Sampler,0,OK,Thread Group 1-327,text,true,898,246,246,0
1435902780621,19818,OS Process Sampler,0,OK,Thread Group 1-328,text,true,898,246,246,0
1435902780629,19811,OS Process Sampler,0,OK,Thread Group 1-329,text,true,898,246,246,0
1435902780651,19801,OS Process Sampler,0,OK,Thread Group 1-331,text,true,898,246,246,0
1435902780673,19781,OS Process Sampler,0,OK,Thread Group 1-333,text,true,898,246,246,0
1435902780685,19769,OS Process Sampler,0,OK,Thread Group 1-334,text,true,898,246,246,0
1435902780704,19751,OS Process Sampler,0,OK,Thread Group 1-336,text,true,898,246,246,0
1435902780718,19750,OS Process Sampler,0,OK,Thread Group 1-337,text,true,898,246,246,0
1435902780725,19744,OS Process Sampler,0,OK,Thread Group 1-338,text,true,898,246,246,0
1435902780744,19726,OS Process Sampler,0,OK,Thread Group 1-339,text,true,898,246,246,0
1435902780764,19707,OS Process Sampler,0,OK,Thread Group 1-341,text,true,898,246,246,0
1435902780775,19697,OS Process Sampler,0,OK,Thread Group 1-342,text,true,898,246,246,0
1435902780791,19690,OS Process Sampler,0,OK,Thread Group 1-343,text,true,898,246,246,0
1435902780807,19675,OS Process Sampler,0,OK,Thread Group 1-345,text,true,898,246,246,0
1435902780823,19660,OS Process Sampler,0,OK,Thread Group 1-346,text,true,898,246,246,0
1435902780831,19653,OS Process Sampler,0,OK,Thread Group 1-347,text,true,898,246,246,0
1435902780860,19633,OS Process Sampler,0,OK,Thread Group 1-349,text,true,898,246,246,0
1435902780888,19607,OS Process Sampler,0,OK,Thread Group 1-351,text,true,898,246,246,0
1435902780891,19610,OS Process Sampler,0,OK,Thread Group 1-352,text,true,898,246,246,0
1435902780923,19580,OS Process Sampler,0,OK,Thread Group 1-285,text,true,898,246,246,0
1435902780856,19648,OS Process Sampler,0,OK,Thread Group 1-348,text,true,898,246,246,0
1435902780926,19592,OS Process Sampler,0,OK,Thread Group 1-355,text,true,898,246,246,0
1435902778461,22058,OS Process Sampler,0,OK,Thread Group 1-196,text,true,898,246,246,0
1435902778494,22025,OS Process Sampler,0,OK,Thread Group 1-199,text,true,898,246,246,0
1435902780956,19585,OS Process Sampler,0,OK,Thread Group 1-357,text,true,898,248,248,0
1435902780795,19747,OS Process Sampler,0,OK,Thread Group 1-344,text,true,898,248,248,0
1435902780645,20060,OS Process Sampler,0,OK,Thread Group 1-330,text,true,898,248,248,0
1435902780317,20388,OS Process Sampler,0,OK,Thread Group 1-301,text,true,898,248,248,0
1435902781298,19410,OS Process Sampler,0,OK,Thread Group 1-386,text,true,898,248,248,0
1435902779965,20744,OS Process Sampler,0,OK,Thread Group 1-274,text,true,898,248,248,0
1435902781504,19206,OS Process Sampler,0,OK,Thread Group 1-405,text,true,898,248,248,0
1435902780872,19838,OS Process Sampler,0,OK,Thread Group 1-350,text,true,898,248,248,0
1435902780333,20392,OS Process Sampler,0,OK,Thread Group 1-302,text,true,898,248,248,0
1435902779389,21347,OS Process Sampler,0,OK,Thread Group 1-241,text,true,898,248,248,0
1435902779636,21181,OS Process Sampler,0,OK,Thread Group 1-259,text,true,898,232,232,0
1435902781060,19763,OS Process Sampler,0,OK,Thread Group 1-365,text,true,898,232,232,0
1435902781937,18898,OS Process Sampler,0,OK,Thread Group 1-434,text,true,898,232,232,0
1435902780661,20175,OS Process Sampler,0,OK,Thread Group 1-332,text,true,898,232,232,0
1435902780937,19902,OS Process Sampler,0,OK,Thread Group 1-356,text,true,898,232,232,0
1435902781937,18902,OS Process Sampler,0,OK,Thread Group 1-435,text,true,898,232,232,0
1435902781936,18950,OS Process Sampler,0,OK,Thread Group 1-444,text,true,898,232,232,0
1435902780758,20133,OS Process Sampler,0,OK,Thread Group 1-340,text,true,898,232,232,0
1435902781936,18956,OS Process Sampler,0,OK,Thread Group 1-437,text,true,898,232,232,0
1435902781936,18975,OS Process Sampler,0,OK,Thread Group 1-438,text,true,898,187,187,0
1435902781127,19788,OS Process Sampler,0,OK,Thread Group 1-370,text,true,898,187,187,0
1435902780989,19928,OS Process Sampler,0,OK,Thread Group 1-358,text,true,898,187,187,0
1435902781626,19292,OS Process Sampler,0,OK,Thread Group 1-415,text,true,898,187,187,0
1435902781936,18995,OS Process Sampler,0,OK,Thread Group 1-439,text,true,898,187,187,0
1435902781937,19015,OS Process Sampler,0,OK,Thread Group 1-433,text,true,898,187,187,0
1435902780398,20555,OS Process Sampler,0,OK,Thread Group 1-308,text,true,898,187,187,0
1435902781935,19023,OS Process Sampler,0,OK,Thread Group 1-441,text,true,898,187,187,0
1435902783507,17451,OS Process Sampler,0,OK,Thread Group 1-378,text,true,898,187,187,0
1435902781937,19089,OS Process Sampler,0,OK,Thread Group 1-436,text,true,898,187,187,0
1435902781935,19093,OS Process Sampler,0,OK,Thread Group 1-442,text,true,898,187,187,0
1435902780479,20551,OS Process Sampler,0,OK,Thread Group 1-315,text,true,898,187,187,0
1435902781935,19139,OS Process Sampler,0,OK,Thread Group 1-440,text,true,898,187,187,0
1435902780381,20709,OS Process Sampler,0,OK,Thread Group 1-307,text,true,898,187,187,0
1435902780702,20389,OS Process Sampler,0,OK,Thread Group 1-335,text,true,898,187,187,0
1435902781153,19939,OS Process Sampler,0,OK,Thread Group 1-373,text,true,898,187,187,0
1435902781552,19695,OS Process Sampler,0,OK,Thread Group 1-409,text,true,898,81,81,0
1435902780576,20601,OS Process Sampler,0,OK,Thread Group 1-324,text,true,898,81,81,0
1435902800524,10694,OS Process Sampler,0,OK,Thread Group 1-699,text,true,898,505,505,0
1435902780511,31459,OS Process Sampler,0,OK,Thread Group 1-318,text,true,898,563,563,0
1435902800523,13192,OS Process Sampler,0,OK,Thread Group 1-427,text,true,898,563,563,0
1435902800523,14784,OS Process Sampler,0,OK,Thread Group 1-430,text,true,898,561,561,0
1435902800521,15051,OS Process Sampler,0,OK,Thread Group 1-432,text,true,898,560,560,0
1435902800523,15268,OS Process Sampler,0,OK,Thread Group 1-428,text,true,898,559,559,0
1435902800523,24220,OS Process Sampler,0,OK,Thread Group 1-429,text,true,898,558,558,0
1435902801488,24760,OS Process Sampler,0,OK,Thread Group 1-500,text,true,898,557,557,0
1435902801487,25236,OS Process Sampler,0,OK,Thread Group 1-505,text,true,898,556,556,0
1435902801489,28487,OS Process Sampler,1,OK,Thread Group 1-498,text,true,737,555,555,0
1435902800524,30487,OS Process Sampler,0,OK,Thread Group 1-578,text,true,898,554,554,0
1435902802494,28638,OS Process Sampler,0,OK,Thread Group 1-473,text,true,898,553,553,0
1435902801485,29666,OS Process Sampler,0,OK,Thread Group 1-520,text,true,898,552,552,0
1435902801484,29955,OS Process Sampler,0,OK,Thread Group 1-523,text,true,898,551,551,0
1435902801176,30535,OS Process Sampler,0,OK,Thread Group 1-725,text,true,898,550,550,0
1435902801484,30747,OS Process Sampler,0,OK,Thread Group 1-525,text,true,898,549,549,0
1435902801483,32684,OS Process Sampler,0,OK,Thread Group 1-530,text,true,898,548,548,0
1435902800521,34029,OS Process Sampler,0,OK,Thread Group 1-431,text,true,898,547,547,0
1435902802497,32283,OS Process Sampler,0,OK,Thread Group 1-454,text,true,898,546,546,0
1435902801485,35291,OS Process Sampler,0,OK,Thread Group 1-521,text,true,898,545,545,0
1435902801488,36051,OS Process Sampler,0,OK,Thread Group 1-504,text,true,898,544,544,0
1435902802496,35799,OS Process Sampler,0,OK,Thread Group 1-458,text,true,898,543,543,0
1435902801473,37214,OS Process Sampler,0,OK,Thread Group 1-543,text,true,898,542,542,0
1435902801485,37318,OS Process Sampler,0,OK,Thread Group 1-522,text,true,898,541,541,0
1435902801482,37583,OS Process Sampler,0,OK,Thread Group 1-536,text,true,898,540,540,0
1435902801484,37740,OS Process Sampler,0,OK,Thread Group 1-527,text,true,898,539,539,0
1435902801482,37882,OS Process Sampler,0,OK,Thread Group 1-535,text,true,898,538,538,0
1435902801484,37914,OS Process Sampler,0,OK,Thread Group 1-528,text,true,898,537,537,0
1435902801487,37925,OS Process Sampler,0,OK,Thread Group 1-506,text,true,898,536,536,0
1435902801485,38162,OS Process Sampler,0,OK,Thread Group 1-519,text,true,898,535,535,0
1435902802511,37492,OS Process Sampler,0,OK,Thread Group 1-623,text,true,898,534,534,0
1435902802510,37711,OS Process Sampler,0,OK,Thread Group 1-607,text,true,898,533,533,0
1435902801472,38930,OS Process Sampler,0,OK,Thread Group 1-548,text,true,898,532,532,0
1435902801472,39497,OS Process Sampler,0,OK,Thread Group 1-550,text,true,898,531,531,0
1435902801472,39835,OS Process Sampler,0,OK,Thread Group 1-551,text,true,898,530,530,0
1435902801498,39911,OS Process Sampler,0,OK,Thread Group 1-586,text,true,898,529,529,0
1435902801488,40050,OS Process Sampler,0,OK,Thread Group 1-503,text,true,898,528,528,0
1435902801482,40189,OS Process Sampler,0,OK,Thread Group 1-537,text,true,898,527,527,0
1435902801472,40219,OS Process Sampler,0,OK,Thread Group 1-552,text,true,898,526,526,0
1435902802494,39334,OS Process Sampler,0,OK,Thread Group 1-472,text,true,898,525,525,0
1435902802497,39379,OS Process Sampler,0,OK,Thread Group 1-453,text,true,898,524,524,0
1435902801488,40407,OS Process Sampler,0,OK,Thread Group 1-499,text,true,898,523,523,0
1435902802494,39440,OS Process Sampler,0,OK,Thread Group 1-469,text,true,898,522,522,0
1435902801471,40566,OS Process Sampler,0,OK,Thread Group 1-553,text,true,898,521,521,0
1435902802492,39693,OS Process Sampler,0,OK,Thread Group 1-483,text,true,898,520,520,0
1435902802495,40125,OS Process Sampler,0,OK,Thread Group 1-467,text,true,898,519,519,0
1435902801471,41260,OS Process Sampler,0,OK,Thread Group 1-556,text,true,898,518,518,0
1435902801483,41333,OS Process Sampler,0,OK,Thread Group 1-531,text,true,898,517,517,0
1435902801471,41506,OS Process Sampler,0,OK,Thread Group 1-557,text,true,898,517,517,0
1435902801473,41582,OS Process Sampler,0,OK,Thread Group 1-545,text,true,898,517,517,0
1435902801483,41655,OS Process Sampler,0,OK,Thread Group 1-529,text,true,898,517,517,0
1435902801471,41667,OS Process Sampler,0,OK,Thread Group 1-554,text,true,898,517,517,0
1435902801473,41698,OS Process Sampler,0,OK,Thread Group 1-546,text,true,898,517,517,0
1435902802493,40705,OS Process Sampler,0,OK,Thread Group 1-477,text,true,898,517,517,0
1435902801471,41756,OS Process Sampler,0,OK,Thread Group 1-558,text,true,898,517,517,0
1435902801489,42022,OS Process Sampler,0,OK,Thread Group 1-494,text,true,898,517,517,0
1435902802493,41119,OS Process Sampler,0,OK,Thread Group 1-479,text,true,898,517,517,0
1435902802496,41415,OS Process Sampler,0,OK,Thread Group 1-461,text,true,898,517,517,0
1435902800524,43614,OS Process Sampler,0,OK,Thread Group 1-426,text,true,898,517,517,0
1435902802496,41964,OS Process Sampler,0,OK,Thread Group 1-460,text,true,898,517,517,0
1435902801470,43085,OS Process Sampler,0,OK,Thread Group 1-562,text,true,898,517,517,0
1435902801489,43127,OS Process Sampler,0,OK,Thread Group 1-496,text,true,898,517,517,0
1435902801472,43188,OS Process Sampler,0,OK,Thread Group 1-549,text,true,898,517,517,0
1435902802496,42232,OS Process Sampler,0,OK,Thread Group 1-457,text,true,898,517,517,0
1435902801489,43433,OS Process Sampler,0,OK,Thread Group 1-497,text,true,898,517,517,0
1435902802497,42635,OS Process Sampler,0,OK,Thread Group 1-452,text,true,898,499,499,0
1435902802495,42685,OS Process Sampler,0,OK,Thread Group 1-468,text,true,898,498,498,0
1435902802496,42796,OS Process Sampler,0,OK,Thread Group 1-462,text,true,898,497,497,0
1435902802492,42918,OS Process Sampler,0,OK,Thread Group 1-484,text,true,898,496,496,0
1435902802495,42963,OS Process Sampler,0,OK,Thread Group 1-466,text,true,898,495,495,0
1435902801466,44009,OS Process Sampler,0,OK,Thread Group 1-565,text,true,898,494,494,0
1435902802540,43132,OS Process Sampler,0,OK,Thread Group 1-570,text,true,898,493,493,0
1435902802494,43213,OS Process Sampler,0,OK,Thread Group 1-470,text,true,898,492,492,0
1435902801466,44261,OS Process Sampler,0,OK,Thread Group 1-566,text,true,898,491,491,0
1435902801473,44299,OS Process Sampler,0,OK,Thread Group 1-542,text,true,898,490,490,0
1435902801466,44458,OS Process Sampler,0,OK,Thread Group 1-567,text,true,898,489,489,0
1435902801484,44637,OS Process Sampler,0,OK,Thread Group 1-526,text,true,898,488,488,0
1435902801470,42865,OS Process Sampler,0,OK,Thread Group 1-561,text,true,898,517,517,0
1435902801465,44683,OS Process Sampler,0,OK,Thread Group 1-568,text,true,898,486,486,0
1435902801465,44928,OS Process Sampler,0,OK,Thread Group 1-569,text,true,898,485,485,0
1435902801483,45040,OS Process Sampler,0,OK,Thread Group 1-533,text,true,898,485,485,0
1435902801457,45194,OS Process Sampler,0,OK,Thread Group 1-571,text,true,898,484,484,0
1435902802527,44421,OS Process Sampler,0,OK,Thread Group 1-493,text,true,898,483,483,0
1435902802498,44496,OS Process Sampler,0,OK,Thread Group 1-449,text,true,898,482,482,0
1435902801483,45616,OS Process Sampler,1,OK,Thread Group 1-534,text,true,737,481,481,0
1435902801456,45875,OS Process Sampler,0,OK,Thread Group 1-574,text,true,898,480,480,0
1435902801470,46006,OS Process Sampler,0,OK,Thread Group 1-559,text,true,898,479,479,0
1435902801456,46023,OS Process Sampler,0,OK,Thread Group 1-575,text,true,898,478,478,0
1435902801484,46032,OS Process Sampler,0,OK,Thread Group 1-524,text,true,898,477,477,0
1435902801482,46053,OS Process Sampler,0,OK,Thread Group 1-540,text,true,898,476,476,0
1435902802495,45103,OS Process Sampler,0,OK,Thread Group 1-465,text,true,898,475,475,0
1435902801456,46195,OS Process Sampler,0,OK,Thread Group 1-576,text,true,898,474,474,0
1435902801456,46467,OS Process Sampler,0,OK,Thread Group 1-577,text,true,898,473,473,0
1435902802494,45479,OS Process Sampler,0,OK,Thread Group 1-471,text,true,898,471,471,0
1435902801456,46765,OS Process Sampler,0,OK,Thread Group 1-579,text,true,898,470,470,0
1435902801456,46906,OS Process Sampler,0,OK,Thread Group 1-580,text,true,898,469,469,0
1435902801488,46924,OS Process Sampler,0,OK,Thread Group 1-502,text,true,898,468,468,0
1435902802493,46103,OS Process Sampler,0,OK,Thread Group 1-480,text,true,898,467,467,0
1435902801473,47158,OS Process Sampler,0,OK,Thread Group 1-544,text,true,898,466,466,0
1435902801455,47213,OS Process Sampler,0,OK,Thread Group 1-582,text,true,898,465,465,0
1435902801487,47315,OS Process Sampler,0,OK,Thread Group 1-507,text,true,898,464,464,0
1435902801455,47424,OS Process Sampler,0,OK,Thread Group 1-583,text,true,898,463,463,0
1435902801482,47429,OS Process Sampler,0,OK,Thread Group 1-539,text,true,898,462,462,0
1435902801455,47675,OS Process Sampler,0,OK,Thread Group 1-584,text,true,898,461,461,0
1435902801455,47802,OS Process Sampler,0,OK,Thread Group 1-585,text,true,898,460,460,0
1435902801470,47866,OS Process Sampler,0,OK,Thread Group 1-560,text,true,898,460,460,0
1435902802495,46907,OS Process Sampler,0,OK,Thread Group 1-464,text,true,898,460,460,0
1435902801454,47965,OS Process Sampler,0,OK,Thread Group 1-587,text,true,898,460,460,0
1435902801483,47963,OS Process Sampler,0,OK,Thread Group 1-532,text,true,898,460,460,0
1435902801472,48040,OS Process Sampler,0,OK,Thread Group 1-547,text,true,898,460,460,0
1435902802493,47039,OS Process Sampler,0,OK,Thread Group 1-478,text,true,898,460,460,0
1435902801454,48116,OS Process Sampler,0,OK,Thread Group 1-588,text,true,898,460,460,0
1435902801485,48110,OS Process Sampler,0,OK,Thread Group 1-517,text,true,898,460,460,0
1435902802492,47334,OS Process Sampler,0,OK,Thread Group 1-481,text,true,898,460,460,0
1435902801454,48425,OS Process Sampler,0,OK,Thread Group 1-590,text,true,898,460,460,0
1435902801454,48587,OS Process Sampler,0,OK,Thread Group 1-591,text,true,898,460,460,0
1435902801482,48668,OS Process Sampler,0,OK,Thread Group 1-538,text,true,898,460,460,0
1435902801454,48733,OS Process Sampler,0,OK,Thread Group 1-592,text,true,898,460,460,0
1435902801453,48882,OS Process Sampler,0,OK,Thread Group 1-594,text,true,898,460,460,0
1435902802495,47881,OS Process Sampler,0,OK,Thread Group 1-463,text,true,898,445,445,0
1435902802512,48067,OS Process Sampler,0,OK,Thread Group 1-634,text,true,898,444,444,0
1435902802497,48131,OS Process Sampler,0,OK,Thread Group 1-451,text,true,898,443,443,0
1435902801454,49221,OS Process Sampler,0,OK,Thread Group 1-589,text,true,898,442,442,0
1435902802511,48187,OS Process Sampler,0,OK,Thread Group 1-620,text,true,898,441,441,0
1435902802510,48317,OS Process Sampler,0,OK,Thread Group 1-610,text,true,898,440,440,0
1435902802513,48450,OS Process Sampler,0,OK,Thread Group 1-644,text,true,898,439,439,0
1435902801488,49504,OS Process Sampler,0,OK,Thread Group 1-501,text,true,898,438,438,0
1435902802510,48544,OS Process Sampler,0,OK,Thread Group 1-614,text,true,898,437,437,0
1435902802497,48579,OS Process Sampler,0,OK,Thread Group 1-455,text,true,898,436,436,0
1435902801466,49618,OS Process Sampler,0,OK,Thread Group 1-563,text,true,898,435,435,0
1435902801487,49634,OS Process Sampler,0,OK,Thread Group 1-509,text,true,898,434,434,0
1435902802511,48641,OS Process Sampler,0,OK,Thread Group 1-617,text,true,898,433,433,0
1435902801487,49738,OS Process Sampler,0,OK,Thread Group 1-510,text,true,898,432,432,0
1435902801486,49883,OS Process Sampler,0,OK,Thread Group 1-511,text,true,898,431,431,0
1435902801453,49947,OS Process Sampler,0,OK,Thread Group 1-595,text,true,898,430,430,0
1435902801486,50094,OS Process Sampler,0,OK,Thread Group 1-513,text,true,898,430,430,0
1435902801486,50175,OS Process Sampler,0,OK,Thread Group 1-514,text,true,898,430,430,0
1435902801486,50228,OS Process Sampler,0,OK,Thread Group 1-515,text,true,898,430,430,0
1435902802492,49260,OS Process Sampler,0,OK,Thread Group 1-482,text,true,898,430,430,0
1435902801453,50347,OS Process Sampler,0,OK,Thread Group 1-593,text,true,898,430,430,0
1435902801455,50641,OS Process Sampler,0,OK,Thread Group 1-581,text,true,898,430,430,0
1435902802496,49236,OS Process Sampler,0,OK,Thread Group 1-459,text,true,898,430,430,0
1435902802508,49741,OS Process Sampler,0,OK,Thread Group 1-596,text,true,898,430,430,0
1435902801457,50835,OS Process Sampler,0,OK,Thread Group 1-573,text,true,898,430,430,0
1435902801457,50865,OS Process Sampler,0,OK,Thread Group 1-572,text,true,898,430,430,0
1435902802494,49895,OS Process Sampler,0,OK,Thread Group 1-474,text,true,898,419,419,0
1435902802493,50029,OS Process Sampler,0,OK,Thread Group 1-475,text,true,898,418,418,0
1435902801466,51374,OS Process Sampler,0,OK,Thread Group 1-564,text,true,898,417,417,0
1435902808031,44828,OS Process Sampler,0,OK,Thread Group 1-901,text,true,898,416,416,0
1435902804071,48882,OS Process Sampler,0,OK,Thread Group 1-446,text,true,898,415,415,0
1435902808022,45011,OS Process Sampler,0,OK,Thread Group 1-900,text,true,898,414,414,0
1435902801489,51578,OS Process Sampler,0,OK,Thread Group 1-495,text,true,898,413,413,0
1435902804030,49052,OS Process Sampler,0,OK,Thread Group 1-814,text,true,898,412,412,0
1435902801486,51599,OS Process Sampler,0,OK,Thread Group 1-512,text,true,898,411,411,0
1435902808031,45099,OS Process Sampler,0,OK,Thread Group 1-903,text,true,898,410,410,0
1435902804029,49122,OS Process Sampler,0,OK,Thread Group 1-806,text,true,898,409,409,0
1435902808031,45138,OS Process Sampler,0,OK,Thread Group 1-904,text,true,898,408,408,0
1435902808032,45137,OS Process Sampler,0,OK,Thread Group 1-906,text,true,898,407,407,0
1435902808022,45192,OS Process Sampler,0,OK,Thread Group 1-899,text,true,898,406,406,0
1435902804029,49316,OS Process Sampler,0,OK,Thread Group 1-809,text,true,898,405,405,0
1435902804026,49386,OS Process Sampler,0,OK,Thread Group 1-793,text,true,898,404,404,0
1435902804026,49389,OS Process Sampler,0,OK,Thread Group 1-789,text,true,898,403,403,0
1435902808022,45427,OS Process Sampler,0,OK,Thread Group 1-898,text,true,898,402,402,0
1435902804024,49440,OS Process Sampler,0,OK,Thread Group 1-783,text,true,898,401,401,0
1435902804024,49472,OS Process Sampler,0,OK,Thread Group 1-778,text,true,898,400,400,0
1435902804023,49534,OS Process Sampler,0,OK,Thread Group 1-775,text,true,898,399,399,0
1435902808031,45537,OS Process Sampler,0,OK,Thread Group 1-902,text,true,898,398,398,0
1435902808022,45548,OS Process Sampler,0,OK,Thread Group 1-897,text,true,898,397,397,0
1435902804022,49554,OS Process Sampler,0,OK,Thread Group 1-771,text,true,898,396,396,0
1435902804013,49596,OS Process Sampler,0,OK,Thread Group 1-766,text,true,898,395,395,0
1435902804013,49601,OS Process Sampler,0,OK,Thread Group 1-762,text,true,898,394,394,0
1435902804023,49593,OS Process Sampler,1,OK,Thread Group 1-774,text,true,737,393,393,0
1435902808022,45595,OS Process Sampler,0,OK,Thread Group 1-896,text,true,898,392,392,0
1435902804011,49606,OS Process Sampler,0,OK,Thread Group 1-755,text,true,898,391,391,0
1435902808022,45612,OS Process Sampler,0,OK,Thread Group 1-895,text,true,898,390,390,0
1435902804009,49626,OS Process Sampler,0,OK,Thread Group 1-916,text,true,898,389,389,0
1435902804007,49630,OS Process Sampler,0,OK,Thread Group 1-741,text,true,898,388,388,0
1435902804006,49631,OS Process Sampler,0,OK,Thread Group 1-738,text,true,898,387,387,0
1435902804006,49648,OS Process Sampler,0,OK,Thread Group 1-737,text,true,898,386,386,0
1435902802497,51161,OS Process Sampler,0,OK,Thread Group 1-456,text,true,898,385,385,0
1435902804006,49653,OS Process Sampler,0,OK,Thread Group 1-736,text,true,898,384,384,0
1435902808021,45692,OS Process Sampler,0,OK,Thread Group 1-893,text,true,898,383,383,0
1435902803994,49721,OS Process Sampler,0,OK,Thread Group 1-714,text,true,898,382,382,0
1435902808021,45711,OS Process Sampler,0,OK,Thread Group 1-892,text,true,898,381,381,0
1435902804028,49705,OS Process Sampler,0,OK,Thread Group 1-802,text,true,898,380,380,0
1435902803992,49754,OS Process Sampler,0,OK,Thread Group 1-702,text,true,898,379,379,0
1435902808021,45729,OS Process Sampler,0,OK,Thread Group 1-891,text,true,898,378,378,0
1435902803989,49764,OS Process Sampler,0,OK,Thread Group 1-686,text,true,898,377,377,0
1435902808021,45743,OS Process Sampler,0,OK,Thread Group 1-890,text,true,898,376,376,0
1435902803979,49786,OS Process Sampler,0,OK,Thread Group 1-667,text,true,898,375,375,0
1435902803979,49788,OS Process Sampler,0,OK,Thread Group 1-668,text,true,898,374,374,0
1435902808021,45746,OS Process Sampler,0,OK,Thread Group 1-894,text,true,898,373,373,0
1435902803994,49789,OS Process Sampler,0,OK,Thread Group 1-713,text,true,898,372,372,0
1435902808020,45774,OS Process Sampler,0,OK,Thread Group 1-889,text,true,898,371,371,0
1435902808020,45781,OS Process Sampler,0,OK,Thread Group 1-888,text,true,898,370,370,0
1435902808020,45813,OS Process Sampler,0,OK,Thread Group 1-886,text,true,898,369,369,0
1435902808032,45812,OS Process Sampler,0,OK,Thread Group 1-907,text,true,898,368,368,0
1435902804010,49836,OS Process Sampler,0,OK,Thread Group 1-749,text,true,898,367,367,0
1435902802514,51332,OS Process Sampler,0,OK,Thread Group 1-648,text,true,898,366,366,0
1435902803978,49870,OS Process Sampler,0,OK,Thread Group 1-677,text,true,898,365,365,0
1435902808020,45828,OS Process Sampler,0,OK,Thread Group 1-884,text,true,898,364,364,0
1435902808020,45829,OS Process Sampler,0,OK,Thread Group 1-887,text,true,898,363,363,0
1435902811224,42637,OS Process Sampler,0,OK,Thread Group 1-970,text,true,898,362,362,0
1435902803977,49885,OS Process Sampler,0,OK,Thread Group 1-678,text,true,898,361,361,0
1435902808020,45844,OS Process Sampler,0,OK,Thread Group 1-885,text,true,898,360,360,0
1435902811221,42645,OS Process Sampler,0,OK,Thread Group 1-955,text,true,898,359,359,0
1435902808047,45841,OS Process Sampler,0,OK,Thread Group 1-815,text,true,898,358,358,0
1435902808038,45876,OS Process Sampler,0,OK,Thread Group 1-938,text,true,898,357,357,0
1435902808038,45892,OS Process Sampler,0,OK,Thread Group 1-937,text,true,898,356,356,0
1435902808037,45895,OS Process Sampler,0,OK,Thread Group 1-923,text,true,898,355,355,0
1435902808037,45898,OS Process Sampler,0,OK,Thread Group 1-932,text,true,898,354,354,0
1435902808035,45902,OS Process Sampler,0,OK,Thread Group 1-922,text,true,898,353,353,0
1435902808035,45902,OS Process Sampler,0,OK,Thread Group 1-921,text,true,898,352,352,0
1435902808035,45917,OS Process Sampler,0,OK,Thread Group 1-920,text,true,898,351,351,0
1435902808032,45922,OS Process Sampler,0,OK,Thread Group 1-910,text,true,898,350,350,0
1435902808032,45940,OS Process Sampler,0,OK,Thread Group 1-909,text,true,898,349,349,0
1435902811222,42751,OS Process Sampler,0,OK,Thread Group 1-957,text,true,898,348,348,0
1435902808005,45969,OS Process Sampler,0,OK,Thread Group 1-844,text,true,898,347,347,0
1435902811221,42765,OS Process Sampler,0,OK,Thread Group 1-956,text,true,898,346,346,0
1435902808019,45970,OS Process Sampler,0,OK,Thread Group 1-805,text,true,898,345,345,0
1435902811222,42769,OS Process Sampler,0,OK,Thread Group 1-958,text,true,898,344,344,0
1435902811221,42771,OS Process Sampler,0,OK,Thread Group 1-954,text,true,898,343,343,0
1435902808019,45977,OS Process Sampler,0,OK,Thread Group 1-881,text,true,898,342,342,0
1435902808010,46016,OS Process Sampler,0,OK,Thread Group 1-876,text,true,898,341,341,0
1435902808010,46019,OS Process Sampler,0,OK,Thread Group 1-874,text,true,898,340,340,0
1435902808009,46022,OS Process Sampler,0,OK,Thread Group 1-869,text,true,898,339,339,0
1435902808019,46024,OS Process Sampler,0,OK,Thread Group 1-878,text,true,898,338,338,0
1435902808008,46038,OS Process Sampler,0,OK,Thread Group 1-864,text,true,898,337,337,0
1435902808019,46028,OS Process Sampler,0,OK,Thread Group 1-880,text,true,898,336,336,0
1435902808008,46040,OS Process Sampler,0,OK,Thread Group 1-862,text,true,898,335,335,0
1435902811221,42829,OS Process Sampler,0,OK,Thread Group 1-953,text,true,898,334,334,0
1435902811220,42832,OS Process Sampler,0,OK,Thread Group 1-951,text,true,898,333,333,0
1435902811220,42879,OS Process Sampler,0,OK,Thread Group 1-950,text,true,898,332,332,0
1435902811220,42881,OS Process Sampler,0,OK,Thread Group 1-949,text,true,898,331,331,0
1435902808005,46098,OS Process Sampler,0,OK,Thread Group 1-846,text,true,898,330,330,0
1435902808007,46110,OS Process Sampler,0,OK,Thread Group 1-857,text,true,898,329,329,0
1435902811220,42897,OS Process Sampler,0,OK,Thread Group 1-948,text,true,898,328,328,0
1435902811220,42899,OS Process Sampler,0,OK,Thread Group 1-882,text,true,898,327,327,0
1435902808006,46114,OS Process Sampler,0,OK,Thread Group 1-855,text,true,898,326,326,0
1435902808004,46116,OS Process Sampler,0,OK,Thread Group 1-843,text,true,898,325,325,0
1435902808004,46117,OS Process Sampler,0,OK,Thread Group 1-841,text,true,898,324,324,0
1435902811220,42927,OS Process Sampler,0,OK,Thread Group 1-947,text,true,898,323,323,0
1435902811219,42930,OS Process Sampler,0,OK,Thread Group 1-946,text,true,898,322,322,0
1435902808003,46148,OS Process Sampler,0,OK,Thread Group 1-837,text,true,898,321,321,0
1435902811219,42946,OS Process Sampler,0,OK,Thread Group 1-945,text,true,898,320,320,0
1435902811219,42947,OS Process Sampler,0,OK,Thread Group 1-944,text,true,898,319,319,0
1435902811219,42960,OS Process Sampler,0,OK,Thread Group 1-943,text,true,898,318,318,0
1435902807992,46189,OS Process Sampler,0,OK,Thread Group 1-819,text,true,898,317,317,0
1435902807992,46190,OS Process Sampler,0,OK,Thread Group 1-818,text,true,898,316,316,0
1435902807992,46192,OS Process Sampler,0,OK,Thread Group 1-817,text,true,898,315,315,0
1435902811224,42962,OS Process Sampler,0,OK,Thread Group 1-972,text,true,898,314,314,0
1435902811224,42973,OS Process Sampler,0,OK,Thread Group 1-971,text,true,898,314,314,0
1435902811224,42976,OS Process Sampler,0,OK,Thread Group 1-964,text,true,898,313,313,0
1435902811223,42978,OS Process Sampler,0,OK,Thread Group 1-969,text,true,898,311,311,0
1435902811223,42994,OS Process Sampler,0,OK,Thread Group 1-968,text,true,898,310,310,0
1435902811223,43015,OS Process Sampler,0,OK,Thread Group 1-967,text,true,898,309,309,0
1435902807993,46246,OS Process Sampler,0,OK,Thread Group 1-824,text,true,898,308,308,0
1435902811223,43018,OS Process Sampler,0,OK,Thread Group 1-966,text,true,898,307,307,0
1435902811223,43037,OS Process Sampler,0,OK,Thread Group 1-965,text,true,898,306,306,0
1435902808003,46260,OS Process Sampler,0,OK,Thread Group 1-835,text,true,898,305,305,0
1435902811222,43041,OS Process Sampler,0,OK,Thread Group 1-962,text,true,898,304,304,0
1435902811222,43054,OS Process Sampler,0,OK,Thread Group 1-960,text,true,898,303,303,0
1435902811221,43055,OS Process Sampler,0,OK,Thread Group 1-952,text,true,898,302,302,0
1435902811234,43044,OS Process Sampler,0,OK,Thread Group 1-983,text,true,898,301,301,0
1435902811233,43048,OS Process Sampler,0,OK,Thread Group 1-977,text,true,898,300,300,0
1435902811236,43068,OS Process Sampler,0,OK,Thread Group 1-990,text,true,898,299,299,0
1435902811222,43109,OS Process Sampler,0,OK,Thread Group 1-959,text,true,898,299,299,0
1435902811222,43110,OS Process Sampler,0,OK,Thread Group 1-961,text,true,898,299,299,0
1435902811235,43098,OS Process Sampler,0,OK,Thread Group 1-989,text,true,898,299,299,0
1435902811235,43099,OS Process Sampler,0,OK,Thread Group 1-988,text,true,898,299,299,0
1435902811235,43102,OS Process Sampler,0,OK,Thread Group 1-987,text,true,898,294,294,0
1435902811234,43120,OS Process Sampler,0,OK,Thread Group 1-982,text,true,898,293,293,0
1435902811234,43122,OS Process Sampler,0,OK,Thread Group 1-981,text,true,898,292,292,0
1435902811234,43137,OS Process Sampler,0,OK,Thread Group 1-980,text,true,898,291,291,0
1435902811234,43139,OS Process Sampler,0,OK,Thread Group 1-979,text,true,898,290,290,0
1435902811233,43142,OS Process Sampler,0,OK,Thread Group 1-978,text,true,898,289,289,0
1435902811233,43144,OS Process Sampler,0,OK,Thread Group 1-976,text,true,898,288,288,0
1435902811224,43164,OS Process Sampler,0,OK,Thread Group 1-973,text,true,898,287,287,0
1435902811233,43157,OS Process Sampler,0,OK,Thread Group 1-974,text,true,898,286,286,0
1435902808019,46373,OS Process Sampler,0,OK,Thread Group 1-883,text,true,898,285,285,0
1435902811233,43172,OS Process Sampler,0,OK,Thread Group 1-975,text,true,898,284,284,0
1435902808010,46396,OS Process Sampler,0,OK,Thread Group 1-875,text,true,898,283,283,0
1435902808010,46398,OS Process Sampler,0,OK,Thread Group 1-873,text,true,898,282,282,0
1435902808009,46400,OS Process Sampler,0,OK,Thread Group 1-872,text,true,898,281,281,0
1435902808019,46402,OS Process Sampler,0,OK,Thread Group 1-879,text,true,898,280,280,0
1435902808009,46413,OS Process Sampler,0,OK,Thread Group 1-871,text,true,898,279,279,0
1435902808009,46414,OS Process Sampler,0,OK,Thread Group 1-870,text,true,898,278,278,0
1435902808009,46416,OS Process Sampler,0,OK,Thread Group 1-868,text,true,898,277,277,0
1435902808008,46430,OS Process Sampler,0,OK,Thread Group 1-865,text,true,898,276,276,0
1435902808008,46431,OS Process Sampler,0,OK,Thread Group 1-863,text,true,898,275,275,0
1435902808009,46432,OS Process Sampler,0,OK,Thread Group 1-867,text,true,898,274,274,0
1435902808008,46443,OS Process Sampler,0,OK,Thread Group 1-861,text,true,898,273,273,0
1435902808007,46446,OS Process Sampler,0,OK,Thread Group 1-860,text,true,898,272,272,0
1435902808007,46447,OS Process Sampler,0,OK,Thread Group 1-859,text,true,898,271,271,0
1435902802492,51975,OS Process Sampler,0,OK,Thread Group 1-485,text,true,898,270,270,0
1435902808007,46462,OS Process Sampler,0,OK,Thread Group 1-850,text,true,898,269,269,0
1435902808006,46465,OS Process Sampler,0,OK,Thread Group 1-856,text,true,898,268,268,0
1435902808007,46464,OS Process Sampler,0,OK,Thread Group 1-858,text,true,898,267,267,0
1435902808006,46467,OS Process Sampler,0,OK,Thread Group 1-854,text,true,898,266,266,0
1435902808006,46477,OS Process Sampler,0,OK,Thread Group 1-853,text,true,898,265,265,0
1435902808006,46479,OS Process Sampler,0,OK,Thread Group 1-852,text,true,898,264,264,0
1435902808006,46480,OS Process Sampler,0,OK,Thread Group 1-851,text,true,898,263,263,0
1435902808005,46484,OS Process Sampler,0,OK,Thread Group 1-849,text,true,898,262,262,0
1435902808005,46485,OS Process Sampler,0,OK,Thread Group 1-848,text,true,898,261,261,0
1435902811236,43265,OS Process Sampler,0,OK,Thread Group 1-991,text,true,898,261,261,0
1435902808005,46497,OS Process Sampler,0,OK,Thread Group 1-847,text,true,898,260,260,0
1435902808005,46500,OS Process Sampler,0,OK,Thread Group 1-845,text,true,898,258,258,0
1435902808004,46502,OS Process Sampler,0,OK,Thread Group 1-842,text,true,898,257,257,0
1435902808004,46513,OS Process Sampler,0,OK,Thread Group 1-840,text,true,898,257,257,0
1435902808004,46514,OS Process Sampler,0,OK,Thread Group 1-839,text,true,898,256,256,0
1435902808003,46517,OS Process Sampler,0,OK,Thread Group 1-838,text,true,898,254,254,0
1435902808003,46519,OS Process Sampler,0,OK,Thread Group 1-836,text,true,898,253,253,0
1435902808003,46529,OS Process Sampler,0,OK,Thread Group 1-834,text,true,898,252,252,0
1435902808003,46531,OS Process Sampler,0,OK,Thread Group 1-833,text,true,898,251,251,0
1435902808002,46533,OS Process Sampler,0,OK,Thread Group 1-832,text,true,898,250,250,0
1435902807994,46543,OS Process Sampler,0,OK,Thread Group 1-830,text,true,898,249,249,0
1435902807994,46544,OS Process Sampler,0,OK,Thread Group 1-829,text,true,898,248,248,0
1435902807993,46557,OS Process Sampler,0,OK,Thread Group 1-827,text,true,898,247,247,0
1435902807993,46561,OS Process Sampler,0,OK,Thread Group 1-826,text,true,898,246,246,0
1435902807993,46575,OS Process Sampler,0,OK,Thread Group 1-825,text,true,898,245,245,0
1435902807994,46574,OS Process Sampler,0,OK,Thread Group 1-828,text,true,898,244,244,0
1435902807993,46577,OS Process Sampler,0,OK,Thread Group 1-823,text,true,898,243,243,0
1435902807993,46578,OS Process Sampler,0,OK,Thread Group 1-822,text,true,898,242,242,0
1435902807992,46580,OS Process Sampler,0,OK,Thread Group 1-821,text,true,898,241,241,0
1435902807992,46582,OS Process Sampler,0,OK,Thread Group 1-820,text,true,898,240,240,0
1435902811237,43339,OS Process Sampler,0,OK,Thread Group 1-996,text,true,898,239,239,0
1435902811237,43340,OS Process Sampler,0,OK,Thread Group 1-998,text,true,898,238,238,0
1435902811237,43342,OS Process Sampler,0,OK,Thread Group 1-997,text,true,898,237,237,0
1435902811237,43357,OS Process Sampler,0,OK,Thread Group 1-995,text,true,898,236,236,0
1435902811236,43359,OS Process Sampler,0,OK,Thread Group 1-994,text,true,898,235,235,0
1435902811236,43361,OS Process Sampler,0,OK,Thread Group 1-993,text,true,898,234,234,0
1435902811236,43363,OS Process Sampler,0,OK,Thread Group 1-992,text,true,898,233,233,0
1435902811237,43377,OS Process Sampler,0,OK,Thread Group 1-1000,text,true,898,232,232,0
1435902811237,43382,OS Process Sampler,0,OK,Thread Group 1-999,text,true,898,231,231,0
1435902807994,46642,OS Process Sampler,0,OK,Thread Group 1-831,text,true,898,230,230,0
1435902811238,43398,OS Process Sampler,0,OK,Thread Group 1-963,text,true,898,229,229,0
1435902811251,43387,OS Process Sampler,0,OK,Thread Group 1-877,text,true,898,228,228,0
1435902811235,43416,OS Process Sampler,0,OK,Thread Group 1-985,text,true,898,227,227,0
1435902811234,43420,OS Process Sampler,0,OK,Thread Group 1-984,text,true,898,226,226,0
1435902808039,46617,OS Process Sampler,0,OK,Thread Group 1-941,text,true,898,225,225,0
1435902811239,43417,OS Process Sampler,0,OK,Thread Group 1-942,text,true,898,224,224,0
1435902808038,46620,OS Process Sampler,0,OK,Thread Group 1-940,text,true,898,223,223,0
1435902811235,43423,OS Process Sampler,0,OK,Thread Group 1-986,text,true,898,222,222,0
1435902808038,46637,OS Process Sampler,0,OK,Thread Group 1-935,text,true,898,221,221,0
1435902808037,46640,OS Process Sampler,0,OK,Thread Group 1-934,text,true,898,220,220,0
1435902808037,46642,OS Process Sampler,0,OK,Thread Group 1-933,text,true,898,219,219,0
1435902808036,46656,OS Process Sampler,0,OK,Thread Group 1-930,text,true,898,218,218,0
1435902808038,46654,OS Process Sampler,0,OK,Thread Group 1-936,text,true,898,217,217,0
1435902808036,46658,OS Process Sampler,0,OK,Thread Group 1-929,text,true,898,216,216,0
1435902808036,46660,OS Process Sampler,0,OK,Thread Group 1-928,text,true,898,215,215,0
1435902808037,46669,OS Process Sampler,0,OK,Thread Group 1-931,text,true,898,214,214,0
1435902808036,46673,OS Process Sampler,0,OK,Thread Group 1-926,text,true,898,213,213,0
1435902808036,46674,OS Process Sampler,0,OK,Thread Group 1-925,text,true,898,212,212,0
1435902808035,46677,OS Process Sampler,0,OK,Thread Group 1-924,text,true,898,211,211,0
1435902808035,46689,OS Process Sampler,0,OK,Thread Group 1-919,text,true,898,210,210,0
1435902808035,46691,OS Process Sampler,0,OK,Thread Group 1-918,text,true,898,209,209,0
1435902808034,46694,OS Process Sampler,0,OK,Thread Group 1-917,text,true,898,208,208,0
1435902808036,46693,OS Process Sampler,0,OK,Thread Group 1-927,text,true,898,207,207,0
1435902808033,46708,OS Process Sampler,0,OK,Thread Group 1-914,text,true,898,206,206,0
1435902808033,46709,OS Process Sampler,0,OK,Thread Group 1-913,text,true,898,205,205,0
1435902808033,46711,OS Process Sampler,0,OK,Thread Group 1-912,text,true,898,204,204,0
1435902808033,46711,OS Process Sampler,0,OK,Thread Group 1-915,text,true,898,203,203,0
1435902808032,46725,OS Process Sampler,0,OK,Thread Group 1-908,text,true,898,202,202,0
1435902804010,50749,OS Process Sampler,0,OK,Thread Group 1-748,text,true,898,201,201,0
1435902804009,50752,OS Process Sampler,0,OK,Thread Group 1-747,text,true,898,200,200,0
1435902808032,46729,OS Process Sampler,0,OK,Thread Group 1-911,text,true,898,199,199,0
1435902804009,50752,OS Process Sampler,0,OK,Thread Group 1-807,text,true,898,198,198,0
1435902804007,50765,OS Process Sampler,0,OK,Thread Group 1-744,text,true,898,197,197,0
1435902804007,50766,OS Process Sampler,0,OK,Thread Group 1-743,text,true,898,196,196,0
1435902804007,50767,OS Process Sampler,0,OK,Thread Group 1-742,text,true,898,195,195,0
1435902804007,50768,OS Process Sampler,0,OK,Thread Group 1-745,text,true,898,194,194,0
1435902804006,50771,OS Process Sampler,0,OK,Thread Group 1-740,text,true,898,193,193,0
1435902804006,50771,OS Process Sampler,0,OK,Thread Group 1-739,text,true,898,192,192,0
1435902803997,50790,OS Process Sampler,0,OK,Thread Group 1-734,text,true,898,191,191,0
1435902803997,50792,OS Process Sampler,0,OK,Thread Group 1-733,text,true,898,190,190,0
1435902803997,50793,OS Process Sampler,0,OK,Thread Group 1-732,text,true,898,189,189,0
1435902803997,50793,OS Process Sampler,0,OK,Thread Group 1-735,text,true,898,188,188,0
1435902803997,50793,OS Process Sampler,0,OK,Thread Group 1-731,text,true,898,187,187,0
1435902803997,50795,OS Process Sampler,0,OK,Thread Group 1-730,text,true,898,186,186,0
1435902803996,50797,OS Process Sampler,0,OK,Thread Group 1-729,text,true,898,185,185,0
1435902803996,50798,OS Process Sampler,0,OK,Thread Group 1-728,text,true,898,184,184,0
1435902803996,50808,OS Process Sampler,0,OK,Thread Group 1-726,text,true,898,183,183,0
1435902803996,50809,OS Process Sampler,0,OK,Thread Group 1-724,text,true,898,182,182,0
1435902803995,50813,OS Process Sampler,0,OK,Thread Group 1-723,text,true,898,181,181,0
1435902803996,50812,OS Process Sampler,0,OK,Thread Group 1-727,text,true,898,180,180,0
1435902803995,50815,OS Process Sampler,0,OK,Thread Group 1-722,text,true,898,179,179,0
1435902803995,50825,OS Process Sampler,0,OK,Thread Group 1-720,text,true,898,178,178,0
1435902803995,50826,OS Process Sampler,0,OK,Thread Group 1-718,text,true,898,177,177,0
1435902803995,50829,OS Process Sampler,0,OK,Thread Group 1-717,text,true,898,176,176,0
1435902803995,50829,OS Process Sampler,0,OK,Thread Group 1-721,text,true,898,175,175,0
1435902803994,50831,OS Process Sampler,0,OK,Thread Group 1-716,text,true,898,174,174,0
1435902803994,50832,OS Process Sampler,0,OK,Thread Group 1-715,text,true,898,173,173,0
1435902803994,50842,OS Process Sampler,0,OK,Thread Group 1-711,text,true,898,172,172,0
1435902803993,50845,OS Process Sampler,0,OK,Thread Group 1-710,text,true,898,171,171,0
1435902803993,50847,OS Process Sampler,0,OK,Thread Group 1-709,text,true,898,170,170,0
1435902803994,50846,OS Process Sampler,0,OK,Thread Group 1-712,text,true,898,169,169,0
1435902803993,50847,OS Process Sampler,0,OK,Thread Group 1-708,text,true,898,168,168,0
1435902803993,50848,OS Process Sampler,0,OK,Thread Group 1-707,text,true,898,167,167,0
1435902803993,50861,OS Process Sampler,0,OK,Thread Group 1-706,text,true,898,166,166,0
1435902803993,50862,OS Process Sampler,0,OK,Thread Group 1-705,text,true,898,165,165,0
1435902803992,50864,OS Process Sampler,0,OK,Thread Group 1-704,text,true,898,164,164,0
1435902803992,50865,OS Process Sampler,0,OK,Thread Group 1-703,text,true,898,163,163,0
1435902803992,50866,OS Process Sampler,0,OK,Thread Group 1-701,text,true,898,162,162,0
1435902803991,50877,OS Process Sampler,0,OK,Thread Group 1-693,text,true,898,161,161,0
1435902803991,50878,OS Process Sampler,0,OK,Thread Group 1-698,text,true,898,160,160,0
1435902803991,50881,OS Process Sampler,0,OK,Thread Group 1-697,text,true,898,159,159,0
1435902803992,50880,OS Process Sampler,0,OK,Thread Group 1-700,text,true,898,158,158,0
1435902803991,50882,OS Process Sampler,0,OK,Thread Group 1-695,text,true,898,157,157,0
1435902803991,50883,OS Process Sampler,0,OK,Thread Group 1-694,text,true,898,156,156,0
1435902803990,50884,OS Process Sampler,0,OK,Thread Group 1-692,text,true,898,155,155,0
1435902803990,50895,OS Process Sampler,0,OK,Thread Group 1-691,text,true,898,154,154,0
1435902803990,50895,OS Process Sampler,0,OK,Thread Group 1-690,text,true,898,153,153,0
1435902803990,50896,OS Process Sampler,0,OK,Thread Group 1-689,text,true,898,152,152,0
1435902803990,50897,OS Process Sampler,0,OK,Thread Group 1-688,text,true,898,151,151,0
1435902803990,50898,OS Process Sampler,0,OK,Thread Group 1-687,text,true,898,150,150,0
1435902803981,50908,OS Process Sampler,0,OK,Thread Group 1-684,text,true,898,149,149,0
1435902803981,50910,OS Process Sampler,0,OK,Thread Group 1-683,text,true,898,148,148,0
1435902803981,50923,OS Process Sampler,0,OK,Thread Group 1-682,text,true,898,147,147,0
1435902803981,50925,OS Process Sampler,0,OK,Thread Group 1-681,text,true,898,146,146,0
1435902803980,50927,OS Process Sampler,0,OK,Thread Group 1-680,text,true,898,145,145,0
1435902803980,50927,OS Process Sampler,0,OK,Thread Group 1-679,text,true,898,144,144,0
1435902803980,50928,OS Process Sampler,0,OK,Thread Group 1-663,text,true,898,143,143,0
1435902803980,50928,OS Process Sampler,0,OK,Thread Group 1-664,text,true,898,142,142,0
1435902803980,50929,OS Process Sampler,0,OK,Thread Group 1-665,text,true,898,141,141,0
1435902803980,50930,OS Process Sampler,0,OK,Thread Group 1-666,text,true,898,140,140,0
1435902803979,50934,OS Process Sampler,0,OK,Thread Group 1-669,text,true,898,139,139,0
1435902803979,50934,OS Process Sampler,0,OK,Thread Group 1-670,text,true,898,138,138,0
1435902803979,50950,OS Process Sampler,0,OK,Thread Group 1-671,text,true,898,137,137,0
1435902803978,50952,OS Process Sampler,0,OK,Thread Group 1-672,text,true,898,136,136,0
1435902803978,50953,OS Process Sampler,0,OK,Thread Group 1-673,text,true,898,135,135,0
1435902802509,52423,OS Process Sampler,0,OK,Thread Group 1-603,text,true,898,134,134,0
1435902803978,50955,OS Process Sampler,0,OK,Thread Group 1-674,text,true,898,133,133,0
1435902802511,52422,OS Process Sampler,0,OK,Thread Group 1-621,text,true,898,132,132,0
1435902803978,50957,OS Process Sampler,0,OK,Thread Group 1-675,text,true,898,131,131,0
1435902802509,52426,OS Process Sampler,0,OK,Thread Group 1-601,text,true,898,130,130,0
1435902803978,50958,OS Process Sampler,0,OK,Thread Group 1-676,text,true,898,129,129,0
1435902802509,52428,OS Process Sampler,0,OK,Thread Group 1-606,text,true,898,128,128,0
1435902802511,52427,OS Process Sampler,0,OK,Thread Group 1-625,text,true,898,127,127,0
1435902802509,52430,OS Process Sampler,0,OK,Thread Group 1-600,text,true,898,126,126,0
1435902802510,52442,OS Process Sampler,0,OK,Thread Group 1-608,text,true,898,125,125,0
1435902803977,50976,OS Process Sampler,0,OK,Thread Group 1-662,text,true,898,124,124,0
1435902804026,50929,OS Process Sampler,0,OK,Thread Group 1-792,text,true,898,123,123,0
1435902804026,50929,OS Process Sampler,0,OK,Thread Group 1-791,text,true,898,122,122,0
1435902804026,50931,OS Process Sampler,0,OK,Thread Group 1-790,text,true,898,121,121,0
1435902804025,50933,OS Process Sampler,0,OK,Thread Group 1-788,text,true,898,120,120,0
1435902804025,50934,OS Process Sampler,0,OK,Thread Group 1-787,text,true,898,119,119,0
1435902804025,50935,OS Process Sampler,0,OK,Thread Group 1-786,text,true,898,118,118,0
1435902804025,50936,OS Process Sampler,0,OK,Thread Group 1-785,text,true,898,117,117,0
1435902804025,50937,OS Process Sampler,0,OK,Thread Group 1-784,text,true,898,116,116,0
1435902804024,50938,OS Process Sampler,0,OK,Thread Group 1-782,text,true,898,115,115,0
1435902804024,50939,OS Process Sampler,0,OK,Thread Group 1-781,text,true,898,114,114,0
1435902804024,50956,OS Process Sampler,0,OK,Thread Group 1-780,text,true,898,113,113,0
1435902804024,50956,OS Process Sampler,0,OK,Thread Group 1-779,text,true,898,112,112,0
1435902804023,50957,OS Process Sampler,0,OK,Thread Group 1-777,text,true,898,111,111,0
1435902804023,50958,OS Process Sampler,0,OK,Thread Group 1-776,text,true,898,110,110,0
1435902804023,50958,OS Process Sampler,0,OK,Thread Group 1-773,text,true,898,109,109,0
1435902804023,50958,OS Process Sampler,0,OK,Thread Group 1-772,text,true,898,108,108,0
1435902804022,50960,OS Process Sampler,0,OK,Thread Group 1-770,text,true,898,107,107,0
1435902804022,50960,OS Process Sampler,0,OK,Thread Group 1-769,text,true,898,106,106,0
1435902804022,50960,OS Process Sampler,0,OK,Thread Group 1-768,text,true,898,105,105,0
1435902804013,50969,OS Process Sampler,0,OK,Thread Group 1-765,text,true,898,104,104,0
1435902804013,50982,OS Process Sampler,0,OK,Thread Group 1-764,text,true,898,103,103,0
1435902804013,50982,OS Process Sampler,0,OK,Thread Group 1-763,text,true,898,102,102,0
1435902804013,50982,OS Process Sampler,0,OK,Thread Group 1-761,text,true,898,101,101,0
1435902804012,50983,OS Process Sampler,0,OK,Thread Group 1-760,text,true,898,100,100,0
1435902804012,50984,OS Process Sampler,0,OK,Thread Group 1-759,text,true,898,99,99,0
1435902804012,50984,OS Process Sampler,0,OK,Thread Group 1-758,text,true,898,98,98,0
1435902804012,50984,OS Process Sampler,0,OK,Thread Group 1-757,text,true,898,97,97,0
1435902804012,50985,OS Process Sampler,0,OK,Thread Group 1-756,text,true,898,96,96,0
1435902804011,50986,OS Process Sampler,0,OK,Thread Group 1-754,text,true,898,95,95,0
1435902804011,50986,OS Process Sampler,0,OK,Thread Group 1-753,text,true,898,94,94,0
1435902804010,50988,OS Process Sampler,0,OK,Thread Group 1-752,text,true,898,93,93,0
1435902804010,50988,OS Process Sampler,0,OK,Thread Group 1-751,text,true,898,92,92,0
1435902804010,50988,OS Process Sampler,0,OK,Thread Group 1-750,text,true,898,91,91,0
1435902807991,47007,OS Process Sampler,0,OK,Thread Group 1-816,text,true,898,90,90,0
1435902808038,46961,OS Process Sampler,0,OK,Thread Group 1-939,text,true,898,89,89,0
1435902802513,52486,OS Process Sampler,0,OK,Thread Group 1-641,text,true,898,88,88,0
1435902802498,52501,OS Process Sampler,0,OK,Thread Group 1-450,text,true,898,87,87,0
1435902803977,51023,OS Process Sampler,0,OK,Thread Group 1-661,text,true,898,86,86,0
1435902803977,51023,OS Process Sampler,0,OK,Thread Group 1-660,text,true,898,85,85,0
1435902803977,51023,OS Process Sampler,0,OK,Thread Group 1-659,text,true,898,84,84,0
1435902802493,52507,OS Process Sampler,0,OK,Thread Group 1-476,text,true,898,83,83,0
1435902801487,53517,OS Process Sampler,0,OK,Thread Group 1-508,text,true,898,82,82,0
1435902801486,53518,OS Process Sampler,0,OK,Thread Group 1-516,text,true,898,81,81,0
1435902801485,53519,OS Process Sampler,0,OK,Thread Group 1-518,text,true,898,80,80,0
1435902802492,52512,OS Process Sampler,0,OK,Thread Group 1-486,text,true,898,79,79,0
1435902802491,52526,OS Process Sampler,0,OK,Thread Group 1-487,text,true,898,78,78,0
1435902801481,53536,OS Process Sampler,0,OK,Thread Group 1-541,text,true,898,77,77,0
1435902802491,52527,OS Process Sampler,0,OK,Thread Group 1-488,text,true,898,76,76,0
1435902801471,53547,OS Process Sampler,0,OK,Thread Group 1-555,text,true,898,75,75,0
1435902802491,52527,OS Process Sampler,0,OK,Thread Group 1-489,text,true,898,74,74,0
1435902802491,52527,OS Process Sampler,0,OK,Thread Group 1-490,text,true,898,73,73,0
1435902802491,52528,OS Process Sampler,0,OK,Thread Group 1-491,text,true,898,72,72,0
1435902804030,50989,OS Process Sampler,0,OK,Thread Group 1-813,text,true,898,71,71,0
1435902804029,50990,OS Process Sampler,0,OK,Thread Group 1-812,text,true,898,70,70,0
1435902804029,50991,OS Process Sampler,0,OK,Thread Group 1-811,text,true,898,69,69,0
1435902804029,50991,OS Process Sampler,0,OK,Thread Group 1-810,text,true,898,68,68,0
1435902804029,50991,OS Process Sampler,0,OK,Thread Group 1-808,text,true,898,67,67,0
1435902804028,50992,OS Process Sampler,0,OK,Thread Group 1-746,text,true,898,66,66,0
1435902804028,50993,OS Process Sampler,0,OK,Thread Group 1-804,text,true,898,65,65,0
1435902804028,50993,OS Process Sampler,0,OK,Thread Group 1-803,text,true,898,64,64,0
1435902804028,50993,OS Process Sampler,0,OK,Thread Group 1-801,text,true,898,63,63,0
1435902804027,50995,OS Process Sampler,0,OK,Thread Group 1-800,text,true,898,62,62,0
1435902804027,50995,OS Process Sampler,0,OK,Thread Group 1-799,text,true,898,61,61,0
1435902804027,50995,OS Process Sampler,0,OK,Thread Group 1-798,text,true,898,60,60,0
1435902804027,50995,OS Process Sampler,0,OK,Thread Group 1-797,text,true,898,59,59,0
1435902804027,50996,OS Process Sampler,0,OK,Thread Group 1-795,text,true,898,58,58,0
1435902804051,50972,OS Process Sampler,0,OK,Thread Group 1-656,text,true,898,57,57,0
1435902802510,52513,OS Process Sampler,0,OK,Thread Group 1-611,text,true,898,56,56,0
1435902802512,52512,OS Process Sampler,0,OK,Thread Group 1-635,text,true,898,55,55,0
1435902802511,52513,OS Process Sampler,0,OK,Thread Group 1-622,text,true,898,54,54,0
1435902802514,52510,OS Process Sampler,0,OK,Thread Group 1-647,text,true,898,53,53,0
1435902802509,52515,OS Process Sampler,0,OK,Thread Group 1-604,text,true,898,52,52,0
1435902802509,52516,OS Process Sampler,0,OK,Thread Group 1-598,text,true,898,51,51,0
1435902802511,52522,OS Process Sampler,0,OK,Thread Group 1-624,text,true,898,51,51,0
1435902802511,52522,OS Process Sampler,0,OK,Thread Group 1-618,text,true,898,50,50,0
1435902802513,52521,OS Process Sampler,0,OK,Thread Group 1-645,text,true,898,49,49,0
1435902802514,52520,OS Process Sampler,0,OK,Thread Group 1-651,text,true,898,48,48,0
1435902802510,52524,OS Process Sampler,0,OK,Thread Group 1-613,text,true,898,46,46,0
1435902802513,52522,OS Process Sampler,0,OK,Thread Group 1-643,text,true,898,45,45,0
1435902802512,52523,OS Process Sampler,0,OK,Thread Group 1-629,text,true,898,44,44,0
1435902802510,52525,OS Process Sampler,0,OK,Thread Group 1-616,text,true,898,43,43,0
1435902802510,52525,OS Process Sampler,0,OK,Thread Group 1-612,text,true,898,42,42,0
1435902802512,52524,OS Process Sampler,0,OK,Thread Group 1-631,text,true,898,41,41,0
1435902802513,52523,OS Process Sampler,0,OK,Thread Group 1-638,text,true,898,40,40,0
1435902802511,52526,OS Process Sampler,0,OK,Thread Group 1-619,text,true,898,39,39,0
1435902802514,52523,OS Process Sampler,0,OK,Thread Group 1-654,text,true,898,38,38,0
1435902802511,52526,OS Process Sampler,0,OK,Thread Group 1-626,text,true,898,37,37,0
1435902802512,52525,OS Process Sampler,0,OK,Thread Group 1-633,text,true,898,36,36,0
1435902802509,52529,OS Process Sampler,0,OK,Thread Group 1-605,text,true,898,35,35,0
1435902802512,52526,OS Process Sampler,0,OK,Thread Group 1-628,text,true,898,34,34,0
1435902802512,52526,OS Process Sampler,0,OK,Thread Group 1-632,text,true,898,33,33,0
1435902802514,52525,OS Process Sampler,0,OK,Thread Group 1-650,text,true,898,32,32,0
1435902802510,52529,OS Process Sampler,0,OK,Thread Group 1-615,text,true,898,31,31,0
1435902802515,52524,OS Process Sampler,0,OK,Thread Group 1-657,text,true,898,30,30,0
1435902802514,52526,OS Process Sampler,0,OK,Thread Group 1-649,text,true,898,29,29,0
1435902802512,52528,OS Process Sampler,0,OK,Thread Group 1-630,text,true,898,28,28,0
1435902802509,52531,OS Process Sampler,0,OK,Thread Group 1-597,text,true,898,27,27,0
1435902802513,52528,OS Process Sampler,0,OK,Thread Group 1-637,text,true,898,26,26,0
1435902802514,52527,OS Process Sampler,0,OK,Thread Group 1-653,text,true,898,25,25,0
1435902802514,52527,OS Process Sampler,0,OK,Thread Group 1-646,text,true,898,24,24,0
1435902802509,52533,OS Process Sampler,0,OK,Thread Group 1-602,text,true,898,23,23,0
1435902802513,52530,OS Process Sampler,0,OK,Thread Group 1-636,text,true,898,22,22,0
1435902802513,52530,OS Process Sampler,0,OK,Thread Group 1-639,text,true,898,21,21,0
1435902802513,52530,OS Process Sampler,0,OK,Thread Group 1-640,text,true,898,20,20,0
1435902802510,52534,OS Process Sampler,0,OK,Thread Group 1-609,text,true,898,19,19,0
1435902802509,52535,OS Process Sampler,0,OK,Thread Group 1-599,text,true,898,18,18,0
1435902802514,52544,OS Process Sampler,0,OK,Thread Group 1-655,text,true,898,17,17,0
1435902802513,52545,OS Process Sampler,0,OK,Thread Group 1-642,text,true,898,16,16,0
1435902802514,52544,OS Process Sampler,0,OK,Thread Group 1-652,text,true,898,15,15,0
1435902802512,52547,OS Process Sampler,0,OK,Thread Group 1-627,text,true,898,14,14,0
1435902802508,52551,OS Process Sampler,0,OK,Thread Group 1-719,text,true,898,13,13,0
1435902802491,52568,OS Process Sampler,0,OK,Thread Group 1-492,text,true,898,12,12,0
1435902802507,52553,OS Process Sampler,0,OK,Thread Group 1-445,text,true,898,11,11,0
1435902802498,52562,OS Process Sampler,0,OK,Thread Group 1-447,text,true,898,10,10,0
1435902802498,52566,OS Process Sampler,0,OK,Thread Group 1-448,text,true,898,9,9,0
1435902803981,51083,OS Process Sampler,0,OK,Thread Group 1-685,text,true,898,8,8,0
1435902803976,51115,OS Process Sampler,0,OK,Thread Group 1-658,text,true,898,7,7,0
1435902804014,51079,OS Process Sampler,0,OK,Thread Group 1-767,text,true,898,6,6,0
1435902803991,51148,OS Process Sampler,0,OK,Thread Group 1-696,text,true,898,5,5,0
1435902808008,47153,OS Process Sampler,0,OK,Thread Group 1-866,text,true,898,4,4,0
1435902804026,51136,OS Process Sampler,0,OK,Thread Group 1-794,text,true,898,3,3,0
1435902804027,51145,OS Process Sampler,0,OK,Thread Group 1-796,text,true,898,2,2,0
1435902808031,47146,OS Process Sampler,0,OK,Thread Group 1-905,text,true,898,1,1,0
