1435742244974,4341,OS Process Sampler,0,OK,Thread Group 1-6,text,true,901,56,56,0
1435742245070,4722,OS Process Sampler,0,OK,Thread Group 1-13,text,true,901,55,55,0
1435742247249,2545,OS Process Sampler,0,OK,Thread Group 1-53,text,true,901,54,54,0
1435742246055,3739,OS Process Sampler,0,OK,Thread Group 1-49,text,true,901,53,53,0
1435742245054,4740,OS Process Sampler,0,OK,Thread Group 1-12,text,true,901,52,52,0
1435742245905,3890,OS Process Sampler,0,OK,Thread Group 1-46,text,true,901,51,51,0
1435742245881,3914,OS Process Sampler,0,OK,Thread Group 1-45,text,true,901,50,50,0
1435742245044,4752,OS Process Sampler,0,OK,Thread Group 1-11,text,true,901,49,49,0
1435742246038,3758,OS Process Sampler,0,OK,Thread Group 1-43,text,true,901,48,48,0
1435742245826,3963,OS Process Sampler,0,OK,Thread Group 1-44,text,true,901,56,56,0
1435742245478,4311,OS Process Sampler,0,OK,Thread Group 1-27,text,true,901,56,56,0
1435742245131,4658,OS Process Sampler,0,OK,Thread Group 1-17,text,true,901,56,56,0
1435742244963,4828,OS Process Sampler,0,OK,Thread Group 1-4,text,true,901,56,56,0
1435742245107,4684,OS Process Sampler,0,OK,Thread Group 1-15,text,true,901,56,56,0
1435742245022,4769,OS Process Sampler,0,OK,Thread Group 1-7,text,true,901,56,56,0
1435742245155,4344,OS Process Sampler,0,OK,Thread Group 1-19,text,true,901,56,56,0
1435742245176,4304,OS Process Sampler,0,OK,Thread Group 1-21,text,true,901,56,56,0
1435742245359,3151,OS Process Sampler,0,OK,Thread Group 1-31,text,true,901,56,56,0
1435742245244,3142,OS Process Sampler,0,OK,Thread Group 1-26,text,true,901,56,56,0
1435742245637,2647,OS Process Sampler,0,OK,Thread Group 1-40,text,true,901,56,56,0
1435742244964,2803,OS Process Sampler,0,OK,Thread Group 1-2,text,true,901,56,56,0
1435742245204,3428,OS Process Sampler,0,OK,Thread Group 1-23,text,true,901,56,56,0
1435742245230,3434,OS Process Sampler,0,OK,Thread Group 1-25,text,true,901,56,56,0
1435742245411,3412,OS Process Sampler,0,OK,Thread Group 1-33,text,true,901,56,56,0
1435742245022,3805,OS Process Sampler,0,OK,Thread Group 1-9,text,true,901,56,56,0
1435742245683,3197,OS Process Sampler,0,OK,Thread Group 1-41,text,true,901,56,56,0
1435742245326,3617,OS Process Sampler,0,OK,Thread Group 1-29,text,true,901,56,56,0
1435742245012,3990,OS Process Sampler,0,OK,Thread Group 1-8,text,true,901,56,56,0
1435742245549,3474,OS Process Sampler,0,OK,Thread Group 1-38,text,true,901,56,56,0
1435742245171,3881,OS Process Sampler,0,OK,Thread Group 1-20,text,true,901,56,56,0
1435742244964,4107,OS Process Sampler,0,OK,Thread Group 1-1,text,true,901,56,56,0
1435742245382,3835,OS Process Sampler,0,OK,Thread Group 1-32,text,true,901,56,56,0
1435742245524,3748,OS Process Sampler,0,OK,Thread Group 1-37,text,true,901,56,56,0
1435742245110,4016,OS Process Sampler,0,OK,Thread Group 1-16,text,true,901,56,56,0
1435742245264,4525,OS Process Sampler,0,OK,Thread Group 1-28,text,true,901,56,56,0
1435742245609,4081,OS Process Sampler,0,OK,Thread Group 1-39,text,true,901,56,56,0
1435742245475,4177,OS Process Sampler,0,OK,Thread Group 1-35,text,true,901,56,56,0
1435742245038,4565,OS Process Sampler,0,OK,Thread Group 1-10,text,true,901,56,56,0
1435742245147,4416,OS Process Sampler,0,OK,Thread Group 1-18,text,true,901,56,56,0
1435742245500,4001,OS Process Sampler,0,OK,Thread Group 1-36,text,true,901,56,56,0
1435742245743,3758,OS Process Sampler,0,OK,Thread Group 1-42,text,true,901,56,56,0
1435742244964,4911,OS Process Sampler,0,OK,Thread Group 1-3,text,true,901,32,32,0
1435742246193,3693,OS Process Sampler,0,OK,Thread Group 1-52,text,true,901,32,32,0
1435742245345,4542,OS Process Sampler,0,OK,Thread Group 1-30,text,true,901,32,32,0
1435742246079,3811,OS Process Sampler,0,OK,Thread Group 1-50,text,true,901,32,32,0
1435742245086,4805,OS Process Sampler,0,OK,Thread Group 1-14,text,true,901,32,32,0
1435742245189,4766,OS Process Sampler,0,OK,Thread Group 1-22,text,true,901,11,11,0
1435742245977,3992,OS Process Sampler,0,OK,Thread Group 1-48,text,true,901,10,10,0
1435742245211,4823,OS Process Sampler,0,OK,Thread Group 1-24,text,true,901,8,8,0
1435742245451,4652,OS Process Sampler,0,OK,Thread Group 1-34,text,true,901,7,7,0
1435742247395,2800,OS Process Sampler,0,OK,Thread Group 1-56,text,true,901,6,6,0
1435742245950,4254,OS Process Sampler,0,OK,Thread Group 1-47,text,true,901,6,6,0
1435742244965,5267,OS Process Sampler,0,OK,Thread Group 1-5,text,true,901,4,4,0
1435742247271,2980,OS Process Sampler,0,OK,Thread Group 1-54,text,true,901,3,3,0
1435742246127,4142,OS Process Sampler,0,OK,Thread Group 1-51,text,true,901,2,2,0
1435742247339,2935,OS Process Sampler,0,OK,Thread Group 1-55,text,true,901,1,1,0
1435742252456,29538,OS Process Sampler,0,OK,Thread Group 1-210,text,true,901,348,348,0
1435742250813,31182,OS Process Sampler,0,OK,Thread Group 1-72,text,true,901,348,348,0
1435742250399,31609,OS Process Sampler,0,OK,Thread Group 1-57,text,true,901,346,346,0
1435742250608,31400,OS Process Sampler,0,OK,Thread Group 1-58,text,true,901,345,345,0
1435742250704,31304,OS Process Sampler,0,OK,Thread Group 1-63,text,true,901,344,344,0
1435742252352,29657,OS Process Sampler,0,OK,Thread Group 1-203,text,true,901,343,343,0
1435742250698,31311,OS Process Sampler,0,OK,Thread Group 1-62,text,true,901,342,342,0
1435742250792,31217,OS Process Sampler,0,OK,Thread Group 1-71,text,true,901,341,341,0
1435742251783,29661,OS Process Sampler,0,OK,Thread Group 1-152,text,true,901,340,340,0
1435742250735,31275,OS Process Sampler,0,OK,Thread Group 1-66,text,true,901,339,339,0
1435742250775,31235,OS Process Sampler,0,OK,Thread Group 1-69,text,true,901,338,338,0
1435742250776,31234,OS Process Sampler,0,OK,Thread Group 1-70,text,true,901,337,337,0
1435742250719,31291,OS Process Sampler,0,OK,Thread Group 1-64,text,true,901,336,336,0
1435742251659,30352,OS Process Sampler,0,OK,Thread Group 1-143,text,true,901,335,335,0
1435742251624,29820,OS Process Sampler,0,OK,Thread Group 1-140,text,true,901,334,334,0
1435742251602,29842,OS Process Sampler,0,OK,Thread Group 1-138,text,true,901,333,333,0
1435742252355,29656,OS Process Sampler,0,OK,Thread Group 1-204,text,true,901,332,332,0
1435742250751,31261,OS Process Sampler,0,OK,Thread Group 1-67,text,true,901,331,331,0
1435742251773,30239,OS Process Sampler,0,OK,Thread Group 1-151,text,true,901,330,330,0
1435742252433,29579,OS Process Sampler,0,OK,Thread Group 1-209,text,true,901,329,329,0
1435742252334,29678,OS Process Sampler,0,OK,Thread Group 1-202,text,true,901,328,328,0
1435742250684,31340,OS Process Sampler,0,OK,Thread Group 1-61,text,true,901,327,327,0
1435742251201,30243,OS Process Sampler,0,OK,Thread Group 1-107,text,true,901,326,326,0
1435742251983,30041,OS Process Sampler,0,OK,Thread Group 1-170,text,true,901,325,325,0
1435742251185,30259,OS Process Sampler,0,OK,Thread Group 1-105,text,true,901,324,324,0
1435742251170,30274,OS Process Sampler,0,OK,Thread Group 1-104,text,true,901,323,323,0
1435742251497,30528,OS Process Sampler,0,OK,Thread Group 1-134,text,true,901,322,322,0
1435742252226,29799,OS Process Sampler,0,OK,Thread Group 1-191,text,true,901,321,321,0
1435742251493,30533,OS Process Sampler,0,OK,Thread Group 1-133,text,true,901,320,320,0
1435742251639,30387,OS Process Sampler,0,OK,Thread Group 1-141,text,true,901,319,319,0
1435742250666,31360,OS Process Sampler,0,OK,Thread Group 1-59,text,true,901,318,318,0
1435742251466,30560,OS Process Sampler,0,OK,Thread Group 1-131,text,true,901,317,317,0
1435742251139,30314,OS Process Sampler,0,OK,Thread Group 1-102,text,true,901,316,316,0
1435742251645,30382,OS Process Sampler,0,OK,Thread Group 1-142,text,true,901,315,315,0
1435742251132,30321,OS Process Sampler,0,OK,Thread Group 1-101,text,true,901,314,314,0
1435742251224,30803,OS Process Sampler,0,OK,Thread Group 1-109,text,true,901,313,313,0
1435742251562,30466,OS Process Sampler,0,OK,Thread Group 1-136,text,true,901,312,312,0
1435742252313,29715,OS Process Sampler,0,OK,Thread Group 1-200,text,true,901,311,311,0
1435742251476,29977,OS Process Sampler,0,OK,Thread Group 1-132,text,true,901,310,310,0
1435742250724,31304,OS Process Sampler,0,OK,Thread Group 1-65,text,true,901,309,309,0
1435742251666,30363,OS Process Sampler,0,OK,Thread Group 1-144,text,true,901,308,308,0
1435742252024,30005,OS Process Sampler,0,OK,Thread Group 1-173,text,true,901,307,307,0
1435742251435,30018,OS Process Sampler,0,OK,Thread Group 1-128,text,true,901,306,306,0
1435742251460,30569,OS Process Sampler,0,OK,Thread Group 1-130,text,true,901,305,305,0
1435742251428,30602,OS Process Sampler,0,OK,Thread Group 1-127,text,true,901,304,304,0
1435742251794,30236,OS Process Sampler,0,OK,Thread Group 1-153,text,true,901,303,303,0
1435742251716,30314,OS Process Sampler,0,OK,Thread Group 1-145,text,true,901,302,302,0
1435742250946,30507,OS Process Sampler,0,OK,Thread Group 1-84,text,true,901,301,301,0
1435742252327,29704,OS Process Sampler,0,OK,Thread Group 1-201,text,true,901,300,300,0
1435742251572,30459,OS Process Sampler,0,OK,Thread Group 1-137,text,true,901,299,299,0
1435742250885,30568,OS Process Sampler,0,OK,Thread Group 1-79,text,true,901,298,298,0
1435742250913,30540,OS Process Sampler,0,OK,Thread Group 1-81,text,true,901,297,297,0
1435742250948,31084,OS Process Sampler,0,OK,Thread Group 1-85,text,true,901,296,296,0
1435742251999,30041,OS Process Sampler,0,OK,Thread Group 1-171,text,true,901,295,295,0
1435742251534,30506,OS Process Sampler,0,OK,Thread Group 1-135,text,true,901,294,294,0
1435742251402,30051,OS Process Sampler,0,OK,Thread Group 1-125,text,true,901,293,293,0
1435742251363,30090,OS Process Sampler,0,OK,Thread Group 1-122,text,true,901,292,292,0
1435742251381,30072,OS Process Sampler,0,OK,Thread Group 1-123,text,true,901,291,291,0
1435742250916,31125,OS Process Sampler,0,OK,Thread Group 1-82,text,true,901,290,290,0
1435742250929,31113,OS Process Sampler,0,OK,Thread Group 1-83,text,true,901,289,289,0
1435742250755,31287,OS Process Sampler,0,OK,Thread Group 1-68,text,true,901,288,288,0
1435742251235,30807,OS Process Sampler,0,OK,Thread Group 1-110,text,true,901,287,287,0
1435742250980,31062,OS Process Sampler,0,OK,Thread Group 1-88,text,true,901,286,286,0
1435742251446,30597,OS Process Sampler,0,OK,Thread Group 1-129,text,true,901,285,285,0
1435742251087,30367,OS Process Sampler,0,OK,Thread Group 1-97,text,true,901,284,284,0
1435742251256,30198,OS Process Sampler,0,OK,Thread Group 1-112,text,true,901,283,283,0
1435742251266,30777,OS Process Sampler,0,OK,Thread Group 1-113,text,true,901,282,282,0
1435742251414,30040,OS Process Sampler,0,OK,Thread Group 1-126,text,true,901,281,281,0
1435742251395,30059,OS Process Sampler,0,OK,Thread Group 1-124,text,true,901,280,280,0
1435742251613,30431,OS Process Sampler,0,OK,Thread Group 1-139,text,true,901,279,279,0
1435742251001,31043,OS Process Sampler,0,OK,Thread Group 1-90,text,true,901,278,278,0
1435742251059,30986,OS Process Sampler,0,OK,Thread Group 1-94,text,true,901,277,277,0
1435742251331,30714,OS Process Sampler,0,OK,Thread Group 1-119,text,true,901,276,276,0
1435742251066,30979,OS Process Sampler,0,OK,Thread Group 1-95,text,true,901,275,275,0
1435742250969,31076,OS Process Sampler,0,OK,Thread Group 1-87,text,true,901,274,274,0
1435742251150,30896,OS Process Sampler,0,OK,Thread Group 1-103,text,true,901,273,273,0
1435742251045,31001,OS Process Sampler,0,OK,Thread Group 1-93,text,true,901,272,272,0
1435742251118,30928,OS Process Sampler,0,OK,Thread Group 1-100,text,true,901,271,271,0
1435742251034,31012,OS Process Sampler,0,OK,Thread Group 1-92,text,true,901,270,270,0
1435742251347,30700,OS Process Sampler,0,OK,Thread Group 1-120,text,true,901,269,269,0
1435742250962,31085,OS Process Sampler,0,OK,Thread Group 1-86,text,true,901,268,268,0
1435742251319,30728,OS Process Sampler,0,OK,Thread Group 1-118,text,true,901,267,267,0
1435742250881,31166,OS Process Sampler,0,OK,Thread Group 1-78,text,true,901,266,266,0
1435742251250,30798,OS Process Sampler,0,OK,Thread Group 1-111,text,true,901,265,265,0
1435742251079,30969,OS Process Sampler,0,OK,Thread Group 1-96,text,true,901,264,264,0
1435742251742,30318,OS Process Sampler,0,OK,Thread Group 1-148,text,true,901,263,263,0
1435742250994,31067,OS Process Sampler,0,OK,Thread Group 1-89,text,true,901,262,262,0
1435742251732,30329,OS Process Sampler,0,OK,Thread Group 1-147,text,true,901,261,261,0
1435742250865,31196,OS Process Sampler,0,OK,Thread Group 1-77,text,true,901,260,260,0
1435742251112,30949,OS Process Sampler,0,OK,Thread Group 1-99,text,true,901,259,259,0
1435742251027,31035,OS Process Sampler,0,OK,Thread Group 1-91,text,true,901,258,258,0
1435742251314,30748,OS Process Sampler,0,OK,Thread Group 1-117,text,true,901,257,257,0
1435742251350,30712,OS Process Sampler,0,OK,Thread Group 1-121,text,true,901,256,256,0
1435742251282,30780,OS Process Sampler,0,OK,Thread Group 1-114,text,true,901,255,255,0
1435742251298,30765,OS Process Sampler,0,OK,Thread Group 1-116,text,true,901,254,254,0
1435742250897,31166,OS Process Sampler,0,OK,Thread Group 1-80,text,true,901,253,253,0
1435742250832,30623,OS Process Sampler,0,OK,Thread Group 1-73,text,true,901,252,252,0
1435742250833,30622,OS Process Sampler,0,OK,Thread Group 1-74,text,true,901,251,251,0
1435742250848,30607,OS Process Sampler,0,OK,Thread Group 1-75,text,true,901,250,250,0
1435742252368,29075,OS Process Sampler,0,OK,Thread Group 1-205,text,true,901,249,249,0
1435742252404,29040,OS Process Sampler,0,OK,Thread Group 1-206,text,true,901,248,248,0
1435742250853,31211,OS Process Sampler,0,OK,Thread Group 1-76,text,true,901,247,247,0
1435742251190,30875,OS Process Sampler,0,OK,Thread Group 1-106,text,true,901,246,246,0
1435742267440,14625,OS Process Sampler,0,OK,Thread Group 1-404,text,true,901,245,245,0
1435742267159,14906,OS Process Sampler,0,OK,Thread Group 1-403,text,true,901,244,244,0
1435742251097,30360,OS Process Sampler,0,OK,Thread Group 1-98,text,true,901,243,243,0
1435742266880,15186,OS Process Sampler,0,OK,Thread Group 1-402,text,true,901,242,242,0
1435742266625,15441,OS Process Sampler,0,OK,Thread Group 1-401,text,true,901,241,241,0
1435742266356,15710,OS Process Sampler,0,OK,Thread Group 1-400,text,true,901,240,240,0
1435742266038,16028,OS Process Sampler,0,OK,Thread Group 1-399,text,true,901,239,239,0
1435742265784,16283,OS Process Sampler,0,OK,Thread Group 1-398,text,true,901,238,238,0
1435742265455,16612,OS Process Sampler,0,OK,Thread Group 1-397,text,true,901,237,237,0
1435742256506,25562,OS Process Sampler,0,OK,Thread Group 1-392,text,true,901,236,236,0
1435742254252,27815,OS Process Sampler,0,OK,Thread Group 1-361,text,true,901,235,235,0
1435742254111,27957,OS Process Sampler,0,OK,Thread Group 1-349,text,true,901,234,234,0
1435742253818,28250,OS Process Sampler,0,OK,Thread Group 1-324,text,true,901,233,233,0
1435742253815,28253,OS Process Sampler,0,OK,Thread Group 1-323,text,true,901,232,232,0
1435742253790,28287,OS Process Sampler,0,OK,Thread Group 1-321,text,true,901,231,231,0
1435742254034,27461,OS Process Sampler,0,OK,Thread Group 1-208,text,true,901,230,230,0
1435742253776,28301,OS Process Sampler,0,OK,Thread Group 1-320,text,true,901,229,229,0
1435742253770,28307,OS Process Sampler,0,OK,Thread Group 1-319,text,true,901,228,228,0
1435742253756,28322,OS Process Sampler,0,OK,Thread Group 1-318,text,true,901,227,227,0
1435742253745,28333,OS Process Sampler,0,OK,Thread Group 1-317,text,true,901,226,226,0
1435742253734,28344,OS Process Sampler,0,OK,Thread Group 1-316,text,true,901,225,225,0
1435742253723,28355,OS Process Sampler,0,OK,Thread Group 1-315,text,true,901,224,224,0
1435742253702,28377,OS Process Sampler,0,OK,Thread Group 1-313,text,true,901,223,223,0
1435742253701,28378,OS Process Sampler,0,OK,Thread Group 1-312,text,true,901,222,222,0
1435742253681,28398,OS Process Sampler,0,OK,Thread Group 1-311,text,true,901,221,221,0
1435742253677,28402,OS Process Sampler,0,OK,Thread Group 1-310,text,true,901,220,220,0
1435742253717,27803,OS Process Sampler,0,OK,Thread Group 1-314,text,true,901,219,219,0
1435742253663,28417,OS Process Sampler,0,OK,Thread Group 1-309,text,true,901,218,218,0
1435742253642,28438,OS Process Sampler,0,OK,Thread Group 1-308,text,true,901,217,217,0
1435742253636,28444,OS Process Sampler,0,OK,Thread Group 1-307,text,true,901,216,216,0
1435742253611,28470,OS Process Sampler,0,OK,Thread Group 1-305,text,true,901,215,215,0
1435742253591,28490,OS Process Sampler,0,OK,Thread Group 1-303,text,true,901,214,214,0
1435742253551,28530,OS Process Sampler,0,OK,Thread Group 1-299,text,true,901,213,213,0
1435742253487,28594,OS Process Sampler,0,OK,Thread Group 1-293,text,true,901,212,212,0
1435742253477,28605,OS Process Sampler,0,OK,Thread Group 1-292,text,true,901,211,211,0
1435742253438,28644,OS Process Sampler,0,OK,Thread Group 1-288,text,true,901,210,210,0
1435742253332,28750,OS Process Sampler,0,OK,Thread Group 1-279,text,true,901,209,209,0
1435742253535,28009,OS Process Sampler,0,OK,Thread Group 1-297,text,true,901,208,208,0
1435742253969,28114,OS Process Sampler,0,OK,Thread Group 1-336,text,true,901,207,207,0
1435742253244,28839,OS Process Sampler,0,OK,Thread Group 1-271,text,true,901,206,206,0
1435742256359,25725,OS Process Sampler,0,OK,Thread Group 1-391,text,true,901,205,205,0
1435742256204,25881,OS Process Sampler,0,OK,Thread Group 1-375,text,true,901,204,204,0
1435742256203,25882,OS Process Sampler,0,OK,Thread Group 1-380,text,true,901,203,203,0
1435742256203,25882,OS Process Sampler,0,OK,Thread Group 1-377,text,true,901,202,202,0
1435742256203,25882,OS Process Sampler,0,OK,Thread Group 1-379,text,true,901,201,201,0
1435742256202,25884,OS Process Sampler,0,OK,Thread Group 1-381,text,true,901,200,200,0
1435742256202,25884,OS Process Sampler,0,OK,Thread Group 1-382,text,true,901,199,199,0
1435742256202,25884,OS Process Sampler,0,OK,Thread Group 1-383,text,true,901,198,198,0
1435742256202,25884,OS Process Sampler,0,OK,Thread Group 1-384,text,true,901,197,197,0
1435742256201,25886,OS Process Sampler,0,OK,Thread Group 1-386,text,true,901,196,196,0
1435742256201,25886,OS Process Sampler,0,OK,Thread Group 1-387,text,true,901,195,195,0
1435742256201,25886,OS Process Sampler,0,OK,Thread Group 1-388,text,true,901,194,194,0
1435742255330,26757,OS Process Sampler,0,OK,Thread Group 1-284,text,true,901,193,193,0
1435742253292,28795,OS Process Sampler,0,OK,Thread Group 1-275,text,true,901,192,192,0
1435742253215,28872,OS Process Sampler,0,OK,Thread Group 1-268,text,true,901,191,191,0
1435742256200,25392,OS Process Sampler,0,OK,Thread Group 1-389,text,true,901,190,190,0
1435742253182,28905,OS Process Sampler,0,OK,Thread Group 1-265,text,true,901,189,189,0
1435742253045,29043,OS Process Sampler,0,OK,Thread Group 1-256,text,true,901,188,188,0
1435742252850,29238,OS Process Sampler,0,OK,Thread Group 1-241,text,true,901,187,187,0
1435742252307,29781,OS Process Sampler,0,OK,Thread Group 1-199,text,true,901,186,186,0
1435742252115,29973,OS Process Sampler,0,OK,Thread Group 1-182,text,true,901,185,185,0
1435742251967,30134,OS Process Sampler,0,OK,Thread Group 1-168,text,true,901,185,185,0
1435742260074,22027,OS Process Sampler,0,OK,Thread Group 1-393,text,true,901,184,184,0
1435742256203,25899,OS Process Sampler,0,OK,Thread Group 1-378,text,true,901,183,183,0
1435742256203,25900,OS Process Sampler,0,OK,Thread Group 1-376,text,true,901,182,182,0
1435742256201,25902,OS Process Sampler,0,OK,Thread Group 1-385,text,true,901,181,181,0
1435742256200,25903,OS Process Sampler,0,OK,Thread Group 1-390,text,true,901,180,180,0
1435742254106,27996,OS Process Sampler,0,OK,Thread Group 1-348,text,true,901,179,179,0
1435742254091,28012,OS Process Sampler,0,OK,Thread Group 1-347,text,true,901,178,178,0
1435742254082,28021,OS Process Sampler,0,OK,Thread Group 1-346,text,true,901,177,177,0
1435742254056,28047,OS Process Sampler,0,OK,Thread Group 1-345,text,true,901,176,176,0
1435742254050,28053,OS Process Sampler,0,OK,Thread Group 1-344,text,true,901,175,175,0
1435742254017,28087,OS Process Sampler,0,OK,Thread Group 1-341,text,true,901,174,174,0
1435742254035,27594,OS Process Sampler,0,OK,Thread Group 1-343,text,true,901,173,173,0
1435742253998,28106,OS Process Sampler,0,OK,Thread Group 1-340,text,true,901,172,172,0
1435742253993,28111,OS Process Sampler,0,OK,Thread Group 1-339,text,true,901,171,171,0
1435742253969,28136,OS Process Sampler,0,OK,Thread Group 1-337,text,true,901,170,170,0
1435742253946,28159,OS Process Sampler,0,OK,Thread Group 1-335,text,true,901,169,169,0
1435742253935,28170,OS Process Sampler,0,OK,Thread Group 1-334,text,true,901,168,168,0
1435742253977,27671,OS Process Sampler,0,OK,Thread Group 1-338,text,true,901,167,167,0
1435742253932,28174,OS Process Sampler,0,OK,Thread Group 1-333,text,true,901,166,166,0
1435742253901,28205,OS Process Sampler,0,OK,Thread Group 1-332,text,true,901,165,165,0
1435742253879,28227,OS Process Sampler,0,OK,Thread Group 1-329,text,true,901,164,164,0
1435742253859,28248,OS Process Sampler,0,OK,Thread Group 1-328,text,true,901,163,163,0
1435742253855,28252,OS Process Sampler,0,OK,Thread Group 1-327,text,true,901,162,162,0
1435742253880,27784,OS Process Sampler,0,OK,Thread Group 1-330,text,true,901,161,161,0
1435742254019,28088,OS Process Sampler,0,OK,Thread Group 1-342,text,true,901,160,160,0
1435742254629,27479,OS Process Sampler,0,OK,Thread Group 1-372,text,true,901,159,159,0
1435742253235,28873,OS Process Sampler,0,OK,Thread Group 1-270,text,true,901,158,158,0
1435742253235,28873,OS Process Sampler,0,OK,Thread Group 1-269,text,true,901,157,157,0
1435742253201,28907,OS Process Sampler,0,OK,Thread Group 1-267,text,true,901,156,156,0
1435742253199,28910,OS Process Sampler,0,OK,Thread Group 1-266,text,true,901,155,155,0
1435742253166,28951,OS Process Sampler,0,OK,Thread Group 1-264,text,true,901,155,155,0
1435742253150,28967,OS Process Sampler,0,OK,Thread Group 1-263,text,true,901,155,155,0
1435742253123,28994,OS Process Sampler,0,OK,Thread Group 1-262,text,true,901,155,155,0
1435742253087,29031,OS Process Sampler,0,OK,Thread Group 1-260,text,true,901,155,155,0
1435742253085,29033,OS Process Sampler,0,OK,Thread Group 1-259,text,true,901,155,155,0
1435742253067,29051,OS Process Sampler,0,OK,Thread Group 1-258,text,true,901,155,155,0
1435742253061,29057,OS Process Sampler,0,OK,Thread Group 1-257,text,true,901,155,155,0
1435742253004,29114,OS Process Sampler,0,OK,Thread Group 1-253,text,true,901,155,155,0
1435742252994,29124,OS Process Sampler,0,OK,Thread Group 1-252,text,true,901,155,155,0
1435742252834,29285,OS Process Sampler,0,OK,Thread Group 1-240,text,true,901,155,155,0
1435742252972,29147,OS Process Sampler,0,OK,Thread Group 1-250,text,true,901,155,155,0
1435742253013,29106,OS Process Sampler,0,OK,Thread Group 1-254,text,true,901,155,155,0
1435742253104,29015,OS Process Sampler,0,OK,Thread Group 1-261,text,true,901,155,155,0
1435742254238,27881,OS Process Sampler,0,OK,Thread Group 1-360,text,true,901,155,155,0
1435742254227,27892,OS Process Sampler,0,OK,Thread Group 1-359,text,true,901,155,155,0
1435742254207,27913,OS Process Sampler,0,OK,Thread Group 1-357,text,true,901,155,155,0
1435742254187,27933,OS Process Sampler,0,OK,Thread Group 1-355,text,true,901,155,155,0
1435742254220,27493,OS Process Sampler,0,OK,Thread Group 1-358,text,true,901,155,155,0
1435742254171,27949,OS Process Sampler,0,OK,Thread Group 1-354,text,true,901,155,155,0
1435742254155,27965,OS Process Sampler,0,OK,Thread Group 1-353,text,true,901,155,155,0
1435742254143,27977,OS Process Sampler,0,OK,Thread Group 1-352,text,true,901,155,155,0
1435742254123,27998,OS Process Sampler,0,OK,Thread Group 1-350,text,true,901,155,155,0
1435742253839,28282,OS Process Sampler,0,OK,Thread Group 1-326,text,true,901,155,155,0
1435742253622,28499,OS Process Sampler,0,OK,Thread Group 1-306,text,true,901,155,155,0
1435742254139,27590,OS Process Sampler,0,OK,Thread Group 1-351,text,true,901,155,155,0
1435742253604,28517,OS Process Sampler,0,OK,Thread Group 1-304,text,true,901,155,155,0
1435742253580,28541,OS Process Sampler,0,OK,Thread Group 1-302,text,true,901,155,155,0
1435742253570,28552,OS Process Sampler,0,OK,Thread Group 1-301,text,true,901,155,155,0
1435742253539,28583,OS Process Sampler,0,OK,Thread Group 1-298,text,true,901,155,155,0
1435742253519,28603,OS Process Sampler,0,OK,Thread Group 1-296,text,true,901,155,155,0
1435742253508,28614,OS Process Sampler,0,OK,Thread Group 1-295,text,true,901,155,155,0
1435742253839,28283,OS Process Sampler,0,OK,Thread Group 1-325,text,true,901,155,155,0
1435742253317,28806,OS Process Sampler,0,OK,Thread Group 1-278,text,true,901,155,155,0
1435742253296,28827,OS Process Sampler,0,OK,Thread Group 1-276,text,true,901,155,155,0
1435742253276,28847,OS Process Sampler,0,OK,Thread Group 1-274,text,true,901,155,155,0
1435742253265,28858,OS Process Sampler,0,OK,Thread Group 1-273,text,true,901,155,155,0
1435742253259,28864,OS Process Sampler,0,OK,Thread Group 1-272,text,true,901,155,155,0
1435742253456,28667,OS Process Sampler,0,OK,Thread Group 1-290,text,true,901,155,155,0
1435742253425,28699,OS Process Sampler,0,OK,Thread Group 1-287,text,true,901,155,155,0
1435742253503,28258,OS Process Sampler,0,OK,Thread Group 1-294,text,true,901,155,155,0
1435742253405,28719,OS Process Sampler,0,OK,Thread Group 1-286,text,true,901,155,155,0
1435742253392,28732,OS Process Sampler,0,OK,Thread Group 1-285,text,true,901,155,155,0
1435742253350,28774,OS Process Sampler,0,OK,Thread Group 1-281,text,true,901,155,155,0
1435742253339,28785,OS Process Sampler,0,OK,Thread Group 1-280,text,true,901,155,155,0
1435742252292,29833,OS Process Sampler,0,OK,Thread Group 1-198,text,true,901,155,155,0
1435742252282,29843,OS Process Sampler,0,OK,Thread Group 1-197,text,true,901,155,155,0
1435742252275,29850,OS Process Sampler,0,OK,Thread Group 1-196,text,true,901,155,155,0
1435742252261,29872,OS Process Sampler,0,OK,Thread Group 1-195,text,true,901,155,155,0
1435742252258,29875,OS Process Sampler,0,OK,Thread Group 1-194,text,true,901,155,155,0
1435742252242,29892,OS Process Sampler,0,OK,Thread Group 1-193,text,true,901,155,155,0
1435742252229,29905,OS Process Sampler,0,OK,Thread Group 1-192,text,true,901,155,155,0
1435742252178,29956,OS Process Sampler,0,OK,Thread Group 1-188,text,true,901,155,155,0
1435742252168,29966,OS Process Sampler,0,OK,Thread Group 1-187,text,true,901,155,155,0
1435742252161,29973,OS Process Sampler,0,OK,Thread Group 1-186,text,true,901,155,155,0
1435742252136,29998,OS Process Sampler,0,OK,Thread Group 1-184,text,true,901,155,155,0
1435742252129,30006,OS Process Sampler,0,OK,Thread Group 1-183,text,true,901,155,155,0
1435742252094,30041,OS Process Sampler,0,OK,Thread Group 1-180,text,true,901,155,155,0
1435742251752,30383,OS Process Sampler,0,OK,Thread Group 1-149,text,true,901,155,155,0
1435742251217,30918,OS Process Sampler,0,OK,Thread Group 1-108,text,true,901,155,155,0
1435742252915,29220,OS Process Sampler,0,OK,Thread Group 1-247,text,true,901,155,155,0
1435742252947,29188,OS Process Sampler,0,OK,Thread Group 1-249,text,true,901,155,155,0
1435742252751,29041,OS Process Sampler,0,OK,Thread Group 1-233,text,true,901,155,155,0
1435742253316,28820,OS Process Sampler,0,OK,Thread Group 1-277,text,true,901,155,155,0
1435742252818,29318,OS Process Sampler,0,OK,Thread Group 1-239,text,true,901,155,155,0
1435742252733,29403,OS Process Sampler,0,OK,Thread Group 1-232,text,true,901,155,155,0
1435742252729,29407,OS Process Sampler,0,OK,Thread Group 1-231,text,true,901,155,155,0
1435742252677,29460,OS Process Sampler,0,OK,Thread Group 1-227,text,true,901,155,155,0
1435742252666,29471,OS Process Sampler,0,OK,Thread Group 1-226,text,true,901,155,155,0
1435742252660,29477,OS Process Sampler,0,OK,Thread Group 1-225,text,true,901,155,155,0
1435742252645,29492,OS Process Sampler,0,OK,Thread Group 1-224,text,true,901,155,155,0
1435742252506,29631,OS Process Sampler,0,OK,Thread Group 1-214,text,true,901,155,155,0
1435742252805,29332,OS Process Sampler,0,OK,Thread Group 1-238,text,true,901,155,155,0
1435742252627,29181,OS Process Sampler,0,OK,Thread Group 1-223,text,true,901,155,155,0
1435742252793,29345,OS Process Sampler,0,OK,Thread Group 1-237,text,true,901,155,155,0
1435742252709,29429,OS Process Sampler,0,OK,Thread Group 1-230,text,true,901,155,155,0
1435742252699,29439,OS Process Sampler,0,OK,Thread Group 1-229,text,true,901,155,155,0
1435742252777,29361,OS Process Sampler,0,OK,Thread Group 1-235,text,true,901,155,155,0
1435742252765,29373,OS Process Sampler,0,OK,Thread Group 1-234,text,true,901,155,155,0
1435742254686,27453,OS Process Sampler,0,OK,Thread Group 1-373,text,true,901,155,155,0
1435742254475,27664,OS Process Sampler,0,OK,Thread Group 1-370,text,true,901,155,155,0
1435742254366,27773,OS Process Sampler,0,OK,Thread Group 1-369,text,true,901,155,155,0
1435742254340,27799,OS Process Sampler,0,OK,Thread Group 1-368,text,true,901,155,155,0
1435742254589,27238,OS Process Sampler,0,OK,Thread Group 1-371,text,true,901,155,155,0
1435742254329,27810,OS Process Sampler,0,OK,Thread Group 1-367,text,true,901,155,155,0
1435742254309,27831,OS Process Sampler,0,OK,Thread Group 1-366,text,true,901,155,155,0
1435742254289,27851,OS Process Sampler,0,OK,Thread Group 1-364,text,true,901,155,155,0
1435742254270,27870,OS Process Sampler,0,OK,Thread Group 1-363,text,true,901,155,155,0
1435742254734,27406,OS Process Sampler,0,OK,Thread Group 1-374,text,true,901,155,155,0
1435742254294,27549,OS Process Sampler,0,OK,Thread Group 1-365,text,true,901,155,155,0
1435742254258,27882,OS Process Sampler,0,OK,Thread Group 1-362,text,true,901,155,155,0
1435742252194,29947,OS Process Sampler,0,OK,Thread Group 1-189,text,true,901,155,155,0
1435742252148,29993,OS Process Sampler,0,OK,Thread Group 1-185,text,true,901,155,155,0
1435742252088,30053,OS Process Sampler,0,OK,Thread Group 1-179,text,true,901,155,155,0
1435742252073,30068,OS Process Sampler,0,OK,Thread Group 1-178,text,true,901,155,155,0
1435742252063,30086,OS Process Sampler,0,OK,Thread Group 1-177,text,true,901,155,155,0
1435742252056,30094,OS Process Sampler,0,OK,Thread Group 1-176,text,true,901,155,155,0
1435742252042,30108,OS Process Sampler,0,OK,Thread Group 1-175,text,true,901,155,155,0
1435742252040,30110,OS Process Sampler,0,OK,Thread Group 1-174,text,true,901,155,155,0
1435742252002,30148,OS Process Sampler,0,OK,Thread Group 1-172,text,true,901,155,155,0
1435742251971,30179,OS Process Sampler,0,OK,Thread Group 1-169,text,true,901,155,155,0
1435742251950,30201,OS Process Sampler,0,OK,Thread Group 1-167,text,true,901,155,155,0
1435742252900,29251,OS Process Sampler,0,OK,Thread Group 1-246,text,true,901,155,155,0
1435742251943,30208,OS Process Sampler,0,OK,Thread Group 1-166,text,true,901,155,155,0
1435742251929,30222,OS Process Sampler,0,OK,Thread Group 1-165,text,true,901,155,155,0
1435742251902,30249,OS Process Sampler,0,OK,Thread Group 1-162,text,true,901,155,155,0
1435742251887,30264,OS Process Sampler,0,OK,Thread Group 1-161,text,true,901,155,155,0
1435742251886,30266,OS Process Sampler,0,OK,Thread Group 1-160,text,true,901,155,155,0
1435742251866,30286,OS Process Sampler,0,OK,Thread Group 1-159,text,true,901,155,155,0
1435742251837,30315,OS Process Sampler,0,OK,Thread Group 1-157,text,true,901,155,155,0
1435742251829,30323,OS Process Sampler,0,OK,Thread Group 1-156,text,true,901,155,155,0
1435742251815,30337,OS Process Sampler,0,OK,Thread Group 1-155,text,true,901,155,155,0
1435742251813,30339,OS Process Sampler,0,OK,Thread Group 1-154,text,true,901,155,155,0
1435742251772,30381,OS Process Sampler,0,OK,Thread Group 1-150,text,true,901,155,155,0
1435742251926,30227,OS Process Sampler,0,OK,Thread Group 1-164,text,true,901,155,155,0
1435742251720,30433,OS Process Sampler,0,OK,Thread Group 1-146,text,true,901,155,155,0
1435742251908,30245,OS Process Sampler,0,OK,Thread Group 1-163,text,true,901,155,155,0
1435742251866,30287,OS Process Sampler,0,OK,Thread Group 1-158,text,true,901,155,155,0
1435742252988,29165,OS Process Sampler,0,OK,Thread Group 1-251,text,true,901,155,155,0
1435742252931,29223,OS Process Sampler,0,OK,Thread Group 1-248,text,true,901,155,155,0
1435742252870,29284,OS Process Sampler,0,OK,Thread Group 1-243,text,true,901,155,155,0
1435742252858,29296,OS Process Sampler,0,OK,Thread Group 1-242,text,true,901,155,155,0
1435742253563,28591,OS Process Sampler,0,OK,Thread Group 1-300,text,true,901,155,155,0
1435742253373,28781,OS Process Sampler,0,OK,Thread Group 1-283,text,true,901,155,155,0
1435742253373,28781,OS Process Sampler,0,OK,Thread Group 1-282,text,true,901,155,155,0
1435742253470,28685,OS Process Sampler,0,OK,Thread Group 1-291,text,true,901,155,155,0
1435742253454,28701,OS Process Sampler,0,OK,Thread Group 1-289,text,true,901,155,155,0
1435742252891,29264,OS Process Sampler,0,OK,Thread Group 1-245,text,true,901,155,155,0
1435742252891,29264,OS Process Sampler,0,OK,Thread Group 1-244,text,true,901,155,155,0
1435742252600,29555,OS Process Sampler,0,OK,Thread Group 1-221,text,true,901,155,155,0
1435742252692,29463,OS Process Sampler,0,OK,Thread Group 1-228,text,true,901,155,155,0
1435742252568,29588,OS Process Sampler,0,OK,Thread Group 1-219,text,true,901,155,155,0
1435742252552,29604,OS Process Sampler,0,OK,Thread Group 1-218,text,true,901,155,155,0
1435742252611,29545,OS Process Sampler,0,OK,Thread Group 1-222,text,true,901,155,155,0
1435742252400,29756,OS Process Sampler,0,OK,Thread Group 1-207,text,true,901,155,155,0
1435742252533,29623,OS Process Sampler,0,OK,Thread Group 1-217,text,true,901,155,155,0
1435742252530,29626,OS Process Sampler,0,OK,Thread Group 1-216,text,true,901,155,155,0
1435742252579,29578,OS Process Sampler,0,OK,Thread Group 1-220,text,true,901,155,155,0
1435742252511,29646,OS Process Sampler,0,OK,Thread Group 1-215,text,true,901,155,155,0
1435742252490,29667,OS Process Sampler,0,OK,Thread Group 1-213,text,true,901,155,155,0
1435742252480,29677,OS Process Sampler,0,OK,Thread Group 1-212,text,true,901,155,155,0
1435742252783,29374,OS Process Sampler,0,OK,Thread Group 1-236,text,true,901,155,155,0
1435742254204,27962,OS Process Sampler,0,OK,Thread Group 1-356,text,true,901,155,155,0
1435742253028,29138,OS Process Sampler,0,OK,Thread Group 1-255,text,true,901,155,155,0
1435742253896,28270,OS Process Sampler,0,OK,Thread Group 1-331,text,true,901,155,155,0
1435742252199,29967,OS Process Sampler,0,OK,Thread Group 1-190,text,true,901,155,155,0
1435742265203,16963,OS Process Sampler,0,OK,Thread Group 1-396,text,true,901,155,155,0
1435742250682,31328,OS Process Sampler,0,OK,Thread Group 1-60,text,true,901,155,155,0
1435742264950,17218,OS Process Sampler,0,OK,Thread Group 1-395,text,true,901,155,155,0
1435742252473,29466,OS Process Sampler,0,OK,Thread Group 1-211,text,true,901,155,155,0
1435742252105,29751,OS Process Sampler,0,OK,Thread Group 1-181,text,true,901,155,155,0
1435742253797,28271,OS Process Sampler,0,OK,Thread Group 1-322,text,true,901,231,231,0
1435742251287,30761,OS Process Sampler,0,OK,Thread Group 1-115,text,true,901,263,263,0
1435742264768,17449,OS Process Sampler,0,OK,Thread Group 1-394,text,true,901,155,155,0
1435742285512,592,OS Process Sampler,0,OK,Thread Group 1-405,text,true,901,12,12,0
1435742285553,933,OS Process Sampler,0,OK,Thread Group 1-409,text,true,901,29,29,0
1435742285529,1088,OS Process Sampler,0,OK,Thread Group 1-406,text,true,901,32,32,0
1435742285610,1023,OS Process Sampler,0,OK,Thread Group 1-414,text,true,901,33,33,0
1435742285533,1102,OS Process Sampler,0,OK,Thread Group 1-407,text,true,901,32,32,0
1435742285578,1385,OS Process Sampler,0,OK,Thread Group 1-411,text,true,901,54,54,0
1435742285615,1785,OS Process Sampler,0,OK,Thread Group 1-415,text,true,901,84,84,0
1435742285563,3915,OS Process Sampler,0,OK,Thread Group 1-410,text,true,901,274,274,0
1435742285546,6662,OS Process Sampler,0,OK,Thread Group 1-408,text,true,901,388,388,0
1435742285584,10136,OS Process Sampler,0,OK,Thread Group 1-412,text,true,901,587,587,0
1435742286250,12334,OS Process Sampler,0,OK,Thread Group 1-431,text,true,901,586,586,0
1435742285594,15522,OS Process Sampler,0,OK,Thread Group 1-413,text,true,901,585,585,0
1435742286774,15048,OS Process Sampler,0,OK,Thread Group 1-450,text,true,901,584,584,0
1435742286593,17411,OS Process Sampler,0,OK,Thread Group 1-437,text,true,901,583,583,0
1435742286837,19987,OS Process Sampler,0,OK,Thread Group 1-455,text,true,901,582,582,0
1435742286279,21629,OS Process Sampler,0,OK,Thread Group 1-433,text,true,901,581,581,0
1435742286158,22494,OS Process Sampler,0,OK,Thread Group 1-422,text,true,901,580,580,0
1435742286712,23645,OS Process Sampler,0,OK,Thread Group 1-446,text,true,901,579,579,0
1435742286769,24575,OS Process Sampler,0,OK,Thread Group 1-449,text,true,901,578,578,0
1435742286230,26439,OS Process Sampler,0,OK,Thread Group 1-429,text,true,901,577,577,0
1435742288293,24923,OS Process Sampler,0,OK,Thread Group 1-575,text,true,901,576,576,0
1435742286117,27258,OS Process Sampler,1,OK,Thread Group 1-417,text,true,740,575,575,0
1435742286157,27984,OS Process Sampler,0,OK,Thread Group 1-421,text,true,901,574,574,0
1435742286640,28239,OS Process Sampler,0,OK,Thread Group 1-441,text,true,901,573,573,0
1435742286263,25116,OS Process Sampler,0,OK,Thread Group 1-432,text,true,901,572,572,0
1435742286133,29375,OS Process Sampler,0,OK,Thread Group 1-419,text,true,901,571,571,0
1435742286695,30612,OS Process Sampler,0,OK,Thread Group 1-445,text,true,901,570,570,0
1435742286214,31409,OS Process Sampler,0,OK,Thread Group 1-427,text,true,901,569,569,0
1435742286785,31699,OS Process Sampler,0,OK,Thread Group 1-451,text,true,901,568,568,0
1435742286178,32645,OS Process Sampler,0,OK,Thread Group 1-424,text,true,901,567,567,0
1435742286672,32362,OS Process Sampler,0,OK,Thread Group 1-443,text,true,901,566,566,0
1435742286607,32825,OS Process Sampler,0,OK,Thread Group 1-438,text,true,901,565,565,0
1435742286199,33333,OS Process Sampler,0,OK,Thread Group 1-426,text,true,901,564,564,0
1435742286247,33944,OS Process Sampler,0,OK,Thread Group 1-430,text,true,901,563,563,0
1435742286510,34255,OS Process Sampler,0,OK,Thread Group 1-435,text,true,901,562,562,0
1435742286679,34104,OS Process Sampler,0,OK,Thread Group 1-444,text,true,901,561,561,0
1435742286096,35292,OS Process Sampler,0,OK,Thread Group 1-416,text,true,901,560,560,0
1435742289459,32873,OS Process Sampler,0,OK,Thread Group 1-638,text,true,901,559,559,0
1435742286619,36020,OS Process Sampler,0,OK,Thread Group 1-439,text,true,901,558,558,0
1435742289474,33449,OS Process Sampler,0,OK,Thread Group 1-602,text,true,901,557,557,0
1435742289459,34377,OS Process Sampler,0,OK,Thread Group 1-640,text,true,901,556,556,0
1435742286850,37571,OS Process Sampler,0,OK,Thread Group 1-456,text,true,901,555,555,0
1435742289474,34963,OS Process Sampler,0,OK,Thread Group 1-605,text,true,901,554,554,0
1435742289476,35008,OS Process Sampler,0,OK,Thread Group 1-596,text,true,901,553,553,0
1435742289478,35524,OS Process Sampler,0,OK,Thread Group 1-588,text,true,901,552,552,0
1435742286716,38551,OS Process Sampler,0,OK,Thread Group 1-447,text,true,901,551,551,0
1435742288208,37156,OS Process Sampler,0,OK,Thread Group 1-567,text,true,901,550,550,0
1435742288224,37200,OS Process Sampler,0,OK,Thread Group 1-569,text,true,901,549,549,0
1435742287680,38007,OS Process Sampler,0,OK,Thread Group 1-520,text,true,901,548,548,0
1435742286807,38944,OS Process Sampler,0,OK,Thread Group 1-453,text,true,901,547,547,0
1435742289476,36484,OS Process Sampler,0,OK,Thread Group 1-595,text,true,901,546,546,0
1435742289474,36810,OS Process Sampler,0,OK,Thread Group 1-603,text,true,901,545,545,0
1435742287632,38752,OS Process Sampler,0,OK,Thread Group 1-515,text,true,901,544,544,0
1435742289476,36910,OS Process Sampler,0,OK,Thread Group 1-593,text,true,901,543,543,0
1435742287006,39856,OS Process Sampler,0,OK,Thread Group 1-467,text,true,901,542,542,0
1435742287737,39438,OS Process Sampler,0,OK,Thread Group 1-523,text,true,901,541,541,0
1435742288181,39074,OS Process Sampler,0,OK,Thread Group 1-565,text,true,901,540,540,0
1435742286802,40561,OS Process Sampler,0,OK,Thread Group 1-452,text,true,901,539,539,0
1435742289473,37924,OS Process Sampler,0,OK,Thread Group 1-611,text,true,901,538,538,0
1435742287677,39830,OS Process Sampler,0,OK,Thread Group 1-519,text,true,901,537,537,0
1435742287616,40856,OS Process Sampler,0,OK,Thread Group 1-513,text,true,901,536,536,0
1435742287697,41258,OS Process Sampler,0,OK,Thread Group 1-521,text,true,901,535,535,0
1435742287577,41694,OS Process Sampler,0,OK,Thread Group 1-510,text,true,901,534,534,0
1435742287571,41968,OS Process Sampler,0,OK,Thread Group 1-509,text,true,901,533,533,0
1435742289474,41161,OS Process Sampler,0,OK,Thread Group 1-604,text,true,901,532,532,0
1435742289505,41149,OS Process Sampler,0,OK,Thread Group 1-688,text,true,901,531,531,0
1435742289475,41180,OS Process Sampler,0,OK,Thread Group 1-601,text,true,901,530,530,0
1435742288175,42481,OS Process Sampler,0,OK,Thread Group 1-564,text,true,901,529,529,0
1435742286138,44518,OS Process Sampler,0,OK,Thread Group 1-420,text,true,901,528,528,0
1435742289457,41200,OS Process Sampler,0,OK,Thread Group 1-652,text,true,901,527,527,0
1435742289525,41133,OS Process Sampler,0,OK,Thread Group 1-690,text,true,901,526,526,0
1435742289475,41191,OS Process Sampler,0,OK,Thread Group 1-599,text,true,901,525,525,0
1435742287598,43080,OS Process Sampler,0,OK,Thread Group 1-512,text,true,901,524,524,0
1435742287701,42979,OS Process Sampler,0,OK,Thread Group 1-522,text,true,901,524,524,0
1435742286946,43738,OS Process Sampler,0,OK,Thread Group 1-462,text,true,901,523,523,0
1435742289458,41227,OS Process Sampler,0,OK,Thread Group 1-642,text,true,901,522,522,0
1435742286281,44404,OS Process Sampler,0,OK,Thread Group 1-434,text,true,901,521,521,0
1435742287089,43629,OS Process Sampler,0,OK,Thread Group 1-471,text,true,901,519,519,0
1435742286866,44822,OS Process Sampler,0,OK,Thread Group 1-457,text,true,901,518,518,0
1435742289477,42263,OS Process Sampler,0,OK,Thread Group 1-662,text,true,901,517,517,0
1435742286632,45120,OS Process Sampler,0,OK,Thread Group 1-440,text,true,901,516,516,0
1435742288240,43513,OS Process Sampler,0,OK,Thread Group 1-570,text,true,901,515,515,0
1435742289477,42279,OS Process Sampler,0,OK,Thread Group 1-591,text,true,901,514,514,0
1435742286219,45548,OS Process Sampler,0,OK,Thread Group 1-428,text,true,901,513,513,0
1435742287041,44731,OS Process Sampler,0,OK,Thread Group 1-469,text,true,901,512,512,0
1435742286190,45609,OS Process Sampler,0,OK,Thread Group 1-425,text,true,901,511,511,0
1435742289448,42388,OS Process Sampler,0,OK,Thread Group 1-656,text,true,901,510,510,0
1435742289477,42619,OS Process Sampler,0,OK,Thread Group 1-589,text,true,901,509,509,0
1435742288150,43949,OS Process Sampler,0,OK,Thread Group 1-562,text,true,901,508,508,0
1435742289477,42635,OS Process Sampler,0,OK,Thread Group 1-590,text,true,901,507,507,0
1435742287660,44467,OS Process Sampler,0,OK,Thread Group 1-518,text,true,901,506,506,0
1435742287001,45141,OS Process Sampler,0,OK,Thread Group 1-466,text,true,901,505,505,0
1435742286751,45744,OS Process Sampler,0,OK,Thread Group 1-448,text,true,901,504,504,0
1435742289472,43504,OS Process Sampler,0,OK,Thread Group 1-613,text,true,901,503,503,0
1435742289473,44183,OS Process Sampler,0,OK,Thread Group 1-609,text,true,901,502,502,0
1435742287526,46181,OS Process Sampler,0,OK,Thread Group 1-505,text,true,901,501,501,0
1435742288130,44004,OS Process Sampler,0,OK,Thread Group 1-560,text,true,901,500,500,0
1435742289473,42726,OS Process Sampler,0,OK,Thread Group 1-610,text,true,901,504,504,0
1435742286884,47202,OS Process Sampler,0,OK,Thread Group 1-458,text,true,901,498,498,0
1435742286658,47672,OS Process Sampler,0,OK,Thread Group 1-442,text,true,901,497,497,0
1435742288341,46071,OS Process Sampler,0,OK,Thread Group 1-580,text,true,901,496,496,0
1435742289458,45029,OS Process Sampler,0,OK,Thread Group 1-646,text,true,901,495,495,0
1435742289475,45053,OS Process Sampler,0,OK,Thread Group 1-598,text,true,901,494,494,0
1435742288326,46333,OS Process Sampler,0,OK,Thread Group 1-579,text,true,901,493,493,0
1435742289464,45288,OS Process Sampler,0,OK,Thread Group 1-616,text,true,901,492,492,0
1435742289537,45259,OS Process Sampler,0,OK,Thread Group 1-691,text,true,901,491,491,0
1435742287022,47783,OS Process Sampler,0,OK,Thread Group 1-468,text,true,901,490,490,0
1435742289495,45328,OS Process Sampler,0,OK,Thread Group 1-687,text,true,901,489,489,0
1435742287639,47229,OS Process Sampler,0,OK,Thread Group 1-516,text,true,901,488,488,0
1435742289457,45411,OS Process Sampler,0,OK,Thread Group 1-648,text,true,901,487,487,0
1435742288316,46552,OS Process Sampler,0,OK,Thread Group 1-578,text,true,901,486,486,0
1435742287090,47785,OS Process Sampler,0,OK,Thread Group 1-470,text,true,901,485,485,0
1435742289476,45424,OS Process Sampler,0,OK,Thread Group 1-594,text,true,901,484,484,0
1435742289458,45508,OS Process Sampler,0,OK,Thread Group 1-644,text,true,901,483,483,0
1435742289521,45477,OS Process Sampler,0,OK,Thread Group 1-689,text,true,901,482,482,0
1435742287539,47513,OS Process Sampler,0,OK,Thread Group 1-506,text,true,901,481,481,0
1435742288309,46798,OS Process Sampler,0,OK,Thread Group 1-577,text,true,901,480,480,0
1435742288011,47264,OS Process Sampler,0,OK,Thread Group 1-551,text,true,901,479,479,0
1435742286899,48619,OS Process Sampler,0,OK,Thread Group 1-459,text,true,901,478,478,0
1435742286976,48551,OS Process Sampler,0,OK,Thread Group 1-465,text,true,901,477,477,0
1435742289447,46100,OS Process Sampler,0,OK,Thread Group 1-658,text,true,901,476,476,0
1435742288161,47396,OS Process Sampler,0,OK,Thread Group 1-563,text,true,901,475,475,0
1435742286117,49479,OS Process Sampler,0,OK,Thread Group 1-418,text,true,901,474,474,0
1435742288264,47342,OS Process Sampler,0,OK,Thread Group 1-573,text,true,901,473,473,0
1435742287990,47636,OS Process Sampler,0,OK,Thread Group 1-549,text,true,901,472,472,0
1435742286919,49020,OS Process Sampler,0,OK,Thread Group 1-460,text,true,901,471,471,0
1435742287970,48030,OS Process Sampler,0,OK,Thread Group 1-547,text,true,901,470,470,0
1435742287964,48199,OS Process Sampler,0,OK,Thread Group 1-546,text,true,901,469,469,0
1435742286834,49344,OS Process Sampler,0,OK,Thread Group 1-454,text,true,901,468,468,0
1435742287949,48408,OS Process Sampler,0,OK,Thread Group 1-545,text,true,901,467,467,0
1435742288192,48224,OS Process Sampler,0,OK,Thread Group 1-566,text,true,901,466,466,0
1435742289477,46943,OS Process Sampler,0,OK,Thread Group 1-592,text,true,901,465,465,0
1435742287940,48561,OS Process Sampler,0,OK,Thread Group 1-544,text,true,901,464,464,0
1435742288243,48301,OS Process Sampler,0,OK,Thread Group 1-571,text,true,901,463,463,0
1435742289476,47072,OS Process Sampler,0,OK,Thread Group 1-597,text,true,901,462,462,0
1435742287932,48707,OS Process Sampler,0,OK,Thread Group 1-543,text,true,901,461,461,0
1435742287523,49201,OS Process Sampler,0,OK,Thread Group 1-504,text,true,901,460,460,0
1435742289473,47252,OS Process Sampler,0,OK,Thread Group 1-608,text,true,901,460,460,0
1435742287919,48885,OS Process Sampler,0,OK,Thread Group 1-542,text,true,901,458,458,0
1435742287506,49315,OS Process Sampler,0,OK,Thread Group 1-503,text,true,901,457,457,0
1435742289475,47389,OS Process Sampler,0,OK,Thread Group 1-685,text,true,901,456,456,0
1435742286966,49904,OS Process Sampler,0,OK,Thread Group 1-464,text,true,901,455,455,0
1435742289474,47409,OS Process Sampler,0,OK,Thread Group 1-606,text,true,901,454,454,0
1435742287815,49143,OS Process Sampler,0,OK,Thread Group 1-532,text,true,901,453,453,0
1435742287619,49451,OS Process Sampler,0,OK,Thread Group 1-514,text,true,901,452,452,0
1435742287899,49204,OS Process Sampler,0,OK,Thread Group 1-539,text,true,901,451,451,0
1435742288398,48721,OS Process Sampler,0,OK,Thread Group 1-586,text,true,901,450,450,0
1435742288068,49301,OS Process Sampler,0,OK,Thread Group 1-554,text,true,901,449,449,0
1435742287879,49539,OS Process Sampler,0,OK,Thread Group 1-538,text,true,901,448,448,0
1435742288212,49256,OS Process Sampler,0,OK,Thread Group 1-568,text,true,901,447,447,0
1435742287867,49676,OS Process Sampler,0,OK,Thread Group 1-537,text,true,901,446,446,0
1435742289473,48130,OS Process Sampler,0,OK,Thread Group 1-612,text,true,901,446,445,0
1435742288005,49600,OS Process Sampler,0,OK,Thread Group 1-550,text,true,901,445,444,0
1435742286935,50731,OS Process Sampler,0,OK,Thread Group 1-461,text,true,901,444,443,0
1435742288378,49709,OS Process Sampler,0,OK,Thread Group 1-584,text,true,901,443,442,0
1435742287846,50446,OS Process Sampler,0,OK,Thread Group 1-535,text,true,901,442,441,0
1435742286174,52122,OS Process Sampler,0,OK,Thread Group 1-423,text,true,901,441,440,0
1435742287592,50751,OS Process Sampler,0,OK,Thread Group 1-511,text,true,901,439,439,0
1435742287843,50548,OS Process Sampler,0,OK,Thread Group 1-534,text,true,901,438,438,0
1435742288256,50183,OS Process Sampler,0,OK,Thread Group 1-572,text,true,901,437,437,0
1435742289457,48985,OS Process Sampler,0,OK,Thread Group 1-650,text,true,901,436,436,0
1435742286960,51512,OS Process Sampler,0,OK,Thread Group 1-463,text,true,901,435,435,0
1435742287827,50660,OS Process Sampler,0,OK,Thread Group 1-533,text,true,901,434,434,0
1435742287810,50793,OS Process Sampler,0,OK,Thread Group 1-531,text,true,901,433,433,0
1435742287795,50864,OS Process Sampler,0,OK,Thread Group 1-530,text,true,901,432,432,0
1435742289474,49186,OS Process Sampler,0,OK,Thread Group 1-607,text,true,901,431,431,0
1435742289475,49255,OS Process Sampler,0,OK,Thread Group 1-600,text,true,901,430,430,0
1435742287989,50742,OS Process Sampler,0,OK,Thread Group 1-548,text,true,901,429,429,0
1435742287785,50962,OS Process Sampler,0,OK,Thread Group 1-529,text,true,901,428,428,0
1435742287778,51047,OS Process Sampler,0,OK,Thread Group 1-528,text,true,901,427,427,0
1435742287764,51129,OS Process Sampler,0,OK,Thread Group 1-527,text,true,901,426,426,0
1435742287754,51209,OS Process Sampler,0,OK,Thread Group 1-526,text,true,901,425,425,0
1435742289554,49462,OS Process Sampler,0,OK,Thread Group 1-692,text,true,901,424,424,0
1435742288374,50645,OS Process Sampler,0,OK,Thread Group 1-583,text,true,901,423,423,0
1435742288358,50711,OS Process Sampler,0,OK,Thread Group 1-582,text,true,901,422,422,0
1435742288347,50822,OS Process Sampler,0,OK,Thread Group 1-581,text,true,901,421,421,0
1435742288390,50809,OS Process Sampler,0,OK,Thread Group 1-585,text,true,901,420,420,0
1435742288408,50855,OS Process Sampler,0,OK,Thread Group 1-587,text,true,901,419,419,0
1435742288143,51152,OS Process Sampler,0,OK,Thread Group 1-561,text,true,901,418,418,0
1435742288127,51200,OS Process Sampler,0,OK,Thread Group 1-559,text,true,901,417,417,0
1435742289489,49916,OS Process Sampler,0,OK,Thread Group 1-686,text,true,901,416,416,0
1435742288110,51301,OS Process Sampler,0,OK,Thread Group 1-558,text,true,901,415,415,0
1435742288099,51356,OS Process Sampler,0,OK,Thread Group 1-557,text,true,901,414,414,0
1435742288094,51393,OS Process Sampler,0,OK,Thread Group 1-556,text,true,901,413,413,0
1435742288094,51444,OS Process Sampler,0,OK,Thread Group 1-552,text,true,901,412,412,0
1435742288078,51538,OS Process Sampler,0,OK,Thread Group 1-555,text,true,901,411,411,0
1435742287916,51733,OS Process Sampler,0,OK,Thread Group 1-541,text,true,901,410,410,0
1435742287900,51801,OS Process Sampler,0,OK,Thread Group 1-540,text,true,901,409,409,0
1435742287744,51991,OS Process Sampler,0,OK,Thread Group 1-525,text,true,901,408,408,0
1435742287493,52260,OS Process Sampler,0,OK,Thread Group 1-502,text,true,901,407,407,0
1435742287555,52201,OS Process Sampler,0,OK,Thread Group 1-507,text,true,901,406,406,0
1435742287480,52289,OS Process Sampler,0,OK,Thread Group 1-501,text,true,901,405,405,0
1435742287474,52325,OS Process Sampler,0,OK,Thread Group 1-500,text,true,901,404,404,0
1435742287460,52362,OS Process Sampler,0,OK,Thread Group 1-499,text,true,901,403,403,0
1435742287442,52449,OS Process Sampler,0,OK,Thread Group 1-497,text,true,901,402,402,0
1435742287442,52481,OS Process Sampler,0,OK,Thread Group 1-496,text,true,901,401,401,0
1435742286526,53413,OS Process Sampler,0,OK,Thread Group 1-436,text,true,901,400,400,0
1435742287410,52575,OS Process Sampler,0,OK,Thread Group 1-495,text,true,901,399,399,0
1435742287400,52615,OS Process Sampler,0,OK,Thread Group 1-494,text,true,901,398,398,0
1435742287393,52637,OS Process Sampler,0,OK,Thread Group 1-493,text,true,901,397,397,0
1435742287380,52667,OS Process Sampler,0,OK,Thread Group 1-492,text,true,901,396,396,0
1435742287377,52671,OS Process Sampler,0,OK,Thread Group 1-491,text,true,901,395,395,0
1435742287358,52698,OS Process Sampler,0,OK,Thread Group 1-490,text,true,901,394,394,0
1435742287343,52730,OS Process Sampler,0,OK,Thread Group 1-489,text,true,901,393,393,0
1435742287312,52874,OS Process Sampler,0,OK,Thread Group 1-487,text,true,901,392,392,0
1435742287298,52890,OS Process Sampler,0,OK,Thread Group 1-486,text,true,901,391,391,0
1435742287296,52911,OS Process Sampler,0,OK,Thread Group 1-485,text,true,901,390,390,0
1435742287241,52976,OS Process Sampler,0,OK,Thread Group 1-481,text,true,901,389,389,0
1435742287449,52898,OS Process Sampler,0,OK,Thread Group 1-498,text,true,901,388,388,0
1435742287278,53073,OS Process Sampler,0,OK,Thread Group 1-484,text,true,901,387,387,0
1435742287159,53192,OS Process Sampler,0,OK,Thread Group 1-473,text,true,901,386,386,0
1435742287170,53181,OS Process Sampler,0,OK,Thread Group 1-474,text,true,901,385,385,0
1435742287187,53164,OS Process Sampler,0,OK,Thread Group 1-475,text,true,901,384,384,0
1435742287190,53161,OS Process Sampler,0,OK,Thread Group 1-476,text,true,901,383,383,0
1435742287336,52839,OS Process Sampler,0,OK,Thread Group 1-488,text,true,901,388,388,0
1435742287203,53149,OS Process Sampler,0,OK,Thread Group 1-477,text,true,901,381,381,0
1435742287210,53142,OS Process Sampler,0,OK,Thread Group 1-478,text,true,901,380,380,0
1435742287251,53101,OS Process Sampler,0,OK,Thread Group 1-482,text,true,901,379,379,0
1435742287220,53132,OS Process Sampler,0,OK,Thread Group 1-479,text,true,901,378,378,0
1435742287235,53118,OS Process Sampler,0,OK,Thread Group 1-480,text,true,901,377,377,0
1435742287272,53081,OS Process Sampler,0,OK,Thread Group 1-483,text,true,901,376,376,0
1435742287859,52505,OS Process Sampler,0,OK,Thread Group 1-536,text,true,901,375,375,0
1435742288062,52304,OS Process Sampler,0,OK,Thread Group 1-553,text,true,901,374,374,0
1435742287557,52823,OS Process Sampler,0,OK,Thread Group 1-508,text,true,901,373,373,0
1435742291571,48811,OS Process Sampler,0,OK,Thread Group 1-654,text,true,901,372,372,0
1435742291260,49122,OS Process Sampler,0,OK,Thread Group 1-831,text,true,901,371,371,0
1435742291251,49144,OS Process Sampler,0,OK,Thread Group 1-747,text,true,901,370,370,0
1435742291251,49145,OS Process Sampler,0,OK,Thread Group 1-749,text,true,901,369,369,0
1435742291251,49146,OS Process Sampler,0,OK,Thread Group 1-751,text,true,901,368,368,0
1435742292861,47582,OS Process Sampler,0,OK,Thread Group 1-720,text,true,901,367,367,0
1435742291251,49204,OS Process Sampler,0,OK,Thread Group 1-753,text,true,901,366,366,0
1435742291250,49206,OS Process Sampler,0,OK,Thread Group 1-756,text,true,901,365,365,0
1435742291250,49207,OS Process Sampler,0,OK,Thread Group 1-757,text,true,901,364,364,0
1435742291250,49209,OS Process Sampler,0,OK,Thread Group 1-759,text,true,901,363,363,0
1435742291250,49211,OS Process Sampler,0,OK,Thread Group 1-761,text,true,901,362,362,0
1435742289464,50998,OS Process Sampler,0,OK,Thread Group 1-684,text,true,901,361,361,0
1435742291249,49223,OS Process Sampler,0,OK,Thread Group 1-765,text,true,901,360,360,0
1435742291249,49225,OS Process Sampler,0,OK,Thread Group 1-767,text,true,901,359,359,0
1435742291249,49226,OS Process Sampler,0,OK,Thread Group 1-769,text,true,901,358,358,0
1435742291248,49228,OS Process Sampler,0,OK,Thread Group 1-771,text,true,901,357,357,0
1435742291248,49243,OS Process Sampler,0,OK,Thread Group 1-773,text,true,901,356,356,0
1435742291248,49244,OS Process Sampler,0,OK,Thread Group 1-774,text,true,901,355,355,0
1435742291248,49245,OS Process Sampler,0,OK,Thread Group 1-775,text,true,901,354,354,0
1435742291248,49246,OS Process Sampler,0,OK,Thread Group 1-777,text,true,901,353,353,0
1435742291247,49258,OS Process Sampler,0,OK,Thread Group 1-779,text,true,901,352,352,0
1435742291247,49260,OS Process Sampler,0,OK,Thread Group 1-853,text,true,901,351,351,0
1435742291247,49261,OS Process Sampler,0,OK,Thread Group 1-781,text,true,901,350,350,0
1435742291247,49263,OS Process Sampler,0,OK,Thread Group 1-783,text,true,901,349,349,0
1435742291247,49280,OS Process Sampler,0,OK,Thread Group 1-785,text,true,901,348,348,0
1435742291246,49282,OS Process Sampler,0,OK,Thread Group 1-786,text,true,901,347,347,0
1435742291246,49283,OS Process Sampler,0,OK,Thread Group 1-787,text,true,901,346,346,0
1435742291246,49284,OS Process Sampler,0,OK,Thread Group 1-789,text,true,901,345,345,0
1435742291246,49285,OS Process Sampler,0,OK,Thread Group 1-791,text,true,901,344,344,0
1435742291246,49288,OS Process Sampler,0,OK,Thread Group 1-793,text,true,901,343,343,0
1435742291246,49298,OS Process Sampler,0,OK,Thread Group 1-795,text,true,901,342,342,0
1435742291246,49299,OS Process Sampler,0,OK,Thread Group 1-796,text,true,901,341,341,0
1435742291245,49314,OS Process Sampler,0,OK,Thread Group 1-797,text,true,901,340,340,0
1435742291250,49311,OS Process Sampler,0,OK,Thread Group 1-763,text,true,901,339,339,0
1435742291245,49316,OS Process Sampler,0,OK,Thread Group 1-799,text,true,901,338,338,0
1435742291245,49318,OS Process Sampler,0,OK,Thread Group 1-801,text,true,901,337,337,0
1435742291245,49319,OS Process Sampler,0,OK,Thread Group 1-803,text,true,901,336,336,0
1435742291245,49320,OS Process Sampler,0,OK,Thread Group 1-805,text,true,901,335,335,0
1435742291244,49322,OS Process Sampler,0,OK,Thread Group 1-807,text,true,901,334,334,0
1435742291244,49333,OS Process Sampler,0,OK,Thread Group 1-810,text,true,901,333,333,0
1435742291244,49334,OS Process Sampler,0,OK,Thread Group 1-811,text,true,901,332,332,0
1435742291244,49335,OS Process Sampler,0,OK,Thread Group 1-809,text,true,901,331,331,0
1435742291244,49335,OS Process Sampler,0,OK,Thread Group 1-812,text,true,901,330,330,0
1435742291244,49336,OS Process Sampler,0,OK,Thread Group 1-813,text,true,901,329,329,0
1435742291244,49337,OS Process Sampler,0,OK,Thread Group 1-852,text,true,901,328,328,0
1435742291244,49338,OS Process Sampler,0,OK,Thread Group 1-814,text,true,901,327,327,0
1435742291231,49352,OS Process Sampler,0,OK,Thread Group 1-817,text,true,901,326,326,0
1435742291231,49362,OS Process Sampler,0,OK,Thread Group 1-820,text,true,901,326,326,0
1435742291231,49363,OS Process Sampler,0,OK,Thread Group 1-821,text,true,901,326,326,0
1435742289464,51132,OS Process Sampler,0,OK,Thread Group 1-615,text,true,901,323,323,0
1435742289463,51133,OS Process Sampler,0,OK,Thread Group 1-617,text,true,901,322,322,0
1435742292895,47702,OS Process Sampler,0,OK,Thread Group 1-859,text,true,901,321,321,0
1435742292859,47740,OS Process Sampler,0,OK,Thread Group 1-739,text,true,901,320,320,0
1435742292894,47716,OS Process Sampler,0,OK,Thread Group 1-870,text,true,901,319,319,0
1435742292894,47718,OS Process Sampler,0,OK,Thread Group 1-872,text,true,901,318,318,0
1435742292893,47720,OS Process Sampler,0,OK,Thread Group 1-878,text,true,901,317,317,0
1435742292895,47719,OS Process Sampler,0,OK,Thread Group 1-856,text,true,901,316,316,0
1435742292893,47722,OS Process Sampler,0,OK,Thread Group 1-882,text,true,901,315,315,0
1435742292892,47734,OS Process Sampler,0,OK,Thread Group 1-888,text,true,901,314,314,0
1435742292892,47735,OS Process Sampler,0,OK,Thread Group 1-892,text,true,901,313,313,0
1435742292892,47736,OS Process Sampler,0,OK,Thread Group 1-884,text,true,901,312,312,0
1435742292891,47738,OS Process Sampler,0,OK,Thread Group 1-900,text,true,901,311,311,0
1435742292890,47740,OS Process Sampler,0,OK,Thread Group 1-906,text,true,901,310,310,0
1435742292881,47749,OS Process Sampler,0,OK,Thread Group 1-920,text,true,901,309,309,0
1435742292880,47751,OS Process Sampler,0,OK,Thread Group 1-924,text,true,901,308,308,0
1435742292877,47766,OS Process Sampler,0,OK,Thread Group 1-952,text,true,901,307,307,0
1435742292877,47768,OS Process Sampler,0,OK,Thread Group 1-949,text,true,901,306,306,0
1435742292877,47770,OS Process Sampler,0,OK,Thread Group 1-951,text,true,901,305,305,0
1435742292878,47769,OS Process Sampler,0,OK,Thread Group 1-948,text,true,901,304,304,0
1435742292877,47783,OS Process Sampler,0,OK,Thread Group 1-955,text,true,901,303,303,0
1435742292877,47784,OS Process Sampler,0,OK,Thread Group 1-957,text,true,901,302,302,0
1435742292876,47787,OS Process Sampler,0,OK,Thread Group 1-959,text,true,901,301,301,0
1435742292877,47786,OS Process Sampler,0,OK,Thread Group 1-953,text,true,901,300,300,0
1435742292876,47814,OS Process Sampler,0,OK,Thread Group 1-963,text,true,901,299,299,0
1435742292876,47816,OS Process Sampler,0,OK,Thread Group 1-965,text,true,901,298,298,0
1435742292876,47818,OS Process Sampler,0,OK,Thread Group 1-967,text,true,901,297,297,0
1435742292878,47817,OS Process Sampler,0,OK,Thread Group 1-947,text,true,901,296,296,0
1435742292876,47820,OS Process Sampler,0,OK,Thread Group 1-961,text,true,901,295,295,0
1435742292876,47820,OS Process Sampler,0,OK,Thread Group 1-966,text,true,901,294,294,0
1435742292874,47837,OS Process Sampler,0,OK,Thread Group 1-986,text,true,901,293,293,0
1435742292865,47848,OS Process Sampler,0,OK,Thread Group 1-994,text,true,901,292,292,0
1435742292874,47848,OS Process Sampler,0,OK,Thread Group 1-982,text,true,901,291,291,0
1435742292863,47860,OS Process Sampler,0,OK,Thread Group 1-700,text,true,901,290,290,0
1435742291249,49474,OS Process Sampler,0,OK,Thread Group 1-764,text,true,901,289,289,0
1435742291249,49475,OS Process Sampler,0,OK,Thread Group 1-766,text,true,901,288,288,0
1435742291249,49475,OS Process Sampler,0,OK,Thread Group 1-768,text,true,901,287,287,0
1435742291248,49477,OS Process Sampler,0,OK,Thread Group 1-770,text,true,901,286,286,0
1435742291248,49477,OS Process Sampler,0,OK,Thread Group 1-772,text,true,901,285,285,0
1435742291248,49477,OS Process Sampler,0,OK,Thread Group 1-776,text,true,901,284,284,0
1435742291247,49479,OS Process Sampler,0,OK,Thread Group 1-778,text,true,901,283,283,0
1435742291247,49479,OS Process Sampler,0,OK,Thread Group 1-780,text,true,901,282,282,0
1435742291247,49480,OS Process Sampler,0,OK,Thread Group 1-782,text,true,901,281,281,0
1435742291247,49480,OS Process Sampler,0,OK,Thread Group 1-784,text,true,901,280,280,0
1435742291246,49482,OS Process Sampler,0,OK,Thread Group 1-788,text,true,901,279,279,0
1435742291246,49482,OS Process Sampler,0,OK,Thread Group 1-790,text,true,901,278,278,0
1435742291246,49496,OS Process Sampler,0,OK,Thread Group 1-792,text,true,901,277,277,0
1435742291245,49498,OS Process Sampler,0,OK,Thread Group 1-798,text,true,901,276,276,0
1435742291245,49498,OS Process Sampler,0,OK,Thread Group 1-800,text,true,901,275,275,0
1435742291245,49499,OS Process Sampler,0,OK,Thread Group 1-802,text,true,901,274,274,0
1435742291245,49500,OS Process Sampler,0,OK,Thread Group 1-804,text,true,901,273,273,0
1435742291244,49502,OS Process Sampler,0,OK,Thread Group 1-806,text,true,901,272,272,0
1435742291244,49502,OS Process Sampler,0,OK,Thread Group 1-808,text,true,901,271,271,0
1435742291231,49516,OS Process Sampler,0,OK,Thread Group 1-816,text,true,901,270,270,0
1435742291231,49516,OS Process Sampler,0,OK,Thread Group 1-818,text,true,901,269,269,0
1435742291231,49517,OS Process Sampler,0,OK,Thread Group 1-819,text,true,901,268,268,0
1435742291231,49517,OS Process Sampler,0,OK,Thread Group 1-822,text,true,901,267,267,0
1435742291230,49519,OS Process Sampler,0,OK,Thread Group 1-823,text,true,901,266,266,0
1435742291230,49519,OS Process Sampler,0,OK,Thread Group 1-824,text,true,901,265,265,0
1435742291230,49528,OS Process Sampler,0,OK,Thread Group 1-825,text,true,901,264,264,0
1435742292891,47869,OS Process Sampler,0,OK,Thread Group 1-895,text,true,901,263,263,0
1435742292891,47870,OS Process Sampler,0,OK,Thread Group 1-899,text,true,901,262,262,0
1435742292891,47872,OS Process Sampler,0,OK,Thread Group 1-901,text,true,901,261,261,0
1435742292890,47874,OS Process Sampler,0,OK,Thread Group 1-903,text,true,901,260,260,0
1435742292890,47885,OS Process Sampler,0,OK,Thread Group 1-905,text,true,901,259,259,0
1435742292890,47887,OS Process Sampler,0,OK,Thread Group 1-907,text,true,901,258,258,0
1435742292890,47889,OS Process Sampler,0,OK,Thread Group 1-909,text,true,901,257,257,0
1435742292881,47899,OS Process Sampler,0,OK,Thread Group 1-911,text,true,901,256,256,0
1435742292881,47912,OS Process Sampler,0,OK,Thread Group 1-915,text,true,901,255,255,0
1435742292881,47917,OS Process Sampler,0,OK,Thread Group 1-917,text,true,901,254,254,0
1435742292881,47901,OS Process Sampler,0,OK,Thread Group 1-913,text,true,901,255,255,0
1435742292881,47927,OS Process Sampler,0,OK,Thread Group 1-919,text,true,901,252,252,0
1435742292880,47929,OS Process Sampler,0,OK,Thread Group 1-921,text,true,901,251,251,0
1435742292859,47951,OS Process Sampler,0,OK,Thread Group 1-743,text,true,901,250,250,0
1435742292880,47932,OS Process Sampler,0,OK,Thread Group 1-923,text,true,901,249,249,0
1435742292865,47948,OS Process Sampler,0,OK,Thread Group 1-989,text,true,901,248,248,0
1435742292865,47960,OS Process Sampler,0,OK,Thread Group 1-993,text,true,901,247,247,0
1435742292865,47962,OS Process Sampler,0,OK,Thread Group 1-995,text,true,901,246,246,0
1435742292864,47965,OS Process Sampler,0,OK,Thread Group 1-997,text,true,901,245,245,0
1435742292865,47964,OS Process Sampler,0,OK,Thread Group 1-991,text,true,901,244,244,0
1435742292864,47977,OS Process Sampler,0,OK,Thread Group 1-695,text,true,901,243,243,0
1435742292864,47979,OS Process Sampler,0,OK,Thread Group 1-697,text,true,901,242,242,0
1435742292863,47982,OS Process Sampler,0,OK,Thread Group 1-699,text,true,901,241,241,0
1435742292864,47981,OS Process Sampler,0,OK,Thread Group 1-999,text,true,901,240,240,0
1435742292863,47984,OS Process Sampler,0,OK,Thread Group 1-701,text,true,901,239,239,0
1435742292863,47994,OS Process Sampler,0,OK,Thread Group 1-703,text,true,901,239,239,0
1435742292863,47996,OS Process Sampler,0,OK,Thread Group 1-705,text,true,901,238,238,0
1435742292863,47997,OS Process Sampler,0,OK,Thread Group 1-707,text,true,901,236,236,0
1435742292862,48000,OS Process Sampler,0,OK,Thread Group 1-709,text,true,901,235,235,0
1435742292862,48012,OS Process Sampler,0,OK,Thread Group 1-713,text,true,901,234,234,0
1435742292862,48013,OS Process Sampler,0,OK,Thread Group 1-716,text,true,901,233,233,0
1435742292861,48016,OS Process Sampler,0,OK,Thread Group 1-718,text,true,901,232,232,0
1435742292862,48015,OS Process Sampler,0,OK,Thread Group 1-711,text,true,901,231,231,0
1435742292861,48016,OS Process Sampler,0,OK,Thread Group 1-724,text,true,901,230,230,0
1435742292862,48017,OS Process Sampler,0,OK,Thread Group 1-715,text,true,901,229,229,0
1435742292861,48028,OS Process Sampler,0,OK,Thread Group 1-721,text,true,901,228,228,0
1435742292861,48030,OS Process Sampler,0,OK,Thread Group 1-723,text,true,901,227,227,0
1435742291229,49664,OS Process Sampler,0,OK,Thread Group 1-837,text,true,901,226,226,0
1435742292862,48031,OS Process Sampler,0,OK,Thread Group 1-717,text,true,901,225,225,0
1435742292861,48034,OS Process Sampler,0,OK,Thread Group 1-725,text,true,901,224,224,0
1435742292890,48016,OS Process Sampler,0,OK,Thread Group 1-908,text,true,901,223,223,0
1435742292860,48046,OS Process Sampler,0,OK,Thread Group 1-727,text,true,901,222,222,0
1435742292881,48026,OS Process Sampler,0,OK,Thread Group 1-912,text,true,901,221,221,0
1435742292881,48027,OS Process Sampler,0,OK,Thread Group 1-914,text,true,901,220,220,0
1435742292881,48027,OS Process Sampler,0,OK,Thread Group 1-916,text,true,901,219,219,0
1435742292881,48028,OS Process Sampler,0,OK,Thread Group 1-918,text,true,901,218,218,0
1435742292880,48030,OS Process Sampler,0,OK,Thread Group 1-922,text,true,901,217,217,0
1435742292880,48031,OS Process Sampler,0,OK,Thread Group 1-926,text,true,901,216,216,0
1435742292880,48041,OS Process Sampler,0,OK,Thread Group 1-930,text,true,901,215,215,0
1435742292879,48043,OS Process Sampler,0,OK,Thread Group 1-932,text,true,901,214,214,0
1435742292879,48044,OS Process Sampler,0,OK,Thread Group 1-934,text,true,901,213,213,0
1435742292880,48044,OS Process Sampler,0,OK,Thread Group 1-928,text,true,901,212,212,0
1435742292879,48045,OS Process Sampler,0,OK,Thread Group 1-936,text,true,901,211,211,0
1435742292879,48045,OS Process Sampler,0,OK,Thread Group 1-938,text,true,901,210,210,0
1435742292879,48046,OS Process Sampler,0,OK,Thread Group 1-940,text,true,901,209,209,0
1435742292878,48048,OS Process Sampler,0,OK,Thread Group 1-942,text,true,901,208,208,0
1435742292863,48065,OS Process Sampler,0,OK,Thread Group 1-702,text,true,901,207,207,0
1435742292878,48059,OS Process Sampler,0,OK,Thread Group 1-946,text,true,901,206,206,0
1435742295448,45491,OS Process Sampler,0,OK,Thread Group 1-987,text,true,901,205,205,0
1435742291227,49714,OS Process Sampler,0,OK,Thread Group 1-693,text,true,901,204,204,0
1435742292878,48063,OS Process Sampler,0,OK,Thread Group 1-944,text,true,901,203,203,0
1435742292893,48049,OS Process Sampler,0,OK,Thread Group 1-874,text,true,901,202,202,0
1435742292893,48049,OS Process Sampler,0,OK,Thread Group 1-876,text,true,901,201,201,0
1435742292893,48051,OS Process Sampler,0,OK,Thread Group 1-880,text,true,901,200,200,0
1435742292892,48062,OS Process Sampler,0,OK,Thread Group 1-890,text,true,901,199,199,0
1435742292891,48064,OS Process Sampler,0,OK,Thread Group 1-894,text,true,901,198,198,0
1435742292892,48063,OS Process Sampler,0,OK,Thread Group 1-886,text,true,901,197,197,0
1435742292891,48065,OS Process Sampler,0,OK,Thread Group 1-896,text,true,901,196,196,0
1435742292891,48065,OS Process Sampler,0,OK,Thread Group 1-898,text,true,901,195,195,0
1435742292891,48066,OS Process Sampler,0,OK,Thread Group 1-902,text,true,901,194,194,0
1435742292890,48067,OS Process Sampler,0,OK,Thread Group 1-904,text,true,901,193,193,0
1435742292877,48082,OS Process Sampler,0,OK,Thread Group 1-954,text,true,901,192,192,0
1435742292877,48083,OS Process Sampler,0,OK,Thread Group 1-956,text,true,901,191,191,0
1435742292876,48093,OS Process Sampler,0,OK,Thread Group 1-960,text,true,901,190,190,0
1435742292876,48095,OS Process Sampler,0,OK,Thread Group 1-962,text,true,901,189,189,0
1435742292877,48095,OS Process Sampler,0,OK,Thread Group 1-958,text,true,901,188,188,0
1435742292876,48096,OS Process Sampler,0,OK,Thread Group 1-964,text,true,901,187,187,0
1435742292875,48098,OS Process Sampler,0,OK,Thread Group 1-968,text,true,901,186,186,0
1435742292875,48099,OS Process Sampler,0,OK,Thread Group 1-970,text,true,901,185,185,0
1435742292875,48100,OS Process Sampler,0,OK,Thread Group 1-972,text,true,901,184,184,0
1435742292875,48100,OS Process Sampler,0,OK,Thread Group 1-974,text,true,901,183,183,0
1435742292875,48101,OS Process Sampler,0,OK,Thread Group 1-976,text,true,901,182,182,0
1435742292874,48102,OS Process Sampler,0,OK,Thread Group 1-978,text,true,901,181,181,0
1435742292874,48113,OS Process Sampler,0,OK,Thread Group 1-984,text,true,901,180,180,0
1435742292865,48122,OS Process Sampler,0,OK,Thread Group 1-988,text,true,901,179,179,0
1435742292874,48114,OS Process Sampler,0,OK,Thread Group 1-980,text,true,901,178,178,0
1435742292865,48124,OS Process Sampler,0,OK,Thread Group 1-990,text,true,901,177,177,0
1435742292865,48125,OS Process Sampler,0,OK,Thread Group 1-992,text,true,901,176,176,0
1435742292864,48126,OS Process Sampler,0,OK,Thread Group 1-996,text,true,901,175,175,0
1435742292864,48127,OS Process Sampler,0,OK,Thread Group 1-998,text,true,901,174,174,0
1435742292864,48127,OS Process Sampler,0,OK,Thread Group 1-1000,text,true,901,173,173,0
1435742292864,48128,OS Process Sampler,0,OK,Thread Group 1-694,text,true,901,172,172,0
1435742292864,48138,OS Process Sampler,0,OK,Thread Group 1-698,text,true,901,171,171,0
1435742292863,48140,OS Process Sampler,0,OK,Thread Group 1-704,text,true,901,170,170,0
1435742292863,48140,OS Process Sampler,0,OK,Thread Group 1-706,text,true,901,169,169,0
1435742292864,48140,OS Process Sampler,0,OK,Thread Group 1-696,text,true,901,168,168,0
1435742292862,48143,OS Process Sampler,0,OK,Thread Group 1-708,text,true,901,167,167,0
1435742292862,48156,OS Process Sampler,0,OK,Thread Group 1-710,text,true,901,166,166,0
1435742292862,48157,OS Process Sampler,0,OK,Thread Group 1-712,text,true,901,165,165,0
1435742292895,48125,OS Process Sampler,0,OK,Thread Group 1-858,text,true,901,164,164,0
1435742292895,48126,OS Process Sampler,0,OK,Thread Group 1-860,text,true,901,163,163,0
1435742292895,48126,OS Process Sampler,0,OK,Thread Group 1-862,text,true,901,162,162,0
1435742292894,48128,OS Process Sampler,0,OK,Thread Group 1-864,text,true,901,161,161,0
1435742292894,48128,OS Process Sampler,0,OK,Thread Group 1-866,text,true,901,160,160,0
1435742292894,48129,OS Process Sampler,0,OK,Thread Group 1-868,text,true,901,159,159,0
1435742292860,48163,OS Process Sampler,0,OK,Thread Group 1-729,text,true,901,158,158,0
1435742292860,48163,OS Process Sampler,0,OK,Thread Group 1-731,text,true,901,157,157,0
1435742292860,48164,OS Process Sampler,0,OK,Thread Group 1-733,text,true,901,156,156,0
1435742292860,48164,OS Process Sampler,0,OK,Thread Group 1-735,text,true,901,155,155,0
1435742292859,48165,OS Process Sampler,0,OK,Thread Group 1-737,text,true,901,154,154,0
1435742292859,48166,OS Process Sampler,0,OK,Thread Group 1-741,text,true,901,153,153,0
1435742292893,48132,OS Process Sampler,0,OK,Thread Group 1-881,text,true,901,152,152,0
1435742292893,48132,OS Process Sampler,0,OK,Thread Group 1-879,text,true,901,151,151,0
1435742292861,48173,OS Process Sampler,0,OK,Thread Group 1-722,text,true,901,151,151,0
1435742292861,48173,OS Process Sampler,0,OK,Thread Group 1-726,text,true,901,151,151,0
1435742292860,48174,OS Process Sampler,0,OK,Thread Group 1-728,text,true,901,151,151,0
1435742292860,48175,OS Process Sampler,0,OK,Thread Group 1-730,text,true,901,151,151,0
1435742292860,48175,OS Process Sampler,0,OK,Thread Group 1-732,text,true,901,151,151,0
1435742292860,48176,OS Process Sampler,0,OK,Thread Group 1-734,text,true,901,145,145,0
1435742292860,48176,OS Process Sampler,0,OK,Thread Group 1-736,text,true,901,144,144,0
1435742292859,48177,OS Process Sampler,0,OK,Thread Group 1-738,text,true,901,143,143,0
1435742292859,48177,OS Process Sampler,0,OK,Thread Group 1-740,text,true,901,142,142,0
1435742289447,51591,OS Process Sampler,0,OK,Thread Group 1-660,text,true,901,141,141,0
1435742292859,48178,OS Process Sampler,0,OK,Thread Group 1-742,text,true,901,140,140,0
1435742291229,49808,OS Process Sampler,0,OK,Thread Group 1-841,text,true,901,139,139,0
1435742292859,48180,OS Process Sampler,0,OK,Thread Group 1-744,text,true,901,138,138,0
1435742292895,48144,OS Process Sampler,0,OK,Thread Group 1-861,text,true,901,137,137,0
1435742292862,48177,OS Process Sampler,0,OK,Thread Group 1-714,text,true,901,136,136,0
1435742291227,49813,OS Process Sampler,0,OK,Thread Group 1-851,text,true,901,135,135,0
1435742292894,48146,OS Process Sampler,0,OK,Thread Group 1-873,text,true,901,134,134,0
1435742292893,48147,OS Process Sampler,0,OK,Thread Group 1-875,text,true,901,133,133,0
1435742292893,48148,OS Process Sampler,0,OK,Thread Group 1-877,text,true,901,132,132,0
1435742292893,48157,OS Process Sampler,0,OK,Thread Group 1-883,text,true,901,131,131,0
1435742292892,48158,OS Process Sampler,0,OK,Thread Group 1-887,text,true,901,130,130,0
1435742292892,48158,OS Process Sampler,0,OK,Thread Group 1-889,text,true,901,129,129,0
1435742292892,48160,OS Process Sampler,0,OK,Thread Group 1-891,text,true,901,128,128,0
1435742292891,48161,OS Process Sampler,0,OK,Thread Group 1-893,text,true,901,127,127,0
1435742292892,48161,OS Process Sampler,0,OK,Thread Group 1-885,text,true,901,126,126,0
1435742292891,48162,OS Process Sampler,0,OK,Thread Group 1-897,text,true,901,125,125,0
1435742292861,48202,OS Process Sampler,0,OK,Thread Group 1-719,text,true,901,124,124,0
1435742292918,48145,OS Process Sampler,0,OK,Thread Group 1-745,text,true,901,123,123,0
1435742292895,48168,OS Process Sampler,0,OK,Thread Group 1-855,text,true,901,122,122,0
1435742292895,48170,OS Process Sampler,0,OK,Thread Group 1-857,text,true,901,121,121,0
1435742292895,48171,OS Process Sampler,0,OK,Thread Group 1-863,text,true,901,120,120,0
1435742292894,48174,OS Process Sampler,0,OK,Thread Group 1-865,text,true,901,119,119,0
1435742292894,48185,OS Process Sampler,0,OK,Thread Group 1-867,text,true,901,118,118,0
1435742292894,48186,OS Process Sampler,0,OK,Thread Group 1-869,text,true,901,117,117,0
1435742292894,48187,OS Process Sampler,0,OK,Thread Group 1-871,text,true,901,116,116,0
1435742292895,48186,OS Process Sampler,0,OK,Thread Group 1-854,text,true,901,115,115,0
1435742291251,49830,OS Process Sampler,0,OK,Thread Group 1-754,text,true,901,114,114,0
1435742291250,49832,OS Process Sampler,0,OK,Thread Group 1-758,text,true,901,113,113,0
1435742291250,49832,OS Process Sampler,0,OK,Thread Group 1-760,text,true,901,112,112,0
1435742291250,49832,OS Process Sampler,0,OK,Thread Group 1-762,text,true,901,111,111,0
1435742291230,49853,OS Process Sampler,0,OK,Thread Group 1-826,text,true,901,110,110,0
1435742291230,49854,OS Process Sampler,0,OK,Thread Group 1-827,text,true,901,109,109,0
1435742291230,49854,OS Process Sampler,0,OK,Thread Group 1-828,text,true,901,108,108,0
1435742291230,49854,OS Process Sampler,0,OK,Thread Group 1-829,text,true,901,107,107,0
1435742291230,49855,OS Process Sampler,0,OK,Thread Group 1-830,text,true,901,106,106,0
1435742291229,49856,OS Process Sampler,0,OK,Thread Group 1-832,text,true,901,105,105,0
1435742291229,49857,OS Process Sampler,0,OK,Thread Group 1-833,text,true,901,104,104,0
1435742291229,49857,OS Process Sampler,0,OK,Thread Group 1-834,text,true,901,103,103,0
1435742291229,49868,OS Process Sampler,0,OK,Thread Group 1-835,text,true,901,102,102,0
1435742291229,49869,OS Process Sampler,0,OK,Thread Group 1-838,text,true,901,101,101,0
1435742291229,49870,OS Process Sampler,0,OK,Thread Group 1-839,text,true,901,100,100,0
1435742291229,49870,OS Process Sampler,0,OK,Thread Group 1-840,text,true,901,99,99,0
1435742291228,49872,OS Process Sampler,0,OK,Thread Group 1-842,text,true,901,98,98,0
1435742291229,49871,OS Process Sampler,0,OK,Thread Group 1-836,text,true,901,97,97,0
1435742291228,49872,OS Process Sampler,0,OK,Thread Group 1-843,text,true,901,96,96,0
1435742291228,49872,OS Process Sampler,0,OK,Thread Group 1-844,text,true,901,95,95,0
1435742291228,49873,OS Process Sampler,0,OK,Thread Group 1-845,text,true,901,94,94,0
1435742291228,49873,OS Process Sampler,0,OK,Thread Group 1-846,text,true,901,93,93,0
1435742291228,49874,OS Process Sampler,0,OK,Thread Group 1-847,text,true,901,92,92,0
1435742291228,49874,OS Process Sampler,0,OK,Thread Group 1-848,text,true,901,91,91,0
1435742291228,49874,OS Process Sampler,0,OK,Thread Group 1-849,text,true,901,90,90,0
1435742291228,49883,OS Process Sampler,0,OK,Thread Group 1-850,text,true,901,90,90,0
1435742289458,51654,OS Process Sampler,0,OK,Thread Group 1-643,text,true,901,90,90,0
1435742287738,53375,OS Process Sampler,0,OK,Thread Group 1-524,text,true,901,90,90,0
1435742292882,48231,OS Process Sampler,0,OK,Thread Group 1-910,text,true,901,90,90,0
1435742291251,49862,OS Process Sampler,0,OK,Thread Group 1-746,text,true,901,85,85,0
1435742291251,49863,OS Process Sampler,0,OK,Thread Group 1-748,text,true,901,84,84,0
1435742291251,49863,OS Process Sampler,0,OK,Thread Group 1-750,text,true,901,83,83,0
1435742291251,49863,OS Process Sampler,0,OK,Thread Group 1-752,text,true,901,82,82,0
1435742289464,51652,OS Process Sampler,0,OK,Thread Group 1-614,text,true,901,81,81,0
1435742294771,46344,OS Process Sampler,0,OK,Thread Group 1-815,text,true,901,80,80,0
1435742289459,51657,OS Process Sampler,0,OK,Thread Group 1-637,text,true,901,79,79,0
1435742289459,51658,OS Process Sampler,0,OK,Thread Group 1-639,text,true,901,78,78,0
1435742289459,51658,OS Process Sampler,0,OK,Thread Group 1-641,text,true,901,77,77,0
1435742289458,51659,OS Process Sampler,0,OK,Thread Group 1-645,text,true,901,76,76,0
1435742289457,51660,OS Process Sampler,0,OK,Thread Group 1-647,text,true,901,75,75,0
1435742289457,51661,OS Process Sampler,0,OK,Thread Group 1-649,text,true,901,74,74,0
1435742289457,51661,OS Process Sampler,0,OK,Thread Group 1-651,text,true,901,73,73,0
1435742289456,51662,OS Process Sampler,0,OK,Thread Group 1-683,text,true,901,72,72,0
1435742289456,51663,OS Process Sampler,0,OK,Thread Group 1-653,text,true,901,71,71,0
1435742289448,51671,OS Process Sampler,0,OK,Thread Group 1-655,text,true,901,70,70,0
1435742289447,51681,OS Process Sampler,0,OK,Thread Group 1-659,text,true,901,69,69,0
1435742293705,47422,OS Process Sampler,0,OK,Thread Group 1-794,text,true,901,68,68,0
1435742289447,51682,OS Process Sampler,0,OK,Thread Group 1-661,text,true,901,67,67,0
1435742288295,52834,OS Process Sampler,0,OK,Thread Group 1-576,text,true,901,66,66,0
1435742289447,51673,OS Process Sampler,0,OK,Thread Group 1-657,text,true,901,69,69,0
1435742288274,52855,OS Process Sampler,0,OK,Thread Group 1-574,text,true,901,64,64,0
1435742289446,51684,OS Process Sampler,0,OK,Thread Group 1-663,text,true,901,63,63,0
1435742289446,51684,OS Process Sampler,0,OK,Thread Group 1-664,text,true,901,62,62,0
1435742289446,51684,OS Process Sampler,0,OK,Thread Group 1-665,text,true,901,61,61,0
1435742289446,51684,OS Process Sampler,0,OK,Thread Group 1-666,text,true,901,60,60,0
1435742289446,51685,OS Process Sampler,0,OK,Thread Group 1-667,text,true,901,59,59,0
1435742289446,51685,OS Process Sampler,0,OK,Thread Group 1-668,text,true,901,58,58,0
1435742289445,51686,OS Process Sampler,0,OK,Thread Group 1-669,text,true,901,57,57,0
1435742289445,51687,OS Process Sampler,0,OK,Thread Group 1-670,text,true,901,56,56,0
1435742289445,51687,OS Process Sampler,0,OK,Thread Group 1-671,text,true,901,55,55,0
1435742289445,51687,OS Process Sampler,0,OK,Thread Group 1-672,text,true,901,54,54,0
1435742289445,51687,OS Process Sampler,0,OK,Thread Group 1-673,text,true,901,53,53,0
1435742289444,51689,OS Process Sampler,0,OK,Thread Group 1-674,text,true,901,52,52,0
1435742289444,51689,OS Process Sampler,0,OK,Thread Group 1-675,text,true,901,51,51,0
1435742289444,51690,OS Process Sampler,0,OK,Thread Group 1-676,text,true,901,50,50,0
1435742289444,51690,OS Process Sampler,0,OK,Thread Group 1-677,text,true,901,49,49,0
1435742289444,51690,OS Process Sampler,0,OK,Thread Group 1-678,text,true,901,48,48,0
1435742289444,51691,OS Process Sampler,0,OK,Thread Group 1-679,text,true,901,47,47,0
1435742289443,51692,OS Process Sampler,0,OK,Thread Group 1-680,text,true,901,46,46,0
1435742287656,53479,OS Process Sampler,0,OK,Thread Group 1-517,text,true,901,45,45,0
1435742289443,51693,OS Process Sampler,0,OK,Thread Group 1-682,text,true,901,44,44,0
1435742289443,51701,OS Process Sampler,0,OK,Thread Group 1-681,text,true,901,44,44,0
1435742289463,51681,OS Process Sampler,0,OK,Thread Group 1-618,text,true,901,44,44,0
1435742289462,51683,OS Process Sampler,0,OK,Thread Group 1-619,text,true,901,44,44,0
1435742289462,51683,OS Process Sampler,0,OK,Thread Group 1-620,text,true,901,44,44,0
1435742289462,51683,OS Process Sampler,0,OK,Thread Group 1-621,text,true,901,44,44,0
1435742289462,51684,OS Process Sampler,0,OK,Thread Group 1-622,text,true,901,38,38,0
1435742289462,51684,OS Process Sampler,0,OK,Thread Group 1-623,text,true,901,37,37,0
1435742289462,51685,OS Process Sampler,0,OK,Thread Group 1-624,text,true,901,36,36,0
1435742289461,51686,OS Process Sampler,0,OK,Thread Group 1-625,text,true,901,35,35,0
1435742289461,51687,OS Process Sampler,0,OK,Thread Group 1-626,text,true,901,34,34,0
1435742289461,51687,OS Process Sampler,0,OK,Thread Group 1-627,text,true,901,33,33,0
1435742289461,51687,OS Process Sampler,0,OK,Thread Group 1-628,text,true,901,32,32,0
1435742289461,51688,OS Process Sampler,0,OK,Thread Group 1-629,text,true,901,31,31,0
1435742289461,51688,OS Process Sampler,0,OK,Thread Group 1-630,text,true,901,30,30,0
1435742289460,51689,OS Process Sampler,0,OK,Thread Group 1-631,text,true,901,29,29,0
1435742289460,51690,OS Process Sampler,0,OK,Thread Group 1-632,text,true,901,28,28,0
1435742289460,51690,OS Process Sampler,0,OK,Thread Group 1-633,text,true,901,27,27,0
1435742289460,51690,OS Process Sampler,0,OK,Thread Group 1-634,text,true,901,26,26,0
1435742289460,51691,OS Process Sampler,0,OK,Thread Group 1-635,text,true,901,25,25,0
1435742289459,51709,OS Process Sampler,0,OK,Thread Group 1-636,text,true,901,24,24,0
1435742292877,48316,OS Process Sampler,0,OK,Thread Group 1-950,text,true,901,23,23,0
1435742292875,48333,OS Process Sampler,0,OK,Thread Group 1-969,text,true,901,22,22,0
1435742287138,54076,OS Process Sampler,0,OK,Thread Group 1-472,text,true,901,21,21,0
1435742291250,49965,OS Process Sampler,0,OK,Thread Group 1-755,text,true,901,20,20,0
1435742292875,48368,OS Process Sampler,0,OK,Thread Group 1-971,text,true,901,19,19,0
1435742292875,48368,OS Process Sampler,0,OK,Thread Group 1-973,text,true,901,18,18,0
1435742292875,48368,OS Process Sampler,0,OK,Thread Group 1-975,text,true,901,17,17,0
1435742292875,48386,OS Process Sampler,0,OK,Thread Group 1-977,text,true,901,16,16,0
1435742292874,48407,OS Process Sampler,0,OK,Thread Group 1-981,text,true,901,15,15,0
1435742292874,48408,OS Process Sampler,0,OK,Thread Group 1-983,text,true,901,14,14,0
1435742292874,48408,OS Process Sampler,0,OK,Thread Group 1-979,text,true,901,13,13,0
1435742292874,48426,OS Process Sampler,0,OK,Thread Group 1-985,text,true,901,12,12,0
1435742292880,48420,OS Process Sampler,0,OK,Thread Group 1-925,text,true,901,11,11,0
1435742292880,48428,OS Process Sampler,0,OK,Thread Group 1-927,text,true,901,10,10,0
1435742292880,48428,OS Process Sampler,0,OK,Thread Group 1-929,text,true,901,9,9,0
1435742292879,48444,OS Process Sampler,0,OK,Thread Group 1-931,text,true,901,8,8,0
1435742292879,48463,OS Process Sampler,0,OK,Thread Group 1-933,text,true,901,7,7,0
1435742292879,48484,OS Process Sampler,0,OK,Thread Group 1-937,text,true,901,6,6,0
1435742292879,48485,OS Process Sampler,0,OK,Thread Group 1-939,text,true,901,5,5,0
1435742292879,48496,OS Process Sampler,0,OK,Thread Group 1-935,text,true,901,4,4,0
1435742292878,48498,OS Process Sampler,0,OK,Thread Group 1-943,text,true,901,3,3,0
1435742292878,48519,OS Process Sampler,0,OK,Thread Group 1-941,text,true,901,2,2,0
1435742292878,48520,OS Process Sampler,0,OK,Thread Group 1-945,text,true,901,1,1,0
