1436178401289,643,OS Process Sampler,0,OK,Thread Group 1-1,text,true,684,7,7,0
1436178401378,626,OS Process Sampler,0,OK,Thread Group 1-2,text,true,684,7,7,0
1436178401478,577,OS Process Sampler,0,OK,Thread Group 1-3,text,true,684,6,6,0
1436178401577,578,OS Process Sampler,0,OK,Thread Group 1-4,text,true,684,6,6,0
1436178401677,575,OS Process Sampler,0,OK,Thread Group 1-5,text,true,684,6,6,0
1436178401777,578,OS Process Sampler,0,OK,Thread Group 1-6,text,true,684,6,6,0
1436178401879,586,OS Process Sampler,0,OK,Thread Group 1-7,text,true,684,6,6,0
1436178401981,579,OS Process Sampler,0,OK,Thread Group 1-8,text,true,684,6,6,0
1436178402082,577,OS Process Sampler,0,OK,Thread Group 1-9,text,true,684,6,6,0
1436178402184,577,OS Process Sampler,0,OK,Thread Group 1-10,text,true,684,6,6,0
1436178402283,576,OS Process Sampler,0,OK,Thread Group 1-11,text,true,684,6,6,0
1436178402386,577,OS Process Sampler,0,OK,Thread Group 1-12,text,true,684,6,6,0
1436178402488,575,OS Process Sampler,0,OK,Thread Group 1-13,text,true,684,6,6,0
1436178402593,575,OS Process Sampler,0,OK,Thread Group 1-14,text,true,684,6,6,0
1436178402694,579,OS Process Sampler,0,OK,Thread Group 1-15,text,true,684,6,6,0
1436178402796,577,OS Process Sampler,0,OK,Thread Group 1-16,text,true,684,6,6,0
1436178402898,579,OS Process Sampler,0,OK,Thread Group 1-17,text,true,684,6,6,0
1436178402999,578,OS Process Sampler,0,OK,Thread Group 1-18,text,true,684,6,6,0
1436178403100,580,OS Process Sampler,0,OK,Thread Group 1-19,text,true,684,6,6,0
1436178403205,580,OS Process Sampler,0,OK,Thread Group 1-20,text,true,684,6,6,0
1436178403306,577,OS Process Sampler,0,OK,Thread Group 1-21,text,true,684,6,6,0
1436178403407,579,OS Process Sampler,0,OK,Thread Group 1-22,text,true,684,6,6,0
1436178403510,583,OS Process Sampler,0,OK,Thread Group 1-23,text,true,684,6,6,0
1436178403611,577,OS Process Sampler,0,OK,Thread Group 1-24,text,true,684,6,6,0
1436178403712,580,OS Process Sampler,0,OK,Thread Group 1-25,text,true,684,6,6,0
1436178403815,575,OS Process Sampler,0,OK,Thread Group 1-26,text,true,684,6,6,0
1436178403916,574,OS Process Sampler,0,OK,Thread Group 1-27,text,true,684,6,6,0
1436178404017,573,OS Process Sampler,0,OK,Thread Group 1-28,text,true,684,6,6,0
1436178404120,574,OS Process Sampler,0,OK,Thread Group 1-29,text,true,684,6,6,0
1436178404221,576,OS Process Sampler,0,OK,Thread Group 1-30,text,true,684,6,6,0
1436178404322,575,OS Process Sampler,0,OK,Thread Group 1-31,text,true,684,6,6,0
1436178404425,574,OS Process Sampler,0,OK,Thread Group 1-32,text,true,684,6,6,0
1436178404526,575,OS Process Sampler,0,OK,Thread Group 1-33,text,true,684,6,6,0
1436178404627,580,OS Process Sampler,0,OK,Thread Group 1-34,text,true,684,6,6,0
1436178404729,576,OS Process Sampler,0,OK,Thread Group 1-35,text,true,684,6,6,0
1436178404832,573,OS Process Sampler,0,OK,Thread Group 1-36,text,true,684,6,6,0
1436178404933,575,OS Process Sampler,0,OK,Thread Group 1-37,text,true,684,6,6,0
1436178405034,576,OS Process Sampler,0,OK,Thread Group 1-38,text,true,684,6,6,0
1436178405136,575,OS Process Sampler,0,OK,Thread Group 1-39,text,true,684,6,6,0
1436178405237,574,OS Process Sampler,0,OK,Thread Group 1-40,text,true,684,6,6,0
1436178405338,575,OS Process Sampler,0,OK,Thread Group 1-41,text,true,684,6,6,0
1436178405438,576,OS Process Sampler,0,OK,Thread Group 1-42,text,true,684,6,6,0
1436178405539,575,OS Process Sampler,0,OK,Thread Group 1-43,text,true,684,6,6,0
1436178405642,577,OS Process Sampler,0,OK,Thread Group 1-44,text,true,684,6,6,0
1436178405747,576,OS Process Sampler,0,OK,Thread Group 1-45,text,true,684,6,6,0
1436178405849,576,OS Process Sampler,0,OK,Thread Group 1-46,text,true,684,6,6,0
1436178405951,574,OS Process Sampler,0,OK,Thread Group 1-47,text,true,684,6,6,0
1436178406051,578,OS Process Sampler,0,OK,Thread Group 1-48,text,true,684,6,6,0
1436178406153,574,OS Process Sampler,0,OK,Thread Group 1-49,text,true,684,6,6,0
1436178406254,574,OS Process Sampler,0,OK,Thread Group 1-50,text,true,684,6,6,0
1436178406357,577,OS Process Sampler,0,OK,Thread Group 1-51,text,true,684,6,6,0
1436178406457,576,OS Process Sampler,0,OK,Thread Group 1-52,text,true,684,6,6,0
1436178406559,575,OS Process Sampler,0,OK,Thread Group 1-53,text,true,684,6,6,0
1436178406660,576,OS Process Sampler,0,OK,Thread Group 1-54,text,true,684,6,6,0
1436178406763,576,OS Process Sampler,0,OK,Thread Group 1-55,text,true,684,6,6,0
1436178406863,575,OS Process Sampler,0,OK,Thread Group 1-56,text,true,684,6,6,0
1436178406965,576,OS Process Sampler,0,OK,Thread Group 1-57,text,true,684,6,6,0
1436178407067,575,OS Process Sampler,0,OK,Thread Group 1-58,text,true,684,6,6,0
1436178407177,577,OS Process Sampler,0,OK,Thread Group 1-59,text,true,684,6,6,0
1436178407272,578,OS Process Sampler,0,OK,Thread Group 1-60,text,true,684,6,6,0
1436178407378,577,OS Process Sampler,0,OK,Thread Group 1-61,text,true,684,6,6,0
1436178407480,576,OS Process Sampler,0,OK,Thread Group 1-62,text,true,684,6,6,0
1436178407581,574,OS Process Sampler,0,OK,Thread Group 1-63,text,true,684,6,6,0
1436178407682,576,OS Process Sampler,0,OK,Thread Group 1-64,text,true,684,6,6,0
1436178407789,577,OS Process Sampler,0,OK,Thread Group 1-65,text,true,684,6,6,0
1436178407895,574,OS Process Sampler,0,OK,Thread Group 1-66,text,true,684,6,6,0
1436178407996,575,OS Process Sampler,0,OK,Thread Group 1-67,text,true,684,6,6,0
1436178408103,575,OS Process Sampler,0,OK,Thread Group 1-68,text,true,684,6,6,0
1436178408207,575,OS Process Sampler,0,OK,Thread Group 1-69,text,true,684,6,6,0
1436178408313,575,OS Process Sampler,0,OK,Thread Group 1-70,text,true,684,6,6,0
1436178408413,580,OS Process Sampler,0,OK,Thread Group 1-71,text,true,684,6,6,0
1436178408517,580,OS Process Sampler,0,OK,Thread Group 1-72,text,true,684,6,6,0
1436178408618,576,OS Process Sampler,0,OK,Thread Group 1-73,text,true,684,6,6,0
1436178408724,575,OS Process Sampler,0,OK,Thread Group 1-74,text,true,684,6,6,0
1436178408822,575,OS Process Sampler,0,OK,Thread Group 1-75,text,true,684,6,6,0
1436178408923,574,OS Process Sampler,0,OK,Thread Group 1-76,text,true,684,6,6,0
1436178409022,574,OS Process Sampler,0,OK,Thread Group 1-77,text,true,684,6,6,0
1436178409125,575,OS Process Sampler,0,OK,Thread Group 1-78,text,true,684,6,6,0
1436178409227,578,OS Process Sampler,0,OK,Thread Group 1-79,text,true,684,6,6,0
1436178409330,577,OS Process Sampler,0,OK,Thread Group 1-80,text,true,684,6,6,0
1436178409430,577,OS Process Sampler,0,OK,Thread Group 1-81,text,true,684,6,6,0
1436178409532,577,OS Process Sampler,0,OK,Thread Group 1-82,text,true,684,6,6,0
1436178409633,575,OS Process Sampler,0,OK,Thread Group 1-83,text,true,684,6,6,0
1436178409734,574,OS Process Sampler,0,OK,Thread Group 1-84,text,true,684,6,6,0
1436178409836,574,OS Process Sampler,0,OK,Thread Group 1-85,text,true,684,6,6,0
1436178409937,575,OS Process Sampler,0,OK,Thread Group 1-86,text,true,684,6,6,0
1436178410039,578,OS Process Sampler,0,OK,Thread Group 1-87,text,true,684,6,6,0
1436178410140,577,OS Process Sampler,0,OK,Thread Group 1-88,text,true,684,6,6,0
1436178410241,576,OS Process Sampler,0,OK,Thread Group 1-89,text,true,684,6,6,0
1436178410343,577,OS Process Sampler,0,OK,Thread Group 1-90,text,true,684,6,6,0
1436178410444,575,OS Process Sampler,0,OK,Thread Group 1-91,text,true,684,6,6,0
1436178410545,574,OS Process Sampler,0,OK,Thread Group 1-92,text,true,684,6,6,0
1436178410646,577,OS Process Sampler,0,OK,Thread Group 1-93,text,true,684,6,6,0
1436178410748,577,OS Process Sampler,0,OK,Thread Group 1-94,text,true,684,6,6,0
1436178410849,576,OS Process Sampler,0,OK,Thread Group 1-95,text,true,684,6,6,0
1436178410951,579,OS Process Sampler,0,OK,Thread Group 1-96,text,true,684,5,5,0
1436178411053,575,OS Process Sampler,0,OK,Thread Group 1-97,text,true,684,4,4,0
1436178411154,574,OS Process Sampler,0,OK,Thread Group 1-98,text,true,684,3,3,0
1436178411255,574,OS Process Sampler,0,OK,Thread Group 1-99,text,true,684,2,2,0
1436178411357,575,OS Process Sampler,0,OK,Thread Group 1-100,text,true,684,1,1,0
