1436173857517,10045,OS Process Sampler,0,OK,Thread Group 1-1,text,true,684,99,99,0
1436173857707,11101,OS Process Sampler,0,OK,Thread Group 1-3,text,true,684,99,99,0
1436173857607,12331,OS Process Sampler,0,OK,Thread Group 1-2,text,true,684,98,98,0
1436173857807,18312,OS Process Sampler,0,OK,Thread Group 1-4,text,true,684,97,97,0
1436173857907,20457,OS Process Sampler,0,OK,Thread Group 1-5,text,true,684,96,96,0
1436173858219,21134,OS Process Sampler,0,OK,Thread Group 1-8,text,true,684,95,95,0
1436173858007,21796,OS Process Sampler,0,OK,Thread Group 1-6,text,true,684,94,94,0
1436173858830,21118,OS Process Sampler,0,OK,Thread Group 1-14,text,true,684,93,93,0
1436173859033,24121,OS Process Sampler,0,OK,Thread Group 1-16,text,true,684,92,92,0
1436173859340,24341,OS Process Sampler,0,OK,Thread Group 1-19,text,true,684,91,91,0
1436173858625,25304,OS Process Sampler,0,OK,Thread Group 1-12,text,true,684,90,90,0
1436173858116,27018,OS Process Sampler,0,OK,Thread Group 1-7,text,true,684,89,89,0
1436173858319,27120,OS Process Sampler,0,OK,Thread Group 1-9,text,true,684,88,88,0
1436173858523,27031,OS Process Sampler,0,OK,Thread Group 1-11,text,true,684,87,87,0
1436173858421,27447,OS Process Sampler,0,OK,Thread Group 1-10,text,true,684,86,86,0
1436173858726,27158,OS Process Sampler,0,OK,Thread Group 1-13,text,true,684,85,85,0
1436173859644,27467,OS Process Sampler,0,OK,Thread Group 1-22,text,true,684,84,84,0
1436173859441,28029,OS Process Sampler,0,OK,Thread Group 1-20,text,true,684,83,83,0
1436173860864,27751,OS Process Sampler,0,OK,Thread Group 1-34,text,true,684,82,82,0
1436173859747,28877,OS Process Sampler,0,OK,Thread Group 1-23,text,true,684,81,81,0
1436173859134,29619,OS Process Sampler,0,OK,Thread Group 1-17,text,true,684,80,80,0
1436173858931,30331,OS Process Sampler,0,OK,Thread Group 1-15,text,true,684,79,79,0
1436173859848,30538,OS Process Sampler,0,OK,Thread Group 1-24,text,true,684,78,78,0
1436173859237,31712,OS Process Sampler,0,OK,Thread Group 1-18,text,true,684,77,77,0
1436173859543,31745,OS Process Sampler,0,OK,Thread Group 1-21,text,true,684,76,76,0
1436173860052,32161,OS Process Sampler,0,OK,Thread Group 1-26,text,true,684,75,75,0
1436173860764,31844,OS Process Sampler,0,OK,Thread Group 1-33,text,true,684,74,74,0
1436173859949,32664,OS Process Sampler,0,OK,Thread Group 1-25,text,true,684,73,73,0
1436173860559,32165,OS Process Sampler,0,OK,Thread Group 1-31,text,true,684,72,72,0
1436173860357,32470,OS Process Sampler,0,OK,Thread Group 1-29,text,true,684,71,71,0
1436173860662,32536,OS Process Sampler,0,OK,Thread Group 1-32,text,true,684,70,70,0
1436173861577,31623,OS Process Sampler,0,OK,Thread Group 1-41,text,true,684,69,69,0
1436173862291,31147,OS Process Sampler,0,OK,Thread Group 1-48,text,true,684,68,68,0
1436173860458,33033,OS Process Sampler,0,OK,Thread Group 1-30,text,true,684,67,67,0
1436173861677,32110,OS Process Sampler,0,OK,Thread Group 1-42,text,true,684,66,66,0
1436173862696,31428,OS Process Sampler,0,OK,Thread Group 1-52,text,true,684,65,65,0
1436173862595,31530,OS Process Sampler,0,OK,Thread Group 1-51,text,true,684,64,64,0
1436173860255,33884,OS Process Sampler,0,OK,Thread Group 1-28,text,true,684,63,63,0
1436173861780,32516,OS Process Sampler,0,OK,Thread Group 1-43,text,true,684,62,62,0
1436173861077,33385,OS Process Sampler,0,OK,Thread Group 1-36,text,true,684,61,61,0
1436173860152,34546,OS Process Sampler,0,OK,Thread Group 1-27,text,true,684,60,60,0
1436173862494,32249,OS Process Sampler,0,OK,Thread Group 1-50,text,true,684,59,59,0
1436173861272,33514,OS Process Sampler,0,OK,Thread Group 1-38,text,true,684,58,58,0
1436173863406,31381,OS Process Sampler,0,OK,Thread Group 1-59,text,true,684,57,57,0
1436173862091,32722,OS Process Sampler,0,OK,Thread Group 1-46,text,true,684,56,56,0
1436173863001,31817,OS Process Sampler,0,OK,Thread Group 1-55,text,true,684,55,55,0
1436173860966,33864,OS Process Sampler,0,OK,Thread Group 1-35,text,true,684,54,54,0
1436173861880,32970,OS Process Sampler,0,OK,Thread Group 1-44,text,true,684,53,53,0
1436173861167,33685,OS Process Sampler,0,OK,Thread Group 1-37,text,true,684,52,52,0
1436173861373,33547,OS Process Sampler,0,OK,Thread Group 1-39,text,true,684,51,51,0
1436173862900,32026,OS Process Sampler,0,OK,Thread Group 1-54,text,true,684,50,50,0
1436173864341,30585,OS Process Sampler,0,OK,Thread Group 1-68,text,true,684,49,49,0
1436173863517,31430,OS Process Sampler,0,OK,Thread Group 1-60,text,true,684,48,48,0
1436173862797,32181,OS Process Sampler,0,OK,Thread Group 1-53,text,true,684,47,47,0
1436173863103,31883,OS Process Sampler,0,OK,Thread Group 1-56,text,true,684,46,46,0
1436173861475,33529,OS Process Sampler,0,OK,Thread Group 1-40,text,true,684,45,45,0
1436173862188,32819,OS Process Sampler,0,OK,Thread Group 1-47,text,true,684,44,44,0
1436173864647,30388,OS Process Sampler,0,OK,Thread Group 1-71,text,true,684,43,43,0
1436173863931,31198,OS Process Sampler,0,OK,Thread Group 1-64,text,true,684,42,42,0
1436173862392,32845,OS Process Sampler,0,OK,Thread Group 1-49,text,true,684,41,41,0
1436173865461,29816,OS Process Sampler,0,OK,Thread Group 1-79,text,true,684,40,40,0
1436173864241,31281,OS Process Sampler,0,OK,Thread Group 1-67,text,true,684,39,39,0
1436173864545,31161,OS Process Sampler,0,OK,Thread Group 1-70,text,true,684,38,38,0
1436173864451,31281,OS Process Sampler,0,OK,Thread Group 1-69,text,true,684,37,37,0
1436173861985,33813,OS Process Sampler,0,OK,Thread Group 1-45,text,true,684,36,36,0
1436173863306,32621,OS Process Sampler,0,OK,Thread Group 1-58,text,true,684,35,35,0
1436173864752,31217,OS Process Sampler,0,OK,Thread Group 1-72,text,true,684,34,34,0
1436173865359,30613,OS Process Sampler,0,OK,Thread Group 1-78,text,true,684,33,33,0
1436173864037,32058,OS Process Sampler,0,OK,Thread Group 1-65,text,true,684,32,32,0
1436173866576,29729,OS Process Sampler,0,OK,Thread Group 1-90,text,true,684,31,31,0
1436173863203,33126,OS Process Sampler,0,OK,Thread Group 1-57,text,true,684,30,30,0
1436173866779,29634,OS Process Sampler,0,OK,Thread Group 1-92,text,true,684,29,29,0
1436173864138,32326,OS Process Sampler,0,OK,Thread Group 1-66,text,true,684,28,28,0
1436173865156,31441,OS Process Sampler,0,OK,Thread Group 1-76,text,true,684,27,27,0
1436173865053,31639,OS Process Sampler,0,OK,Thread Group 1-75,text,true,684,26,26,0
1436173863614,33117,OS Process Sampler,0,OK,Thread Group 1-61,text,true,684,25,25,0
1436173867286,29446,OS Process Sampler,0,OK,Thread Group 1-97,text,true,684,24,24,0
1436173867489,29264,OS Process Sampler,0,OK,Thread Group 1-99,text,true,684,23,23,0
1436173867388,29426,OS Process Sampler,0,OK,Thread Group 1-98,text,true,684,22,22,0
1436173863829,32986,OS Process Sampler,0,OK,Thread Group 1-63,text,true,684,21,21,0
1436173867592,29223,OS Process Sampler,0,OK,Thread Group 1-100,text,true,684,20,20,0
1436173866069,30748,OS Process Sampler,0,OK,Thread Group 1-85,text,true,684,19,19,0
1436173866272,30562,OS Process Sampler,0,OK,Thread Group 1-87,text,true,684,18,18,0
1436173865562,31276,OS Process Sampler,0,OK,Thread Group 1-80,text,true,684,17,17,0
1436173866881,29959,OS Process Sampler,0,OK,Thread Group 1-93,text,true,684,16,16,0
1436173865257,31613,OS Process Sampler,0,OK,Thread Group 1-77,text,true,684,15,15,0
1436173865663,31267,OS Process Sampler,0,OK,Thread Group 1-81,text,true,684,14,14,0
1436173865764,31239,OS Process Sampler,0,OK,Thread Group 1-82,text,true,684,13,13,0
1436173867083,29922,OS Process Sampler,0,OK,Thread Group 1-95,text,true,684,12,12,0
1436173864952,32059,OS Process Sampler,0,OK,Thread Group 1-74,text,true,684,11,11,0
1436173866474,30558,OS Process Sampler,0,OK,Thread Group 1-89,text,true,684,10,10,0
1436173864849,32198,OS Process Sampler,0,OK,Thread Group 1-73,text,true,684,9,9,0
1436173863721,33351,OS Process Sampler,0,OK,Thread Group 1-62,text,true,684,8,8,0
1436173866981,30094,OS Process Sampler,0,OK,Thread Group 1-94,text,true,684,7,7,0
1436173865866,31214,OS Process Sampler,0,OK,Thread Group 1-83,text,true,684,6,6,0
1436173867184,29924,OS Process Sampler,0,OK,Thread Group 1-96,text,true,684,5,5,0
1436173866678,30461,OS Process Sampler,0,OK,Thread Group 1-91,text,true,684,4,4,0
1436173866374,30769,OS Process Sampler,0,OK,Thread Group 1-88,text,true,684,3,3,0
1436173865968,31229,OS Process Sampler,0,OK,Thread Group 1-84,text,true,684,2,2,0
1436173866171,31201,OS Process Sampler,0,OK,Thread Group 1-86,text,true,684,1,1,0
