1436178589897,1049,OS Process Sampler,0,OK,Thread Group 1-2,text,true,684,35,35,0
1436178589934,1226,OS Process Sampler,0,OK,Thread Group 1-5,text,true,684,34,34,0
1436178589940,1295,OS Process Sampler,0,OK,Thread Group 1-6,text,true,684,33,33,0
1436178589895,1396,OS Process Sampler,0,OK,Thread Group 1-1,text,true,684,32,32,0
1436178589910,1384,OS Process Sampler,0,OK,Thread Group 1-3,text,true,684,31,31,0
1436178589919,1474,OS Process Sampler,0,OK,Thread Group 1-4,text,true,684,30,30,0
1436178589991,1446,OS Process Sampler,0,OK,Thread Group 1-10,text,true,684,29,29,0
1436178589968,1582,OS Process Sampler,0,OK,Thread Group 1-8,text,true,684,28,28,0
1436178590042,1566,OS Process Sampler,0,OK,Thread Group 1-14,text,true,684,27,27,0
1436178589957,1658,OS Process Sampler,0,OK,Thread Group 1-7,text,true,684,26,26,0
1436178590015,1605,OS Process Sampler,0,OK,Thread Group 1-12,text,true,684,25,25,0
1436178590077,1600,OS Process Sampler,0,OK,Thread Group 1-15,text,true,684,24,24,0
1436178590003,1675,OS Process Sampler,0,OK,Thread Group 1-11,text,true,684,23,23,0
1436178589980,1699,OS Process Sampler,0,OK,Thread Group 1-9,text,true,684,22,22,0
1436178590026,1698,OS Process Sampler,0,OK,Thread Group 1-13,text,true,684,23,23,0
1436178590088,1654,OS Process Sampler,0,OK,Thread Group 1-16,text,true,684,22,22,0
1436178590106,1686,OS Process Sampler,0,OK,Thread Group 1-17,text,true,684,25,25,0
1436178590137,1655,OS Process Sampler,0,OK,Thread Group 1-19,text,true,684,24,24,0
1436178590120,1675,OS Process Sampler,0,OK,Thread Group 1-18,text,true,684,23,23,0
1436178590205,1702,OS Process Sampler,0,OK,Thread Group 1-23,text,true,684,30,30,0
1436178590216,1691,OS Process Sampler,0,OK,Thread Group 1-24,text,true,684,29,29,0
1436178590237,1666,OS Process Sampler,0,OK,Thread Group 1-25,text,true,684,29,29,0
1436178590170,1765,OS Process Sampler,0,OK,Thread Group 1-21,text,true,684,28,28,0
1436178590368,1581,OS Process Sampler,0,OK,Thread Group 1-31,text,true,684,26,26,0
1436178590332,1617,OS Process Sampler,0,OK,Thread Group 1-29,text,true,684,25,25,0
1436178590255,1697,OS Process Sampler,0,OK,Thread Group 1-26,text,true,684,26,26,0
1436178590284,1669,OS Process Sampler,0,OK,Thread Group 1-27,text,true,684,26,26,0
1436178590486,1467,OS Process Sampler,0,OK,Thread Group 1-35,text,true,684,25,25,0
1436178590186,1776,OS Process Sampler,0,OK,Thread Group 1-22,text,true,684,24,24,0
1436178590299,1654,OS Process Sampler,0,OK,Thread Group 1-28,text,true,684,23,23,0
1436178590354,1601,OS Process Sampler,0,OK,Thread Group 1-30,text,true,684,23,23,0
1436178590434,1537,OS Process Sampler,0,OK,Thread Group 1-33,text,true,684,24,24,0
1436178590158,1825,OS Process Sampler,0,OK,Thread Group 1-20,text,true,684,24,24,0
1436178590463,1526,OS Process Sampler,0,OK,Thread Group 1-34,text,true,684,23,23,0
1436178590390,1626,OS Process Sampler,0,OK,Thread Group 1-32,text,true,684,24,24,0
1436178591724,818,OS Process Sampler,0,OK,Thread Group 1-37,text,true,684,70,70,0
1436178591706,1293,OS Process Sampler,0,OK,Thread Group 1-36,text,true,684,109,109,0
1436178591770,2255,OS Process Sampler,0,OK,Thread Group 1-40,text,true,684,200,200,0
1436178591748,4627,OS Process Sampler,0,OK,Thread Group 1-38,text,true,684,275,275,0
1436178591756,4933,OS Process Sampler,0,OK,Thread Group 1-39,text,true,684,276,276,0
1436178591790,5533,OS Process Sampler,0,OK,Thread Group 1-41,text,true,684,279,279,0
1436178591806,5618,OS Process Sampler,0,OK,Thread Group 1-42,text,true,684,278,278,0
1436178591827,6826,OS Process Sampler,0,OK,Thread Group 1-43,text,true,684,283,283,0
1436178596035,9529,OS Process Sampler,0,OK,Thread Group 1-310,text,true,684,307,307,0
1436178595750,9918,OS Process Sampler,0,OK,Thread Group 1-307,text,true,684,306,306,0
1436178595939,9741,OS Process Sampler,0,OK,Thread Group 1-309,text,true,684,305,305,0
1436178596239,9463,OS Process Sampler,0,OK,Thread Group 1-312,text,true,684,304,304,0
1436178595845,9863,OS Process Sampler,0,OK,Thread Group 1-308,text,true,684,303,303,0
1436178595623,10144,OS Process Sampler,0,OK,Thread Group 1-305,text,true,684,302,302,0
1436178596341,9440,OS Process Sampler,0,OK,Thread Group 1-313,text,true,684,301,301,0
1436178595563,10243,OS Process Sampler,0,OK,Thread Group 1-304,text,true,684,300,300,0
1436178596133,9691,OS Process Sampler,0,OK,Thread Group 1-311,text,true,684,299,299,0
1436178595454,10381,OS Process Sampler,0,OK,Thread Group 1-302,text,true,684,298,298,0
1436178596707,9140,OS Process Sampler,0,OK,Thread Group 1-316,text,true,684,297,297,0
1436178596959,8904,OS Process Sampler,0,OK,Thread Group 1-318,text,true,684,296,296,0
1436178596477,9399,OS Process Sampler,0,OK,Thread Group 1-314,text,true,684,295,295,0
1436178595401,10475,OS Process Sampler,0,OK,Thread Group 1-301,text,true,684,295,295,0
1436178597232,8647,OS Process Sampler,0,OK,Thread Group 1-319,text,true,684,293,293,0
1436178596816,9071,OS Process Sampler,0,OK,Thread Group 1-317,text,true,684,292,292,0
1436178596591,9306,OS Process Sampler,0,OK,Thread Group 1-315,text,true,684,291,291,0
1436178595267,10632,OS Process Sampler,0,OK,Thread Group 1-298,text,true,684,290,290,0
1436178595338,10587,OS Process Sampler,0,OK,Thread Group 1-300,text,true,684,289,289,0
1436178595297,10646,OS Process Sampler,0,OK,Thread Group 1-299,text,true,684,288,288,0
1436178594927,11038,OS Process Sampler,0,OK,Thread Group 1-289,text,true,684,287,287,0
1436178595208,10767,OS Process Sampler,0,OK,Thread Group 1-297,text,true,684,286,286,0
1436178595163,10828,OS Process Sampler,0,OK,Thread Group 1-296,text,true,684,285,285,0
1436178595129,10872,OS Process Sampler,0,OK,Thread Group 1-295,text,true,684,284,284,0
1436178595096,10917,OS Process Sampler,0,OK,Thread Group 1-294,text,true,684,283,283,0
1436178597621,8392,OS Process Sampler,0,OK,Thread Group 1-321,text,true,684,282,282,0
1436178595017,11002,OS Process Sampler,0,OK,Thread Group 1-292,text,true,684,281,281,0
1436178594979,11042,OS Process Sampler,0,OK,Thread Group 1-291,text,true,684,280,280,0
1436178594962,11063,OS Process Sampler,0,OK,Thread Group 1-290,text,true,684,279,279,0
1436178594895,11133,OS Process Sampler,0,OK,Thread Group 1-288,text,true,684,278,278,0
1436178594843,11187,OS Process Sampler,0,OK,Thread Group 1-286,text,true,684,277,277,0
1436178594529,11505,OS Process Sampler,0,OK,Thread Group 1-280,text,true,684,276,276,0
1436178598059,7976,OS Process Sampler,0,OK,Thread Group 1-323,text,true,684,276,276,0
1436178594813,11223,OS Process Sampler,0,OK,Thread Group 1-285,text,true,684,274,274,0
1436178594667,11370,OS Process Sampler,0,OK,Thread Group 1-284,text,true,684,273,273,0
1436178594545,11494,OS Process Sampler,0,OK,Thread Group 1-281,text,true,684,272,272,0
1436178594362,11683,OS Process Sampler,0,OK,Thread Group 1-267,text,true,684,271,271,0
1436178594259,11789,OS Process Sampler,0,OK,Thread Group 1-258,text,true,684,270,270,0
1436178598237,7818,OS Process Sampler,0,OK,Thread Group 1-324,text,true,684,269,269,0
1436178594111,11945,OS Process Sampler,0,OK,Thread Group 1-246,text,true,684,268,268,0
1436178594518,11545,OS Process Sampler,0,OK,Thread Group 1-279,text,true,684,267,267,0
1436178597815,8249,OS Process Sampler,0,OK,Thread Group 1-322,text,true,684,266,266,0
1436178594498,11569,OS Process Sampler,0,OK,Thread Group 1-278,text,true,684,265,265,0
1436178594473,11596,OS Process Sampler,0,OK,Thread Group 1-276,text,true,684,264,264,0
1436178594609,11463,OS Process Sampler,0,OK,Thread Group 1-283,text,true,684,263,263,0
1436178594407,11668,OS Process Sampler,0,OK,Thread Group 1-271,text,true,684,262,262,0
1436178594319,11760,OS Process Sampler,0,OK,Thread Group 1-263,text,true,684,261,261,0
1436178594216,11865,OS Process Sampler,0,OK,Thread Group 1-254,text,true,684,260,260,0
1436178594193,11891,OS Process Sampler,0,OK,Thread Group 1-252,text,true,684,259,259,0
1436178594079,12008,OS Process Sampler,0,OK,Thread Group 1-243,text,true,684,258,258,0
1436178594047,12042,OS Process Sampler,0,OK,Thread Group 1-240,text,true,684,257,257,0
1436178594205,11885,OS Process Sampler,0,OK,Thread Group 1-253,text,true,684,256,256,0
1436178594121,11972,OS Process Sampler,0,OK,Thread Group 1-247,text,true,684,255,255,0
1436178597449,8652,OS Process Sampler,0,OK,Thread Group 1-320,text,true,684,254,254,0
1436178594294,11810,OS Process Sampler,0,OK,Thread Group 1-261,text,true,684,253,253,0
1436178594226,11881,OS Process Sampler,0,OK,Thread Group 1-255,text,true,684,252,252,0
1436178594017,12095,OS Process Sampler,0,OK,Thread Group 1-237,text,true,684,251,251,0
1436178594037,12077,OS Process Sampler,0,OK,Thread Group 1-239,text,true,684,250,250,0
1436178593994,12123,OS Process Sampler,0,OK,Thread Group 1-235,text,true,684,249,249,0
1436178593950,12170,OS Process Sampler,0,OK,Thread Group 1-231,text,true,684,248,248,0
1436178593940,12186,OS Process Sampler,0,OK,Thread Group 1-230,text,true,684,247,247,0
1436178593897,12234,OS Process Sampler,0,OK,Thread Group 1-226,text,true,684,246,246,0
1436178593845,12291,OS Process Sampler,0,OK,Thread Group 1-221,text,true,684,245,245,0
1436178593801,12335,OS Process Sampler,0,OK,Thread Group 1-217,text,true,684,245,245,0
1436178593600,12538,OS Process Sampler,0,OK,Thread Group 1-202,text,true,684,243,243,0
1436178593769,12369,OS Process Sampler,0,OK,Thread Group 1-215,text,true,684,243,243,0
1436178593745,12395,OS Process Sampler,0,OK,Thread Group 1-213,text,true,684,243,243,0
1436178593782,12361,OS Process Sampler,0,OK,Thread Group 1-216,text,true,684,240,240,0
1436178593735,12409,OS Process Sampler,0,OK,Thread Group 1-212,text,true,684,239,239,0
1436178593698,12448,OS Process Sampler,0,OK,Thread Group 1-209,text,true,684,238,238,0
1436178593570,12579,OS Process Sampler,0,OK,Thread Group 1-199,text,true,684,237,237,0
1436178593642,12510,OS Process Sampler,0,OK,Thread Group 1-206,text,true,684,236,236,0
1436178593536,12629,OS Process Sampler,0,OK,Thread Group 1-196,text,true,684,235,235,0
1436178593492,12681,OS Process Sampler,0,OK,Thread Group 1-192,text,true,684,234,234,0
1436178593482,12694,OS Process Sampler,0,OK,Thread Group 1-191,text,true,684,233,233,0
1436178593449,12732,OS Process Sampler,0,OK,Thread Group 1-188,text,true,684,232,232,0
1436178598392,7791,OS Process Sampler,0,OK,Thread Group 1-325,text,true,684,231,231,0
1436178593352,12832,OS Process Sampler,0,OK,Thread Group 1-179,text,true,684,230,230,0
1436178593428,12758,OS Process Sampler,0,OK,Thread Group 1-186,text,true,684,229,229,0
1436178593288,12902,OS Process Sampler,0,OK,Thread Group 1-173,text,true,684,228,228,0
1436178593416,12774,OS Process Sampler,0,OK,Thread Group 1-185,text,true,684,227,227,0
1436178593384,12809,OS Process Sampler,0,OK,Thread Group 1-182,text,true,684,226,226,0
1436178593343,12851,OS Process Sampler,0,OK,Thread Group 1-178,text,true,684,225,225,0
1436178593299,12900,OS Process Sampler,0,OK,Thread Group 1-174,text,true,684,224,224,0
1436178593171,13034,OS Process Sampler,0,OK,Thread Group 1-162,text,true,684,223,223,0
1436178593191,13016,OS Process Sampler,0,OK,Thread Group 1-164,text,true,684,222,222,0
1436178593160,13059,OS Process Sampler,0,OK,Thread Group 1-161,text,true,684,221,221,0
1436178593128,13096,OS Process Sampler,0,OK,Thread Group 1-158,text,true,684,220,220,0
1436178598913,7312,OS Process Sampler,0,OK,Thread Group 1-327,text,true,684,219,219,0
1436178598686,7546,OS Process Sampler,0,OK,Thread Group 1-326,text,true,684,218,218,0
1436178599151,7082,OS Process Sampler,0,OK,Thread Group 1-328,text,true,684,217,217,0
1436178593095,13138,OS Process Sampler,0,OK,Thread Group 1-155,text,true,684,217,217,0
1436178592905,13338,OS Process Sampler,0,OK,Thread Group 1-138,text,true,684,215,215,0
1436178592882,13370,OS Process Sampler,0,OK,Thread Group 1-136,text,true,684,214,214,0
1436178592862,13392,OS Process Sampler,0,OK,Thread Group 1-134,text,true,684,213,213,0
1436178592851,13404,OS Process Sampler,0,OK,Thread Group 1-133,text,true,684,212,212,0
1436178592819,13438,OS Process Sampler,0,OK,Thread Group 1-130,text,true,684,211,211,0
1436178592787,13471,OS Process Sampler,0,OK,Thread Group 1-127,text,true,684,210,210,0
1436178592775,13485,OS Process Sampler,0,OK,Thread Group 1-126,text,true,684,209,209,0
1436178592755,13506,OS Process Sampler,0,OK,Thread Group 1-124,text,true,684,208,208,0
1436178592743,13520,OS Process Sampler,0,OK,Thread Group 1-123,text,true,684,207,207,0
1436178592722,13542,OS Process Sampler,0,OK,Thread Group 1-121,text,true,684,206,206,0
1436178592711,13554,OS Process Sampler,0,OK,Thread Group 1-120,text,true,684,205,205,0
1436178592544,13732,OS Process Sampler,0,OK,Thread Group 1-106,text,true,684,204,204,0
1436178592523,13756,OS Process Sampler,0,OK,Thread Group 1-104,text,true,684,203,203,0
1436178592478,13801,OS Process Sampler,0,OK,Thread Group 1-100,text,true,684,202,202,0
1436178592489,13792,OS Process Sampler,0,OK,Thread Group 1-101,text,true,684,201,201,0
1436178592457,13824,OS Process Sampler,0,OK,Thread Group 1-98,text,true,684,201,201,0
1436178592436,13850,OS Process Sampler,0,OK,Thread Group 1-96,text,true,684,199,199,0
1436178592291,14011,OS Process Sampler,0,OK,Thread Group 1-83,text,true,684,198,198,0
1436178592279,14023,OS Process Sampler,0,OK,Thread Group 1-82,text,true,684,198,198,0
1436178592143,14168,OS Process Sampler,0,OK,Thread Group 1-70,text,true,684,196,196,0
1436178592066,14253,OS Process Sampler,0,OK,Thread Group 1-63,text,true,684,195,195,0
1436178592044,14276,OS Process Sampler,0,OK,Thread Group 1-61,text,true,684,194,194,0
1436178592055,14266,OS Process Sampler,0,OK,Thread Group 1-62,text,true,684,193,193,0
1436178591990,14335,OS Process Sampler,0,OK,Thread Group 1-57,text,true,684,192,192,0
1436178592020,14306,OS Process Sampler,0,OK,Thread Group 1-59,text,true,684,191,191,0
1436178592009,14325,OS Process Sampler,0,OK,Thread Group 1-58,text,true,684,190,190,0
1436178591964,14371,OS Process Sampler,0,OK,Thread Group 1-53,text,true,684,189,189,0
1436178599393,6944,OS Process Sampler,0,OK,Thread Group 1-329,text,true,684,188,188,0
1436178591900,14439,OS Process Sampler,0,OK,Thread Group 1-49,text,true,684,187,187,0
1436178600231,6109,OS Process Sampler,0,OK,Thread Group 1-333,text,true,684,186,186,0
1436178591972,14370,OS Process Sampler,0,OK,Thread Group 1-54,text,true,684,185,185,0
1436178591976,14366,OS Process Sampler,0,OK,Thread Group 1-56,text,true,684,184,184,0
1436178591947,14398,OS Process Sampler,0,OK,Thread Group 1-48,text,true,684,183,183,0
1436178591957,14388,OS Process Sampler,0,OK,Thread Group 1-50,text,true,684,182,182,0
1436178591898,14452,OS Process Sampler,0,OK,Thread Group 1-46,text,true,684,181,181,0
1436178591849,14502,OS Process Sampler,0,OK,Thread Group 1-45,text,true,684,180,180,0
1436178591959,14392,OS Process Sampler,0,OK,Thread Group 1-51,text,true,684,179,179,0
1436178591900,14452,OS Process Sampler,0,OK,Thread Group 1-47,text,true,684,178,178,0
1436178591960,14396,OS Process Sampler,0,OK,Thread Group 1-52,text,true,684,177,177,0
1436178592031,14325,OS Process Sampler,0,OK,Thread Group 1-60,text,true,684,177,177,0
1436178599591,6768,OS Process Sampler,0,OK,Thread Group 1-330,text,true,684,175,175,0
1436178592088,14273,OS Process Sampler,0,OK,Thread Group 1-65,text,true,684,174,174,0
1436178592203,14165,OS Process Sampler,0,OK,Thread Group 1-75,text,true,684,173,173,0
1436178592155,14213,OS Process Sampler,0,OK,Thread Group 1-71,text,true,684,173,173,0
1436178592099,14269,OS Process Sampler,0,OK,Thread Group 1-66,text,true,684,171,171,0
1436178592110,14258,OS Process Sampler,0,OK,Thread Group 1-67,text,true,684,170,170,0
1436178592077,14292,OS Process Sampler,0,OK,Thread Group 1-64,text,true,684,169,169,0
1436178591973,14396,OS Process Sampler,0,OK,Thread Group 1-55,text,true,684,168,168,0
1436178592247,14123,OS Process Sampler,0,OK,Thread Group 1-79,text,true,684,167,167,0
1436178592336,14036,OS Process Sampler,0,OK,Thread Group 1-87,text,true,684,166,166,0
1436178592214,14158,OS Process Sampler,0,OK,Thread Group 1-76,text,true,684,165,165,0
1436178592270,14103,OS Process Sampler,0,OK,Thread Group 1-81,text,true,684,164,164,0
1436178592301,14072,OS Process Sampler,0,OK,Thread Group 1-84,text,true,684,163,163,0
1436178592324,14050,OS Process Sampler,0,OK,Thread Group 1-86,text,true,684,162,162,0
1436178592258,14117,OS Process Sampler,0,OK,Thread Group 1-80,text,true,684,162,162,0
1436178592391,13984,OS Process Sampler,0,OK,Thread Group 1-92,text,true,684,160,160,0
1436178592313,14063,OS Process Sampler,0,OK,Thread Group 1-85,text,true,684,159,159,0
1436178592347,14029,OS Process Sampler,0,OK,Thread Group 1-88,text,true,684,158,158,0
1436178592380,13996,OS Process Sampler,0,OK,Thread Group 1-91,text,true,684,157,157,0
1436178592358,14020,OS Process Sampler,0,OK,Thread Group 1-89,text,true,684,156,156,0
1436178592445,13935,OS Process Sampler,0,OK,Thread Group 1-97,text,true,684,155,155,0
1436178592423,13960,OS Process Sampler,0,OK,Thread Group 1-95,text,true,684,154,154,0
1436178592401,13985,OS Process Sampler,0,OK,Thread Group 1-93,text,true,684,153,153,0
1436178592511,13880,OS Process Sampler,0,OK,Thread Group 1-103,text,true,684,152,152,0
1436178592501,13891,OS Process Sampler,0,OK,Thread Group 1-102,text,true,684,151,151,0
1436178592612,13781,OS Process Sampler,0,OK,Thread Group 1-111,text,true,684,150,150,0
1436178592633,13761,OS Process Sampler,0,OK,Thread Group 1-113,text,true,684,149,149,0
1436178592580,13815,OS Process Sampler,0,OK,Thread Group 1-108,text,true,684,148,148,0
1436178592601,13795,OS Process Sampler,0,OK,Thread Group 1-110,text,true,684,147,147,0
1436178592590,13806,OS Process Sampler,0,OK,Thread Group 1-109,text,true,684,147,147,0
1436178592370,14028,OS Process Sampler,0,OK,Thread Group 1-90,text,true,684,145,145,0
1436178592678,13720,OS Process Sampler,0,OK,Thread Group 1-117,text,true,684,144,144,0
1436178592700,13699,OS Process Sampler,0,OK,Thread Group 1-119,text,true,684,143,143,0
1436178592555,13846,OS Process Sampler,0,OK,Thread Group 1-107,text,true,684,142,142,0
1436178592467,13936,OS Process Sampler,0,OK,Thread Group 1-99,text,true,684,141,141,0
1436178592670,13734,OS Process Sampler,0,OK,Thread Group 1-116,text,true,684,140,140,0
1436178592657,13749,OS Process Sampler,0,OK,Thread Group 1-115,text,true,684,139,139,0
1436178592688,13718,OS Process Sampler,0,OK,Thread Group 1-118,text,true,684,138,138,0
1436178592623,13784,OS Process Sampler,0,OK,Thread Group 1-112,text,true,684,137,137,0
1436178592807,13601,OS Process Sampler,0,OK,Thread Group 1-129,text,true,684,136,136,0
1436178592732,13677,OS Process Sampler,0,OK,Thread Group 1-122,text,true,684,135,135,0
1436178592796,13613,OS Process Sampler,0,OK,Thread Group 1-128,text,true,684,135,135,0
1436178592840,13570,OS Process Sampler,0,OK,Thread Group 1-132,text,true,684,133,133,0
1436178592893,13517,OS Process Sampler,0,OK,Thread Group 1-137,text,true,684,132,132,0
1436178592916,13496,OS Process Sampler,0,OK,Thread Group 1-139,text,true,684,131,131,0
1436178592942,13477,OS Process Sampler,0,OK,Thread Group 1-141,text,true,684,130,130,0
1436178592929,13491,OS Process Sampler,0,OK,Thread Group 1-140,text,true,684,129,129,0
1436178592967,13454,OS Process Sampler,0,OK,Thread Group 1-143,text,true,684,128,128,0
1436178592978,13444,OS Process Sampler,0,OK,Thread Group 1-144,text,true,684,127,127,0
1436178592989,13433,OS Process Sampler,0,OK,Thread Group 1-145,text,true,684,126,126,0
1436178600053,6371,OS Process Sampler,0,OK,Thread Group 1-332,text,true,684,125,125,0
1436178593013,13411,OS Process Sampler,0,OK,Thread Group 1-147,text,true,684,124,124,0
1436178593001,13424,OS Process Sampler,0,OK,Thread Group 1-146,text,true,684,123,123,0
1436178593023,13402,OS Process Sampler,0,OK,Thread Group 1-148,text,true,684,123,123,0
1436178593043,13383,OS Process Sampler,0,OK,Thread Group 1-150,text,true,684,121,121,0
1436178593074,13353,OS Process Sampler,0,OK,Thread Group 1-153,text,true,684,120,120,0
1436178593084,13344,OS Process Sampler,0,OK,Thread Group 1-154,text,true,684,119,119,0
1436178593063,13365,OS Process Sampler,0,OK,Thread Group 1-152,text,true,684,118,118,0
1436178593053,13376,OS Process Sampler,0,OK,Thread Group 1-151,text,true,684,117,117,0
1436178593139,13292,OS Process Sampler,0,OK,Thread Group 1-159,text,true,684,116,116,0
1436178593149,13282,OS Process Sampler,0,OK,Thread Group 1-160,text,true,684,115,115,0
1436178593117,13314,OS Process Sampler,0,OK,Thread Group 1-157,text,true,684,114,114,0
1436178593225,13207,OS Process Sampler,0,OK,Thread Group 1-167,text,true,684,113,113,0
1436178593106,13326,OS Process Sampler,0,OK,Thread Group 1-156,text,true,684,113,113,0
1436178593180,13253,OS Process Sampler,0,OK,Thread Group 1-163,text,true,684,111,111,0
1436178593201,13233,OS Process Sampler,0,OK,Thread Group 1-165,text,true,684,110,110,0
1436178593234,13200,OS Process Sampler,0,OK,Thread Group 1-168,text,true,684,109,109,0
1436178593256,13179,OS Process Sampler,0,OK,Thread Group 1-170,text,true,684,109,109,0
1436178593277,13159,OS Process Sampler,0,OK,Thread Group 1-172,text,true,684,107,107,0
1436178593213,13223,OS Process Sampler,0,OK,Thread Group 1-166,text,true,684,107,107,0
1436178593331,13107,OS Process Sampler,0,OK,Thread Group 1-177,text,true,684,105,105,0
1436178593363,13075,OS Process Sampler,0,OK,Thread Group 1-180,text,true,684,104,104,0
1436178593460,12979,OS Process Sampler,0,OK,Thread Group 1-189,text,true,684,103,103,0
1436178593374,13065,OS Process Sampler,0,OK,Thread Group 1-181,text,true,684,102,102,0
1436178593405,13034,OS Process Sampler,0,OK,Thread Group 1-184,text,true,684,102,102,0
1436178593503,12937,OS Process Sampler,0,OK,Thread Group 1-193,text,true,684,100,100,0
1436178593515,12928,OS Process Sampler,0,OK,Thread Group 1-194,text,true,684,99,99,0
1436178593470,12974,OS Process Sampler,0,OK,Thread Group 1-190,text,true,684,98,98,0
1436178593438,13006,OS Process Sampler,0,OK,Thread Group 1-187,text,true,684,97,97,0
1436178593611,12835,OS Process Sampler,0,OK,Thread Group 1-203,text,true,684,96,96,0
1436178593622,12824,OS Process Sampler,0,OK,Thread Group 1-204,text,true,684,95,95,0
1436178593631,12815,OS Process Sampler,0,OK,Thread Group 1-205,text,true,684,95,95,0
1436178593557,12890,OS Process Sampler,0,OK,Thread Group 1-198,text,true,684,93,93,0
1436178593588,12859,OS Process Sampler,0,OK,Thread Group 1-201,text,true,684,92,92,0
1436178593578,12881,OS Process Sampler,0,OK,Thread Group 1-200,text,true,684,91,91,0
1436178593656,12811,OS Process Sampler,0,OK,Thread Group 1-207,text,true,684,90,90,0
1436178593707,12764,OS Process Sampler,0,OK,Thread Group 1-210,text,true,684,89,89,0
1436178599807,6681,OS Process Sampler,0,OK,Thread Group 1-331,text,true,684,88,88,0
1436178593723,12768,OS Process Sampler,0,OK,Thread Group 1-211,text,true,684,87,87,0
1436178593757,12736,OS Process Sampler,0,OK,Thread Group 1-214,text,true,684,86,86,0
1436178593667,12832,OS Process Sampler,0,OK,Thread Group 1-208,text,true,684,85,85,0
1436178593803,12697,OS Process Sampler,0,OK,Thread Group 1-218,text,true,684,84,84,0
1436178593929,12572,OS Process Sampler,0,OK,Thread Group 1-229,text,true,684,83,83,0
1436178593876,12625,OS Process Sampler,0,OK,Thread Group 1-224,text,true,684,82,82,0
1436178593908,12594,OS Process Sampler,0,OK,Thread Group 1-227,text,true,684,81,81,0
1436178593832,12675,OS Process Sampler,0,OK,Thread Group 1-220,text,true,684,80,80,0
1436178593855,12653,OS Process Sampler,0,OK,Thread Group 1-222,text,true,684,79,79,0
1436178593918,12590,OS Process Sampler,0,OK,Thread Group 1-228,text,true,684,78,78,0
1436178593973,12536,OS Process Sampler,0,OK,Thread Group 1-233,text,true,684,77,77,0
1436178593887,12624,OS Process Sampler,0,OK,Thread Group 1-225,text,true,684,76,76,0
1436178593819,12693,OS Process Sampler,0,OK,Thread Group 1-219,text,true,684,75,75,0
1436178593983,12531,OS Process Sampler,0,OK,Thread Group 1-234,text,true,684,74,74,0
1436178594025,12489,OS Process Sampler,0,OK,Thread Group 1-238,text,true,684,74,74,0
1436178594005,12510,OS Process Sampler,0,OK,Thread Group 1-236,text,true,684,72,72,0
1436178594057,12459,OS Process Sampler,0,OK,Thread Group 1-241,text,true,684,71,71,0
1436178594090,12426,OS Process Sampler,0,OK,Thread Group 1-244,text,true,684,71,71,0
1436178594273,12244,OS Process Sampler,0,OK,Thread Group 1-259,text,true,684,69,69,0
1436178594284,12233,OS Process Sampler,0,OK,Thread Group 1-260,text,true,684,68,68,0
1436178594238,12283,OS Process Sampler,0,OK,Thread Group 1-256,text,true,684,67,67,0
1436178594248,12303,OS Process Sampler,0,OK,Thread Group 1-257,text,true,684,66,66,0
1436178594143,12416,OS Process Sampler,0,OK,Thread Group 1-249,text,true,684,65,65,0
1436178594183,12377,OS Process Sampler,0,OK,Thread Group 1-251,text,true,684,64,64,0
1436178594133,12429,OS Process Sampler,0,OK,Thread Group 1-248,text,true,684,63,63,0
1436178594330,12235,OS Process Sampler,0,OK,Thread Group 1-264,text,true,684,62,62,0
1436178594353,12212,OS Process Sampler,0,OK,Thread Group 1-266,text,true,684,62,62,0
1436178594310,12259,OS Process Sampler,0,OK,Thread Group 1-262,text,true,684,60,60,0
1436178594438,12133,OS Process Sampler,0,OK,Thread Group 1-274,text,true,684,59,59,0
1436178594486,12085,OS Process Sampler,0,OK,Thread Group 1-277,text,true,684,59,59,0
1436178594384,12188,OS Process Sampler,0,OK,Thread Group 1-269,text,true,684,57,57,0
1436178594394,12178,OS Process Sampler,0,OK,Thread Group 1-270,text,true,684,56,56,0
1436178594415,12157,OS Process Sampler,0,OK,Thread Group 1-272,text,true,684,56,56,0
1436178594455,12118,OS Process Sampler,0,OK,Thread Group 1-275,text,true,684,54,54,0
1436178594426,12150,OS Process Sampler,0,OK,Thread Group 1-273,text,true,684,53,53,0
1436178594589,11988,OS Process Sampler,0,OK,Thread Group 1-282,text,true,684,52,52,0
1436178595049,11529,OS Process Sampler,0,OK,Thread Group 1-293,text,true,684,51,51,0
1436178594875,11705,OS Process Sampler,0,OK,Thread Group 1-287,text,true,684,50,50,0
1436178595697,10887,OS Process Sampler,0,OK,Thread Group 1-306,text,true,684,49,49,0
1436178604315,2271,OS Process Sampler,0,OK,Thread Group 1-350,text,true,684,48,48,0
1436178604099,2488,OS Process Sampler,0,OK,Thread Group 1-349,text,true,684,47,47,0
1436178603677,2911,OS Process Sampler,0,OK,Thread Group 1-347,text,true,684,46,46,0
1436178602657,3934,OS Process Sampler,0,OK,Thread Group 1-343,text,true,684,45,45,0
1436178603361,3231,OS Process Sampler,0,OK,Thread Group 1-346,text,true,684,44,44,0
1436178601679,4919,OS Process Sampler,0,OK,Thread Group 1-339,text,true,684,43,43,0
1436178600671,5930,OS Process Sampler,0,OK,Thread Group 1-335,text,true,684,42,42,0
1436178600447,6155,OS Process Sampler,0,OK,Thread Group 1-334,text,true,684,41,41,0
1436178601191,5412,OS Process Sampler,0,OK,Thread Group 1-337,text,true,684,40,40,0
1436178600905,5699,OS Process Sampler,0,OK,Thread Group 1-336,text,true,684,39,39,0
1436178601437,5167,OS Process Sampler,0,OK,Thread Group 1-338,text,true,684,39,39,0
1436178601905,4700,OS Process Sampler,0,OK,Thread Group 1-340,text,true,684,37,37,0
1436178602923,3683,OS Process Sampler,0,OK,Thread Group 1-344,text,true,684,36,36,0
1436178603847,2761,OS Process Sampler,0,OK,Thread Group 1-348,text,true,684,35,35,0
1436178593961,12654,OS Process Sampler,0,OK,Thread Group 1-232,text,true,684,34,34,0
1436178594100,12516,OS Process Sampler,0,OK,Thread Group 1-245,text,true,684,33,33,0
1436178593867,12750,OS Process Sampler,0,OK,Thread Group 1-223,text,true,684,32,32,0
1436178593525,13095,OS Process Sampler,0,OK,Thread Group 1-195,text,true,684,31,31,0
1436178593546,13074,OS Process Sampler,0,OK,Thread Group 1-197,text,true,684,31,31,0
1436178593320,13300,OS Process Sampler,0,OK,Thread Group 1-176,text,true,684,30,30,0
1436178593310,13311,OS Process Sampler,0,OK,Thread Group 1-175,text,true,684,28,28,0
1436178593267,13354,OS Process Sampler,0,OK,Thread Group 1-171,text,true,684,28,28,0
1436178593244,13378,OS Process Sampler,0,OK,Thread Group 1-169,text,true,684,26,26,0
1436178593035,13589,OS Process Sampler,0,OK,Thread Group 1-149,text,true,684,25,25,0
1436178592955,13670,OS Process Sampler,0,OK,Thread Group 1-142,text,true,684,24,24,0
1436178592873,13756,OS Process Sampler,0,OK,Thread Group 1-135,text,true,684,23,23,0
1436178592828,13801,OS Process Sampler,0,OK,Thread Group 1-131,text,true,684,22,22,0
1436178592646,13985,OS Process Sampler,0,OK,Thread Group 1-114,text,true,684,21,21,0
1436178592764,13870,OS Process Sampler,0,OK,Thread Group 1-125,text,true,684,20,20,0
1436178592236,14398,OS Process Sampler,0,OK,Thread Group 1-78,text,true,684,20,20,0
1436178592536,14098,OS Process Sampler,0,OK,Thread Group 1-105,text,true,684,19,19,0
1436178594171,12463,OS Process Sampler,0,OK,Thread Group 1-250,text,true,684,18,18,0
1436178594068,12567,OS Process Sampler,0,OK,Thread Group 1-242,text,true,684,17,17,0
1436178594341,12294,OS Process Sampler,0,OK,Thread Group 1-265,text,true,684,16,16,0
1436178594375,12260,OS Process Sampler,0,OK,Thread Group 1-268,text,true,684,15,15,0
1436178595508,11127,OS Process Sampler,0,OK,Thread Group 1-303,text,true,684,14,14,0
1436178602405,4231,OS Process Sampler,0,OK,Thread Group 1-342,text,true,684,14,14,0
1436178602143,4493,OS Process Sampler,0,OK,Thread Group 1-341,text,true,684,14,14,0
1436178603145,3491,OS Process Sampler,0,OK,Thread Group 1-345,text,true,684,13,13,0
1436178592226,14410,OS Process Sampler,0,OK,Thread Group 1-77,text,true,684,11,11,0
1436178593396,13238,OS Process Sampler,0,OK,Thread Group 1-183,text,true,684,18,18,0
1436178592166,14473,OS Process Sampler,0,OK,Thread Group 1-72,text,true,684,7,7,0
1436178592131,14509,OS Process Sampler,0,OK,Thread Group 1-69,text,true,684,6,6,0
1436178592122,14518,OS Process Sampler,0,OK,Thread Group 1-68,text,true,684,5,5,0
1436178591837,14805,OS Process Sampler,0,OK,Thread Group 1-44,text,true,684,4,4,0
1436178592191,14452,OS Process Sampler,0,OK,Thread Group 1-74,text,true,684,3,3,0
1436178592178,14466,OS Process Sampler,0,OK,Thread Group 1-73,text,true,684,2,2,0
1436178592413,14231,OS Process Sampler,0,OK,Thread Group 1-94,text,true,684,1,1,0
1436178610169,29152,OS Process Sampler,0,OK,Thread Group 1-352,text,true,684,650,650,0
1436178610151,29170,OS Process Sampler,0,OK,Thread Group 1-351,text,true,684,649,649,0
1436178610191,29130,OS Process Sampler,0,OK,Thread Group 1-354,text,true,684,648,648,0
1436178610963,28358,OS Process Sampler,0,OK,Thread Group 1-421,text,true,684,647,647,0
1436178610180,29141,OS Process Sampler,0,OK,Thread Group 1-353,text,true,684,646,646,0
1436178610211,29110,OS Process Sampler,0,OK,Thread Group 1-356,text,true,684,645,645,0
1436178610240,29081,OS Process Sampler,0,OK,Thread Group 1-359,text,true,684,644,644,0
1436178610231,30079,OS Process Sampler,0,OK,Thread Group 1-358,text,true,684,643,643,0
1436178610220,30090,OS Process Sampler,0,OK,Thread Group 1-357,text,true,684,642,642,0
1436178610280,30030,OS Process Sampler,0,OK,Thread Group 1-363,text,true,684,641,641,0
1436178610261,30050,OS Process Sampler,0,OK,Thread Group 1-361,text,true,684,640,640,0
1436178610290,30021,OS Process Sampler,0,OK,Thread Group 1-364,text,true,684,639,639,0
1436178610301,30010,OS Process Sampler,0,OK,Thread Group 1-365,text,true,684,638,638,0
1436178610271,30040,OS Process Sampler,0,OK,Thread Group 1-362,text,true,684,637,637,0
1436178610320,29991,OS Process Sampler,0,OK,Thread Group 1-367,text,true,684,636,636,0
1436178610312,29999,OS Process Sampler,0,OK,Thread Group 1-366,text,true,684,635,635,0
1436178612634,27799,OS Process Sampler,0,OK,Thread Group 1-588,text,true,684,634,634,0
1436178613171,27262,OS Process Sampler,0,OK,Thread Group 1-640,text,true,684,634,634,0
1436178610358,29953,OS Process Sampler,0,OK,Thread Group 1-369,text,true,684,633,633,0
1436178613266,27167,OS Process Sampler,0,OK,Thread Group 1-649,text,true,684,632,632,0
1436178610398,29913,OS Process Sampler,0,OK,Thread Group 1-373,text,true,684,631,631,0
1436178610407,29904,OS Process Sampler,0,OK,Thread Group 1-374,text,true,684,629,629,0
1436178610418,29893,OS Process Sampler,0,OK,Thread Group 1-375,text,true,684,629,629,0
1436178610388,29923,OS Process Sampler,0,OK,Thread Group 1-372,text,true,684,629,629,0
1436178610377,29934,OS Process Sampler,0,OK,Thread Group 1-371,text,true,684,627,627,0
1436178610338,29973,OS Process Sampler,0,OK,Thread Group 1-368,text,true,684,627,627,0
1436178610470,29841,OS Process Sampler,0,OK,Thread Group 1-380,text,true,684,626,626,0
1436178610450,29861,OS Process Sampler,0,OK,Thread Group 1-378,text,true,684,626,626,0
1436178610368,29943,OS Process Sampler,0,OK,Thread Group 1-370,text,true,684,625,625,0
1436178610492,29819,OS Process Sampler,0,OK,Thread Group 1-381,text,true,684,625,625,0
1436178610429,29882,OS Process Sampler,0,OK,Thread Group 1-376,text,true,684,624,624,0
1436178610511,29800,OS Process Sampler,0,OK,Thread Group 1-383,text,true,684,624,624,0
1436178610566,29745,OS Process Sampler,0,OK,Thread Group 1-388,text,true,684,623,623,0
1436178610555,29757,OS Process Sampler,0,OK,Thread Group 1-387,text,true,684,623,623,0
1436178610439,29873,OS Process Sampler,0,OK,Thread Group 1-377,text,true,684,623,623,0
1436178610461,29851,OS Process Sampler,0,OK,Thread Group 1-379,text,true,684,621,621,0
1436178610597,29715,OS Process Sampler,0,OK,Thread Group 1-391,text,true,684,621,621,0
1436178610576,29736,OS Process Sampler,0,OK,Thread Group 1-389,text,true,684,620,620,0
1436178610638,29674,OS Process Sampler,0,OK,Thread Group 1-395,text,true,684,620,620,0
1436178610545,29767,OS Process Sampler,0,OK,Thread Group 1-386,text,true,684,619,619,0
1436178610587,29725,OS Process Sampler,0,OK,Thread Group 1-390,text,true,684,619,619,0
1436178610505,29807,OS Process Sampler,0,OK,Thread Group 1-382,text,true,684,618,618,0
1436178610536,29776,OS Process Sampler,0,OK,Thread Group 1-385,text,true,684,618,618,0
1436178610648,29664,OS Process Sampler,0,OK,Thread Group 1-396,text,true,684,618,618,0
1436178610524,29788,OS Process Sampler,0,OK,Thread Group 1-384,text,true,684,617,617,0
1436178610617,29695,OS Process Sampler,0,OK,Thread Group 1-393,text,true,684,616,616,0
1436178610251,30060,OS Process Sampler,0,OK,Thread Group 1-360,text,true,684,615,615,0
1436178610660,29652,OS Process Sampler,0,OK,Thread Group 1-397,text,true,684,614,614,0
1436178610629,29683,OS Process Sampler,0,OK,Thread Group 1-394,text,true,684,612,612,0
1436178610608,29704,OS Process Sampler,0,OK,Thread Group 1-392,text,true,684,611,611,0
1436178612150,28162,OS Process Sampler,0,OK,Thread Group 1-541,text,true,684,611,611,0
1436178612037,28275,OS Process Sampler,0,OK,Thread Group 1-530,text,true,684,610,610,0
1436178612057,28255,OS Process Sampler,0,OK,Thread Group 1-532,text,true,684,610,610,0
1436178612139,28173,OS Process Sampler,0,OK,Thread Group 1-540,text,true,684,609,609,0
1436178612047,28265,OS Process Sampler,0,OK,Thread Group 1-531,text,true,684,609,609,0
1436178612211,28101,OS Process Sampler,0,OK,Thread Group 1-547,text,true,684,608,608,0
1436178612170,28143,OS Process Sampler,0,OK,Thread Group 1-543,text,true,684,608,608,0
1436178612191,28122,OS Process Sampler,0,OK,Thread Group 1-545,text,true,684,607,607,0
1436178611903,28410,OS Process Sampler,0,OK,Thread Group 1-517,text,true,684,607,607,0
1436178611985,28328,OS Process Sampler,0,OK,Thread Group 1-525,text,true,684,606,606,0
1436178611862,28451,OS Process Sampler,0,OK,Thread Group 1-513,text,true,684,606,606,0
1436178612027,28286,OS Process Sampler,0,OK,Thread Group 1-529,text,true,684,605,605,0
1436178612468,27845,OS Process Sampler,0,OK,Thread Group 1-572,text,true,684,605,605,0
1436178612180,28133,OS Process Sampler,0,OK,Thread Group 1-544,text,true,684,604,604,0
1436178612078,28235,OS Process Sampler,0,OK,Thread Group 1-534,text,true,684,604,604,0
1436178612160,28153,OS Process Sampler,0,OK,Thread Group 1-542,text,true,684,603,603,0
1436178612201,28112,OS Process Sampler,0,OK,Thread Group 1-546,text,true,684,603,603,0
1436178612264,28049,OS Process Sampler,0,OK,Thread Group 1-552,text,true,684,602,602,0
1436178612006,28307,OS Process Sampler,0,OK,Thread Group 1-527,text,true,684,602,602,0
1436178612109,28204,OS Process Sampler,0,OK,Thread Group 1-537,text,true,684,601,601,0
1436178611975,28338,OS Process Sampler,0,OK,Thread Group 1-524,text,true,684,601,601,0
1436178611852,28461,OS Process Sampler,0,OK,Thread Group 1-512,text,true,684,600,600,0
1436178611924,28389,OS Process Sampler,0,OK,Thread Group 1-519,text,true,684,599,599,0
1436178612068,28246,OS Process Sampler,0,OK,Thread Group 1-533,text,true,684,599,599,0
1436178611965,28349,OS Process Sampler,0,OK,Thread Group 1-523,text,true,684,598,598,0
1436178612016,28298,OS Process Sampler,0,OK,Thread Group 1-528,text,true,684,598,598,0
1436178612418,27896,OS Process Sampler,0,OK,Thread Group 1-567,text,true,684,597,597,0
1436178611944,28370,OS Process Sampler,0,OK,Thread Group 1-521,text,true,684,597,597,0
1436178611996,28318,OS Process Sampler,0,OK,Thread Group 1-526,text,true,684,596,596,0
1436178612119,28195,OS Process Sampler,0,OK,Thread Group 1-538,text,true,684,596,596,0
1436178612129,28185,OS Process Sampler,0,OK,Thread Group 1-539,text,true,684,595,595,0
1436178611934,28380,OS Process Sampler,0,OK,Thread Group 1-520,text,true,684,595,595,0
1436178612315,27999,OS Process Sampler,0,OK,Thread Group 1-557,text,true,684,594,594,0
1436178612305,28009,OS Process Sampler,0,OK,Thread Group 1-556,text,true,684,594,594,0
1436178612243,28071,OS Process Sampler,0,OK,Thread Group 1-550,text,true,684,593,593,0
1436178612427,27887,OS Process Sampler,0,OK,Thread Group 1-568,text,true,684,593,593,0
1436178612274,28040,OS Process Sampler,0,OK,Thread Group 1-553,text,true,684,592,592,0
1436178612253,28061,OS Process Sampler,0,OK,Thread Group 1-551,text,true,684,592,592,0
1436178611883,28431,OS Process Sampler,0,OK,Thread Group 1-515,text,true,684,591,591,0
1436178612284,28030,OS Process Sampler,0,OK,Thread Group 1-554,text,true,684,591,591,0
1436178612407,27907,OS Process Sampler,0,OK,Thread Group 1-566,text,true,684,590,590,0
1436178612325,27990,OS Process Sampler,0,OK,Thread Group 1-558,text,true,684,590,590,0
1436178612356,27959,OS Process Sampler,0,OK,Thread Group 1-561,text,true,684,589,589,0
1436178612366,27949,OS Process Sampler,0,OK,Thread Group 1-562,text,true,684,589,589,0
1436178616782,23533,OS Process Sampler,0,OK,Thread Group 1-990,text,true,684,588,588,0
1436178612294,28021,OS Process Sampler,0,OK,Thread Group 1-555,text,true,684,588,588,0
1436178612337,27978,OS Process Sampler,0,OK,Thread Group 1-559,text,true,684,587,587,0
1436178611873,28442,OS Process Sampler,0,OK,Thread Group 1-514,text,true,684,587,587,0
1436178612488,27827,OS Process Sampler,0,OK,Thread Group 1-574,text,true,684,586,586,0
1436178612232,28083,OS Process Sampler,0,OK,Thread Group 1-549,text,true,684,586,586,0
1436178612387,27928,OS Process Sampler,0,OK,Thread Group 1-564,text,true,684,585,585,0
1436178612346,27969,OS Process Sampler,0,OK,Thread Group 1-560,text,true,684,585,585,0
1436178612447,27868,OS Process Sampler,0,OK,Thread Group 1-570,text,true,684,584,584,0
1436178611760,28555,OS Process Sampler,0,OK,Thread Group 1-503,text,true,684,584,584,0
1436178611577,28739,OS Process Sampler,0,OK,Thread Group 1-398,text,true,684,582,582,0
1436178611383,28947,OS Process Sampler,0,OK,Thread Group 1-467,text,true,684,582,582,0
1436178611893,28423,OS Process Sampler,0,OK,Thread Group 1-516,text,true,684,581,581,0
1436178611457,28859,OS Process Sampler,0,OK,Thread Group 1-474,text,true,684,581,581,0
1436178611373,28944,OS Process Sampler,0,OK,Thread Group 1-466,text,true,684,580,580,0
1436178611007,29311,OS Process Sampler,0,OK,Thread Group 1-415,text,true,684,580,580,0
1436178611006,29312,OS Process Sampler,0,OK,Thread Group 1-411,text,true,684,579,579,0
1436178611006,29312,OS Process Sampler,0,OK,Thread Group 1-414,text,true,684,579,579,0
1436178610961,29358,OS Process Sampler,0,OK,Thread Group 1-426,text,true,684,578,578,0
1436178610963,29347,OS Process Sampler,0,OK,Thread Group 1-422,text,true,684,578,578,0
1436178610199,30111,OS Process Sampler,0,OK,Thread Group 1-355,text,true,684,577,577,0
1436178611228,29082,OS Process Sampler,0,OK,Thread Group 1-452,text,true,684,577,577,0
1436178611780,28529,OS Process Sampler,0,OK,Thread Group 1-505,text,true,684,576,576,0
1436178616876,23433,OS Process Sampler,0,OK,Thread Group 1-999,text,true,684,576,576,0
1436178616865,23441,OS Process Sampler,0,OK,Thread Group 1-998,text,true,684,575,575,0
1436178616804,23502,OS Process Sampler,0,OK,Thread Group 1-992,text,true,684,575,575,0
1436178616855,23451,OS Process Sampler,0,OK,Thread Group 1-997,text,true,684,574,574,0
1436178616813,23492,OS Process Sampler,0,OK,Thread Group 1-993,text,true,684,574,574,0
1436178616772,23533,OS Process Sampler,0,OK,Thread Group 1-989,text,true,684,573,573,0
1436178616794,23511,OS Process Sampler,0,OK,Thread Group 1-991,text,true,684,573,573,0
1436178610962,29357,OS Process Sampler,0,OK,Thread Group 1-424,text,true,684,572,572,0
1436178610962,29357,OS Process Sampler,0,OK,Thread Group 1-425,text,true,684,572,572,0
1436178610962,29357,OS Process Sampler,0,OK,Thread Group 1-423,text,true,684,571,571,0
1436178610964,29355,OS Process Sampler,0,OK,Thread Group 1-420,text,true,684,571,571,0
1436178610970,29349,OS Process Sampler,0,OK,Thread Group 1-427,text,true,684,570,570,0
1436178611004,29315,OS Process Sampler,0,OK,Thread Group 1-406,text,true,684,570,570,0
1436178616742,23563,OS Process Sampler,0,OK,Thread Group 1-986,text,true,684,569,569,0
1436178616754,23547,OS Process Sampler,0,OK,Thread Group 1-987,text,true,684,569,569,0
1436178616731,23570,OS Process Sampler,0,OK,Thread Group 1-985,text,true,684,568,568,0
1436178616710,23591,OS Process Sampler,0,OK,Thread Group 1-983,text,true,684,568,568,0
1436178616721,23580,OS Process Sampler,0,OK,Thread Group 1-984,text,true,684,567,567,0
1436178616680,23618,OS Process Sampler,0,OK,Thread Group 1-980,text,true,684,567,567,0
1436178612437,27876,OS Process Sampler,0,OK,Thread Group 1-569,text,true,684,601,601,0
1436178612223,28092,OS Process Sampler,0,OK,Thread Group 1-548,text,true,684,584,584,0
1436178616598,23699,OS Process Sampler,0,OK,Thread Group 1-972,text,true,684,566,566,0
1436178616588,23708,OS Process Sampler,0,OK,Thread Group 1-971,text,true,684,565,565,0
1436178616536,23757,OS Process Sampler,0,OK,Thread Group 1-966,text,true,684,563,563,0
1436178615866,24425,OS Process Sampler,0,OK,Thread Group 1-901,text,true,684,563,563,0
1436178616568,23720,OS Process Sampler,0,OK,Thread Group 1-969,text,true,684,563,563,0
1436178616629,23669,OS Process Sampler,0,OK,Thread Group 1-975,text,true,684,567,567,0
1436178615896,24392,OS Process Sampler,0,OK,Thread Group 1-904,text,true,684,562,562,0
1436178616556,23732,OS Process Sampler,0,OK,Thread Group 1-905,text,true,684,560,560,0
1436178616516,23770,OS Process Sampler,0,OK,Thread Group 1-964,text,true,684,559,559,0
1436178616474,23811,OS Process Sampler,0,OK,Thread Group 1-960,text,true,684,557,557,0
1436178616444,23841,OS Process Sampler,0,OK,Thread Group 1-957,text,true,684,556,556,0
1436178616433,23852,OS Process Sampler,0,OK,Thread Group 1-956,text,true,684,555,555,0
1436178616423,23861,OS Process Sampler,0,OK,Thread Group 1-955,text,true,684,554,554,0
1436178616341,23943,OS Process Sampler,0,OK,Thread Group 1-947,text,true,684,553,553,0
1436178616351,23933,OS Process Sampler,0,OK,Thread Group 1-948,text,true,684,552,552,0
1436178616330,23954,OS Process Sampler,0,OK,Thread Group 1-946,text,true,684,551,551,0
1436178616321,23963,OS Process Sampler,0,OK,Thread Group 1-945,text,true,684,550,550,0
1436178616218,24066,OS Process Sampler,0,OK,Thread Group 1-935,text,true,684,549,549,0
1436178616299,23984,OS Process Sampler,0,OK,Thread Group 1-943,text,true,684,549,549,0
1436178616289,23994,OS Process Sampler,0,OK,Thread Group 1-942,text,true,684,548,548,0
1436178616279,24003,OS Process Sampler,0,OK,Thread Group 1-941,text,true,684,547,547,0
1436178616238,24044,OS Process Sampler,0,OK,Thread Group 1-937,text,true,684,546,546,0
1436178616053,24228,OS Process Sampler,0,OK,Thread Group 1-919,text,true,684,544,544,0
1436178616043,24235,OS Process Sampler,0,OK,Thread Group 1-918,text,true,684,543,543,0
1436178616033,24245,OS Process Sampler,0,OK,Thread Group 1-917,text,true,684,542,542,0
1436178611821,28501,OS Process Sampler,0,OK,Thread Group 1-509,text,true,684,538,538,0
1436178615980,24296,OS Process Sampler,0,OK,Thread Group 1-912,text,true,684,536,536,0
1436178615970,24306,OS Process Sampler,0,OK,Thread Group 1-911,text,true,684,533,533,0
1436178615949,24327,OS Process Sampler,0,OK,Thread Group 1-909,text,true,684,532,532,0
1436178615960,24316,OS Process Sampler,0,OK,Thread Group 1-910,text,true,684,530,530,0
1436178615845,24430,OS Process Sampler,0,OK,Thread Group 1-899,text,true,684,529,529,0
1436178615939,24336,OS Process Sampler,0,OK,Thread Group 1-908,text,true,684,527,527,0
1436178615835,24440,OS Process Sampler,0,OK,Thread Group 1-898,text,true,684,526,526,0
1436178615825,24450,OS Process Sampler,0,OK,Thread Group 1-897,text,true,684,524,524,0
1436178615796,24478,OS Process Sampler,0,OK,Thread Group 1-894,text,true,684,522,522,0
1436178611811,28512,OS Process Sampler,0,OK,Thread Group 1-508,text,true,684,521,521,0
1436178615773,24500,OS Process Sampler,0,OK,Thread Group 1-892,text,true,684,519,519,0
1436178615587,24686,OS Process Sampler,0,OK,Thread Group 1-874,text,true,684,519,519,0
1436178615629,24644,OS Process Sampler,0,OK,Thread Group 1-878,text,true,684,518,518,0
1436178615483,24787,OS Process Sampler,0,OK,Thread Group 1-864,text,true,684,516,516,0
1436178615442,24826,OS Process Sampler,0,OK,Thread Group 1-860,text,true,684,515,515,0
1436178615297,24971,OS Process Sampler,0,OK,Thread Group 1-846,text,true,684,513,513,0
1436178611801,28522,OS Process Sampler,0,OK,Thread Group 1-507,text,true,684,512,512,0
1436178615308,24958,OS Process Sampler,0,OK,Thread Group 1-847,text,true,684,511,511,0
1436178615277,24989,OS Process Sampler,0,OK,Thread Group 1-844,text,true,684,510,510,0
1436178616135,24130,OS Process Sampler,0,OK,Thread Group 1-927,text,true,684,508,508,0
1436178616115,24145,OS Process Sampler,0,OK,Thread Group 1-925,text,true,684,507,507,0
1436178615597,24661,OS Process Sampler,0,OK,Thread Group 1-875,text,true,684,506,506,0
1436178616392,23866,OS Process Sampler,0,OK,Thread Group 1-952,text,true,684,505,505,0
1436178611636,28687,OS Process Sampler,0,OK,Thread Group 1-491,text,true,684,505,505,0
1436178615704,24554,OS Process Sampler,0,OK,Thread Group 1-885,text,true,684,504,504,0
1436178615711,24547,OS Process Sampler,0,OK,Thread Group 1-886,text,true,684,503,503,0
1436178616463,23795,OS Process Sampler,0,OK,Thread Group 1-959,text,true,684,502,502,0
1436178615493,24765,OS Process Sampler,0,OK,Thread Group 1-865,text,true,684,502,502,0
1436178615379,24878,OS Process Sampler,0,OK,Thread Group 1-854,text,true,684,501,501,0
1436178616085,24172,OS Process Sampler,0,OK,Thread Group 1-922,text,true,684,500,500,0
1436178616073,24183,OS Process Sampler,0,OK,Thread Group 1-921,text,true,684,499,499,0
1436178616886,23370,OS Process Sampler,0,OK,Thread Group 1-1000,text,true,684,498,498,0
1436178611739,28584,OS Process Sampler,0,OK,Thread Group 1-501,text,true,684,497,497,0
1436178615555,24701,OS Process Sampler,0,OK,Thread Group 1-871,text,true,684,496,496,0
1436178616454,23800,OS Process Sampler,0,OK,Thread Group 1-958,text,true,684,495,495,0
1436178615670,24581,OS Process Sampler,0,OK,Thread Group 1-882,text,true,684,494,494,0
1436178611729,28594,OS Process Sampler,0,OK,Thread Group 1-500,text,true,684,493,493,0
1436178611791,28532,OS Process Sampler,0,OK,Thread Group 1-506,text,true,684,464,464,0
1436178611316,29014,OS Process Sampler,0,OK,Thread Group 1-400,text,true,684,464,464,0
1436178614468,25763,OS Process Sampler,0,OK,Thread Group 1-765,text,true,684,463,463,0
1436178611362,28968,OS Process Sampler,0,OK,Thread Group 1-465,text,true,684,465,465,0
1436178614337,25893,OS Process Sampler,0,OK,Thread Group 1-753,text,true,684,462,462,0
1436178611315,29015,OS Process Sampler,0,OK,Thread Group 1-401,text,true,684,466,466,0
1436178615173,25057,OS Process Sampler,0,OK,Thread Group 1-834,text,true,684,461,461,0
1436178611352,28978,OS Process Sampler,0,OK,Thread Group 1-464,text,true,684,467,467,0
1436178614311,25916,OS Process Sampler,0,OK,Thread Group 1-750,text,true,684,460,460,0
1436178615194,25038,OS Process Sampler,0,OK,Thread Group 1-836,text,true,684,468,468,0
1436178611657,28666,OS Process Sampler,0,OK,Thread Group 1-493,text,true,684,459,459,0
1436178615132,25101,OS Process Sampler,0,OK,Thread Group 1-830,text,true,684,469,469,0
1436178615338,24888,OS Process Sampler,0,OK,Thread Group 1-850,text,true,684,458,458,0
1436178614792,25445,OS Process Sampler,0,OK,Thread Group 1-797,text,true,684,470,470,0
1436178611719,28604,OS Process Sampler,0,OK,Thread Group 1-499,text,true,684,457,457,0
1436178615390,24847,OS Process Sampler,0,OK,Thread Group 1-855,text,true,684,471,471,0
1436178615051,25174,OS Process Sampler,0,OK,Thread Group 1-822,text,true,684,457,457,0
1436178615918,24319,OS Process Sampler,0,OK,Thread Group 1-906,text,true,684,472,472,0
1436178611332,28999,OS Process Sampler,0,OK,Thread Group 1-462,text,true,684,455,454,0
1436178614895,25344,OS Process Sampler,0,OK,Thread Group 1-807,text,true,684,473,473,0
1436178615030,25195,OS Process Sampler,0,OK,Thread Group 1-820,text,true,684,453,453,0
1436178614997,25228,OS Process Sampler,0,OK,Thread Group 1-817,text,true,684,451,451,0
1436178614986,25239,OS Process Sampler,0,OK,Thread Group 1-816,text,true,684,450,450,0
1436178611280,29051,OS Process Sampler,0,OK,Thread Group 1-457,text,true,684,449,449,0
1436178614966,25258,OS Process Sampler,0,OK,Thread Group 1-814,text,true,684,447,447,0
1436178614925,25297,OS Process Sampler,0,OK,Thread Group 1-810,text,true,684,445,445,0
1436178614914,25308,OS Process Sampler,0,OK,Thread Group 1-809,text,true,684,444,444,0
1436178611315,29016,OS Process Sampler,0,OK,Thread Group 1-402,text,true,684,442,442,0
1436178614326,25895,OS Process Sampler,0,OK,Thread Group 1-752,text,true,684,440,440,0
1436178615082,25138,OS Process Sampler,0,OK,Thread Group 1-825,text,true,684,439,439,0
1436178614472,25748,OS Process Sampler,0,OK,Thread Group 1-766,text,true,684,438,438,0
1436178614904,25315,OS Process Sampler,0,OK,Thread Group 1-808,text,true,684,437,437,0
1436178611426,28905,OS Process Sampler,0,OK,Thread Group 1-471,text,true,684,436,436,0
1436178611749,28574,OS Process Sampler,0,OK,Thread Group 1-502,text,true,684,435,435,0
1436178615061,25158,OS Process Sampler,0,OK,Thread Group 1-823,text,true,684,434,434,0
1436178614377,25842,OS Process Sampler,0,OK,Thread Group 1-757,text,true,684,433,433,0
1436178614823,25394,OS Process Sampler,0,OK,Thread Group 1-800,text,true,684,432,432,0
1436178611301,29030,OS Process Sampler,0,OK,Thread Group 1-459,text,true,684,431,431,0
1436178614813,25403,OS Process Sampler,0,OK,Thread Group 1-799,text,true,684,430,430,0
1436178614106,26109,OS Process Sampler,0,OK,Thread Group 1-731,text,true,684,430,430,0
1436178614884,25331,OS Process Sampler,0,OK,Thread Group 1-806,text,true,684,430,430,0
1436178611342,28989,OS Process Sampler,0,OK,Thread Group 1-463,text,true,684,429,429,0
1436178614874,25341,OS Process Sampler,0,OK,Thread Group 1-805,text,true,684,427,427,0
1436178614741,25473,OS Process Sampler,0,OK,Thread Group 1-792,text,true,684,427,427,0
1436178614598,25641,OS Process Sampler,0,OK,Thread Group 1-778,text,true,684,474,474,0
1436178614751,25462,OS Process Sampler,0,OK,Thread Group 1-793,text,true,684,425,425,0
1436178611394,28937,OS Process Sampler,0,OK,Thread Group 1-468,text,true,684,424,424,0
1436178614285,25928,OS Process Sampler,0,OK,Thread Group 1-748,text,true,684,422,422,0
1436178614700,25512,OS Process Sampler,0,OK,Thread Group 1-788,text,true,684,421,421,0
1436178614607,25602,OS Process Sampler,0,OK,Thread Group 1-779,text,true,684,420,420,0
1436178611529,28802,OS Process Sampler,0,OK,Thread Group 1-481,text,true,684,420,420,0
1436178614577,25631,OS Process Sampler,0,OK,Thread Group 1-776,text,true,684,419,419,0
1436178614556,25652,OS Process Sampler,0,OK,Thread Group 1-774,text,true,684,417,417,0
1436178614421,25785,OS Process Sampler,0,OK,Thread Group 1-761,text,true,684,416,416,0
1436178614411,25794,OS Process Sampler,0,OK,Thread Group 1-760,text,true,684,415,415,0
1436178611467,28864,OS Process Sampler,0,OK,Thread Group 1-475,text,true,684,415,415,0
1436178613737,26467,OS Process Sampler,0,OK,Thread Group 1-695,text,true,684,414,414,0
1436178614181,26021,OS Process Sampler,0,OK,Thread Group 1-738,text,true,684,414,414,0
1436178614096,26106,OS Process Sampler,0,OK,Thread Group 1-730,text,true,684,413,413,0
1436178613891,26310,OS Process Sampler,0,OK,Thread Group 1-710,text,true,684,413,413,0
1436178614367,25834,OS Process Sampler,0,OK,Thread Group 1-756,text,true,684,412,412,0
1436178614065,26135,OS Process Sampler,0,OK,Thread Group 1-727,text,true,684,412,412,0
1436178614357,25843,OS Process Sampler,0,OK,Thread Group 1-755,text,true,684,411,411,0
1436178614347,25853,OS Process Sampler,0,OK,Thread Group 1-754,text,true,684,411,411,0
1436178613932,26263,OS Process Sampler,0,OK,Thread Group 1-714,text,true,684,410,410,0
1436178615650,24589,OS Process Sampler,0,OK,Thread Group 1-880,text,true,684,475,475,0
1436178614128,26066,OS Process Sampler,0,OK,Thread Group 1-733,text,true,684,408,408,0
1436178613665,26527,OS Process Sampler,0,OK,Thread Group 1-688,text,true,684,407,407,0
1436178614782,25458,OS Process Sampler,0,OK,Thread Group 1-796,text,true,684,477,477,0
1436178614138,26052,OS Process Sampler,0,OK,Thread Group 1-734,text,true,684,405,405,0
1436178613963,26226,OS Process Sampler,0,OK,Thread Group 1-717,text,true,684,404,404,0
1436178613973,26215,OS Process Sampler,0,OK,Thread Group 1-718,text,true,684,402,401,0
1436178611842,28489,OS Process Sampler,0,OK,Thread Group 1-511,text,true,684,401,401,0
1436178611709,28615,OS Process Sampler,0,OK,Thread Group 1-498,text,true,684,399,399,0
1436178614035,26150,OS Process Sampler,0,OK,Thread Group 1-724,text,true,684,398,398,0
1436178613942,26242,OS Process Sampler,0,OK,Thread Group 1-715,text,true,684,397,397,0
1436178614045,26139,OS Process Sampler,0,OK,Thread Group 1-725,text,true,684,395,395,0
1436178614004,26176,OS Process Sampler,0,OK,Thread Group 1-721,text,true,684,394,394,0
1436178614483,25758,OS Process Sampler,0,OK,Thread Group 1-767,text,true,684,479,479,0
1436178613624,26556,OS Process Sampler,0,OK,Thread Group 1-684,text,true,684,393,392,0
1436178613573,26607,OS Process Sampler,0,OK,Thread Group 1-679,text,true,684,392,392,0
1436178613757,26421,OS Process Sampler,0,OK,Thread Group 1-697,text,true,684,390,390,0
1436178614863,25381,OS Process Sampler,0,OK,Thread Group 1-804,text,true,684,482,482,0
1436178613685,26491,OS Process Sampler,0,OK,Thread Group 1-690,text,true,684,389,389,0
1436178615619,24626,OS Process Sampler,0,OK,Thread Group 1-877,text,true,684,485,485,0
1436178615349,24897,OS Process Sampler,0,OK,Thread Group 1-851,text,true,684,486,486,0
1436178613388,26788,OS Process Sampler,0,OK,Thread Group 1-661,text,true,684,387,387,0
1436178613912,26262,OS Process Sampler,0,OK,Thread Group 1-712,text,true,684,386,386,0
1436178615681,24567,OS Process Sampler,0,OK,Thread Group 1-883,text,true,684,488,488,0
1436178613922,26252,OS Process Sampler,0,OK,Thread Group 1-713,text,true,684,385,385,0
1436178613860,26313,OS Process Sampler,0,OK,Thread Group 1-707,text,true,684,384,384,0
1436178614853,25397,OS Process Sampler,0,OK,Thread Group 1-803,text,true,684,490,490,0
1436178613830,26343,OS Process Sampler,0,OK,Thread Group 1-704,text,true,684,382,382,0
1436178611689,28635,OS Process Sampler,0,OK,Thread Group 1-496,text,true,684,381,381,0
1436178613532,26636,OS Process Sampler,0,OK,Thread Group 1-675,text,true,684,381,381,0
1436178613480,26688,OS Process Sampler,0,OK,Thread Group 1-670,text,true,684,380,380,0
1436178613318,26848,OS Process Sampler,0,OK,Thread Group 1-654,text,true,684,380,380,0
1436178613439,26727,OS Process Sampler,0,OK,Thread Group 1-666,text,true,684,379,379,0
1436178613583,26581,OS Process Sampler,0,OK,Thread Group 1-680,text,true,684,379,379,0
1436178613470,26694,OS Process Sampler,0,OK,Thread Group 1-669,text,true,684,378,378,0
1436178613409,26755,OS Process Sampler,0,OK,Thread Group 1-663,text,true,684,378,378,0
1436178611678,28646,OS Process Sampler,0,OK,Thread Group 1-495,text,true,684,377,377,0
1436178613450,26712,OS Process Sampler,0,OK,Thread Group 1-667,text,true,684,377,377,0
1436178613047,27115,OS Process Sampler,0,OK,Thread Group 1-628,text,true,684,377,377,0
1436178613562,26597,OS Process Sampler,0,OK,Thread Group 1-678,text,true,684,375,375,0
1436178612985,27173,OS Process Sampler,0,OK,Thread Group 1-622,text,true,684,375,375,0
1436178613150,27008,OS Process Sampler,0,OK,Thread Group 1-638,text,true,684,374,374,0
1436178613276,26880,OS Process Sampler,0,OK,Thread Group 1-650,text,true,684,374,374,0
1436178613511,26645,OS Process Sampler,0,OK,Thread Group 1-673,text,true,684,373,373,0
1436178613347,26808,OS Process Sampler,0,OK,Thread Group 1-657,text,true,684,373,373,0
1436178612903,27252,OS Process Sampler,0,OK,Thread Group 1-614,text,true,684,372,372,0
1436178612934,27221,OS Process Sampler,0,OK,Thread Group 1-617,text,true,684,372,372,0
1436178613983,26195,OS Process Sampler,0,OK,Thread Group 1-719,text,true,684,389,389,0
1436178612955,27199,OS Process Sampler,0,OK,Thread Group 1-619,text,true,684,371,371,0
1436178613037,27116,OS Process Sampler,0,OK,Thread Group 1-627,text,true,684,369,369,0
1436178611628,28696,OS Process Sampler,0,OK,Thread Group 1-490,text,true,684,369,369,0
1436178612758,27395,OS Process Sampler,0,OK,Thread Group 1-600,text,true,684,369,369,0
1436178612810,27343,OS Process Sampler,0,OK,Thread Group 1-605,text,true,684,368,368,0
1436178612924,27229,OS Process Sampler,0,OK,Thread Group 1-616,text,true,684,367,367,0
1436178612768,27385,OS Process Sampler,0,OK,Thread Group 1-601,text,true,684,365,365,0
1436178612563,27590,OS Process Sampler,0,OK,Thread Group 1-581,text,true,684,364,364,0
1436178615452,24798,OS Process Sampler,0,OK,Thread Group 1-861,text,true,684,492,492,0
1436178614587,25621,OS Process Sampler,0,OK,Thread Group 1-777,text,true,684,420,420,0
1436178612706,27446,OS Process Sampler,0,OK,Thread Group 1-595,text,true,684,362,362,0
1436178614618,25593,OS Process Sampler,0,OK,Thread Group 1-780,text,true,684,421,421,0
1436178614721,25492,OS Process Sampler,0,OK,Thread Group 1-790,text,true,684,422,422,0
1436178612542,27610,OS Process Sampler,0,OK,Thread Group 1-579,text,true,684,360,360,0
1436178612501,27651,OS Process Sampler,0,OK,Thread Group 1-575,text,true,684,359,359,0
1436178611699,28625,OS Process Sampler,0,OK,Thread Group 1-497,text,true,684,359,359,0
1436178614264,25950,OS Process Sampler,0,OK,Thread Group 1-746,text,true,684,427,427,0
1436178612478,27673,OS Process Sampler,0,OK,Thread Group 1-573,text,true,684,359,359,0
1436178612521,27630,OS Process Sampler,0,OK,Thread Group 1-577,text,true,684,359,359,0
1436178611176,29155,OS Process Sampler,0,OK,Thread Group 1-447,text,true,684,359,359,0
1436178611218,29113,OS Process Sampler,0,OK,Thread Group 1-451,text,true,684,359,359,0
1436178611249,29083,OS Process Sampler,0,OK,Thread Group 1-454,text,true,684,356,356,0
1436178611166,29166,OS Process Sampler,0,OK,Thread Group 1-446,text,true,684,353,353,0
1436178611157,29175,OS Process Sampler,0,OK,Thread Group 1-445,text,true,684,351,351,0
1436178611667,28657,OS Process Sampler,0,OK,Thread Group 1-494,text,true,684,351,351,0
1436178612511,27640,OS Process Sampler,0,OK,Thread Group 1-576,text,true,684,350,350,0
1436178612377,27770,OS Process Sampler,0,OK,Thread Group 1-563,text,true,684,350,350,0
1436178612572,27574,OS Process Sampler,0,OK,Thread Group 1-582,text,true,684,349,349,0
1436178612593,27551,OS Process Sampler,0,OK,Thread Group 1-584,text,true,684,349,349,0
1436178612613,27531,OS Process Sampler,0,OK,Thread Group 1-586,text,true,684,348,348,0
1436178612531,27613,OS Process Sampler,0,OK,Thread Group 1-578,text,true,684,348,348,0
1436178612624,27519,OS Process Sampler,0,OK,Thread Group 1-587,text,true,684,347,347,0
1436178611647,28677,OS Process Sampler,0,OK,Thread Group 1-492,text,true,684,347,347,0
1436178612665,27476,OS Process Sampler,0,OK,Thread Group 1-591,text,true,684,346,346,0
1436178612552,27589,OS Process Sampler,0,OK,Thread Group 1-580,text,true,684,346,346,0
1436178612737,27404,OS Process Sampler,0,OK,Thread Group 1-598,text,true,684,345,345,0
1436178612397,27744,OS Process Sampler,0,OK,Thread Group 1-565,text,true,684,345,345,0
1436178612583,27549,OS Process Sampler,0,OK,Thread Group 1-583,text,true,684,344,344,0
1436178612645,27487,OS Process Sampler,0,OK,Thread Group 1-589,text,true,684,344,344,0
1436178611560,28764,OS Process Sampler,0,OK,Thread Group 1-484,text,true,684,343,343,0
1436178612686,27443,OS Process Sampler,0,OK,Thread Group 1-593,text,true,684,343,343,0
1436178611311,29020,OS Process Sampler,0,OK,Thread Group 1-460,text,true,684,454,454,0
1436178612603,27525,OS Process Sampler,0,OK,Thread Group 1-585,text,true,684,343,343,0
1436178612717,27411,OS Process Sampler,0,OK,Thread Group 1-596,text,true,684,342,342,0
1436178612831,27296,OS Process Sampler,0,OK,Thread Group 1-607,text,true,684,340,340,0
1436178612893,27233,OS Process Sampler,0,OK,Thread Group 1-613,text,true,684,339,339,0
1436178612727,27398,OS Process Sampler,0,OK,Thread Group 1-597,text,true,684,338,338,0
1436178612862,27261,OS Process Sampler,0,OK,Thread Group 1-610,text,true,684,337,337,0
1436178612842,27280,OS Process Sampler,0,OK,Thread Group 1-608,text,true,684,336,336,0
1436178612883,27236,OS Process Sampler,0,OK,Thread Group 1-612,text,true,684,335,335,0
1436178612778,27341,OS Process Sampler,0,OK,Thread Group 1-602,text,true,684,334,334,0
1436178611612,28712,OS Process Sampler,0,OK,Thread Group 1-489,text,true,684,334,334,0
1436178612655,27463,OS Process Sampler,0,OK,Thread Group 1-590,text,true,684,334,334,0
1436178612696,27418,OS Process Sampler,0,OK,Thread Group 1-594,text,true,684,332,332,0
1436178612676,27438,OS Process Sampler,0,OK,Thread Group 1-592,text,true,684,331,331,0
1436178612788,27325,OS Process Sampler,0,OK,Thread Group 1-603,text,true,684,329,329,0
1436178612914,27199,OS Process Sampler,0,OK,Thread Group 1-615,text,true,684,327,327,0
1436178612747,27363,OS Process Sampler,0,OK,Thread Group 1-599,text,true,684,325,325,0
1436178611581,28743,OS Process Sampler,0,OK,Thread Group 1-486,text,true,684,323,323,0
1436178612799,27311,OS Process Sampler,0,OK,Thread Group 1-604,text,true,684,321,321,0
1436178612944,27166,OS Process Sampler,0,OK,Thread Group 1-618,text,true,684,320,320,0
1436178612996,27113,OS Process Sampler,0,OK,Thread Group 1-623,text,true,684,318,318,0
1436178612975,27134,OS Process Sampler,0,OK,Thread Group 1-621,text,true,684,317,317,0
1436178613006,27098,OS Process Sampler,0,OK,Thread Group 1-624,text,true,684,315,315,0
1436178613016,27086,OS Process Sampler,0,OK,Thread Group 1-625,text,true,684,314,314,0
1436178613027,27075,OS Process Sampler,0,OK,Thread Group 1-626,text,true,684,312,312,0
1436178612822,27275,OS Process Sampler,0,OK,Thread Group 1-606,text,true,684,310,310,0
1436178613099,26997,OS Process Sampler,0,OK,Thread Group 1-633,text,true,684,309,309,0
1436178613057,27038,OS Process Sampler,0,OK,Thread Group 1-629,text,true,684,307,307,0
1436178611602,28723,OS Process Sampler,0,OK,Thread Group 1-488,text,true,684,306,306,0
1436178613067,27028,OS Process Sampler,0,OK,Thread Group 1-630,text,true,684,304,304,0
1436178613079,27012,OS Process Sampler,0,OK,Thread Group 1-631,text,true,684,302,302,0
1436178613089,27001,OS Process Sampler,0,OK,Thread Group 1-632,text,true,684,300,300,0
1436178613130,26959,OS Process Sampler,0,OK,Thread Group 1-636,text,true,684,296,296,0
1436178613120,26968,OS Process Sampler,0,OK,Thread Group 1-635,text,true,684,293,293,0
1436178613246,26842,OS Process Sampler,0,OK,Thread Group 1-647,text,true,684,290,290,0
1436178612852,27235,OS Process Sampler,0,OK,Thread Group 1-609,text,true,684,287,287,0
1436178612873,27212,OS Process Sampler,0,OK,Thread Group 1-611,text,true,684,285,285,0
1436178612965,27119,OS Process Sampler,0,OK,Thread Group 1-620,text,true,684,282,282,0
1436178611591,28734,OS Process Sampler,0,OK,Thread Group 1-487,text,true,684,281,281,0
1436178613140,26941,OS Process Sampler,0,OK,Thread Group 1-637,text,true,684,279,279,0
1436178613161,26917,OS Process Sampler,0,OK,Thread Group 1-639,text,true,684,278,278,0
1436178613202,26876,OS Process Sampler,0,OK,Thread Group 1-643,text,true,684,276,276,0
1436178613181,26897,OS Process Sampler,0,OK,Thread Group 1-641,text,true,684,275,275,0
1436178613191,26885,OS Process Sampler,0,OK,Thread Group 1-642,text,true,684,273,273,0
1436178613211,26863,OS Process Sampler,0,OK,Thread Group 1-644,text,true,684,271,271,0
1436178613225,26849,OS Process Sampler,0,OK,Thread Group 1-645,text,true,684,270,270,0
1436178613256,26818,OS Process Sampler,0,OK,Thread Group 1-648,text,true,684,268,268,0
1436178613368,26705,OS Process Sampler,0,OK,Thread Group 1-659,text,true,684,266,266,0
1436178613491,26581,OS Process Sampler,0,OK,Thread Group 1-671,text,true,684,264,264,0
1436178613306,26766,OS Process Sampler,0,OK,Thread Group 1-653,text,true,684,262,262,0
1436178611571,28754,OS Process Sampler,0,OK,Thread Group 1-485,text,true,684,260,260,0
1436178613378,26694,OS Process Sampler,0,OK,Thread Group 1-660,text,true,684,258,258,0
1436178613337,26733,OS Process Sampler,0,OK,Thread Group 1-656,text,true,684,258,258,0
1436178613358,26711,OS Process Sampler,0,OK,Thread Group 1-658,text,true,684,258,258,0
1436178613109,26956,OS Process Sampler,0,OK,Thread Group 1-634,text,true,684,255,255,0
1436178613287,26777,OS Process Sampler,0,OK,Thread Group 1-651,text,true,684,254,254,0
1436178613299,26763,OS Process Sampler,0,OK,Thread Group 1-652,text,true,684,253,253,0
1436178613552,26510,OS Process Sampler,0,OK,Thread Group 1-677,text,true,684,252,252,0
1436178613542,26519,OS Process Sampler,0,OK,Thread Group 1-676,text,true,684,251,251,0
1436178613236,26821,OS Process Sampler,0,OK,Thread Group 1-646,text,true,684,250,250,0
1436178613419,26637,OS Process Sampler,0,OK,Thread Group 1-664,text,true,684,249,249,0
1436178613429,26623,OS Process Sampler,0,OK,Thread Group 1-665,text,true,684,248,248,0
1436178613327,26722,OS Process Sampler,0,OK,Thread Group 1-655,text,true,684,247,247,0
1436178611238,29094,OS Process Sampler,0,OK,Thread Group 1-453,text,true,684,246,246,0
1436178611550,28775,OS Process Sampler,0,OK,Thread Group 1-483,text,true,684,245,245,0
1436178613501,26547,OS Process Sampler,0,OK,Thread Group 1-672,text,true,684,244,244,0
1436178613460,26586,OS Process Sampler,0,OK,Thread Group 1-668,text,true,684,243,243,0
1436178613614,26429,OS Process Sampler,0,OK,Thread Group 1-683,text,true,684,242,242,0
1436178613521,26521,OS Process Sampler,0,OK,Thread Group 1-674,text,true,684,241,241,0
1436178613840,26199,OS Process Sampler,0,OK,Thread Group 1-705,text,true,684,240,240,0
1436178613808,26231,OS Process Sampler,0,OK,Thread Group 1-702,text,true,684,239,239,0
1436178613850,26189,OS Process Sampler,0,OK,Thread Group 1-706,text,true,684,238,238,0
1436178613644,26391,OS Process Sampler,0,OK,Thread Group 1-686,text,true,684,237,237,0
1436178613399,26635,OS Process Sampler,0,OK,Thread Group 1-662,text,true,684,236,236,0
1436178613747,26282,OS Process Sampler,0,OK,Thread Group 1-696,text,true,684,235,235,0
1436178613696,26333,OS Process Sampler,0,OK,Thread Group 1-691,text,true,684,234,234,0
1436178611519,28806,OS Process Sampler,0,OK,Thread Group 1-480,text,true,684,233,233,0
1436178613767,26259,OS Process Sampler,0,OK,Thread Group 1-698,text,true,684,232,232,0
1436178613593,26431,OS Process Sampler,0,OK,Thread Group 1-681,text,true,684,231,231,0
1436178613675,26348,OS Process Sampler,0,OK,Thread Group 1-689,text,true,684,230,230,0
1436178613871,26150,OS Process Sampler,0,OK,Thread Group 1-708,text,true,684,229,229,0
1436178611540,28785,OS Process Sampler,0,OK,Thread Group 1-482,text,true,684,229,229,0
1436178614014,26004,OS Process Sampler,0,OK,Thread Group 1-722,text,true,684,229,229,0
1436178614024,25993,OS Process Sampler,0,OK,Thread Group 1-723,text,true,684,227,227,0
1436178613634,26381,OS Process Sampler,0,OK,Thread Group 1-685,text,true,684,225,225,0
1436178613788,26226,OS Process Sampler,0,OK,Thread Group 1-700,text,true,684,224,224,0
1436178614150,25862,OS Process Sampler,0,OK,Thread Group 1-735,text,true,684,221,221,0
1436178613655,26355,OS Process Sampler,0,OK,Thread Group 1-687,text,true,684,221,221,0
1436178614075,25934,OS Process Sampler,0,OK,Thread Group 1-728,text,true,684,221,221,0
1436178614086,25921,OS Process Sampler,0,OK,Thread Group 1-729,text,true,684,219,219,0
1436178614254,25751,OS Process Sampler,0,OK,Thread Group 1-745,text,true,684,218,218,0
1436178613994,26011,OS Process Sampler,0,OK,Thread Group 1-720,text,true,684,215,215,0
1436178613726,26276,OS Process Sampler,0,OK,Thread Group 1-694,text,true,684,214,214,0
1436178613881,26118,OS Process Sampler,0,OK,Thread Group 1-709,text,true,684,213,213,0
1436178613901,26097,OS Process Sampler,0,OK,Thread Group 1-711,text,true,684,212,212,0
1436178614160,25836,OS Process Sampler,0,OK,Thread Group 1-736,text,true,684,211,211,0
1436178614233,25760,OS Process Sampler,0,OK,Thread Group 1-743,text,true,684,210,210,0
1436178614223,25767,OS Process Sampler,0,OK,Thread Group 1-742,text,true,684,209,209,0
1436178614125,25859,OS Process Sampler,0,OK,Thread Group 1-732,text,true,684,209,209,0
1436178614731,25250,OS Process Sampler,0,OK,Thread Group 1-791,text,true,684,209,209,0
1436178613953,26025,OS Process Sampler,0,OK,Thread Group 1-716,text,true,684,206,206,0
1436178614316,25659,OS Process Sampler,0,OK,Thread Group 1-751,text,true,684,205,205,0
1436178614514,25460,OS Process Sampler,0,OK,Thread Group 1-770,text,true,684,204,204,0
1436178614202,25772,OS Process Sampler,0,OK,Thread Group 1-740,text,true,684,203,203,0
1436178614452,25519,OS Process Sampler,0,OK,Thread Group 1-764,text,true,684,202,202,0
1436178614567,25402,OS Process Sampler,0,OK,Thread Group 1-775,text,true,684,202,202,0
1436178614629,25335,OS Process Sampler,0,OK,Thread Group 1-781,text,true,684,201,201,0
1436178614639,25321,OS Process Sampler,0,OK,Thread Group 1-782,text,true,684,201,201,0
1436178614659,25300,OS Process Sampler,0,OK,Thread Group 1-784,text,true,684,200,200,0
1436178614690,25268,OS Process Sampler,0,OK,Thread Group 1-787,text,true,684,200,200,0
1436178612458,27496,OS Process Sampler,0,OK,Thread Group 1-571,text,true,684,199,199,0
1436178611478,28848,OS Process Sampler,0,OK,Thread Group 1-476,text,true,684,199,199,0
1436178614772,25175,OS Process Sampler,0,OK,Thread Group 1-795,text,true,684,198,198,0
1436178614213,25731,OS Process Sampler,0,OK,Thread Group 1-741,text,true,684,198,198,0
1436178614504,25436,OS Process Sampler,0,OK,Thread Group 1-769,text,true,684,197,197,0
1436178614833,25106,OS Process Sampler,0,OK,Thread Group 1-801,text,true,684,197,197,0
1436178614842,25094,OS Process Sampler,0,OK,Thread Group 1-802,text,true,684,196,196,0
1436178614388,25547,OS Process Sampler,0,OK,Thread Group 1-758,text,true,684,196,196,0
1436178611488,28838,OS Process Sampler,0,OK,Thread Group 1-477,text,true,684,195,195,0
1436178615123,24805,OS Process Sampler,0,OK,Thread Group 1-829,text,true,684,195,195,0
1436178614296,25626,OS Process Sampler,0,OK,Thread Group 1-749,text,true,684,194,194,0
1436178614442,25477,OS Process Sampler,0,OK,Thread Group 1-763,text,true,684,194,194,0
1436178614959,24956,OS Process Sampler,0,OK,Thread Group 1-813,text,true,684,193,193,0
1436178615009,24899,OS Process Sampler,0,OK,Thread Group 1-818,text,true,684,193,193,0
1436178615019,24885,OS Process Sampler,0,OK,Thread Group 1-819,text,true,684,192,192,0
1436178614275,25624,OS Process Sampler,0,OK,Thread Group 1-747,text,true,684,192,192,0
1436178614649,25249,OS Process Sampler,0,OK,Thread Group 1-783,text,true,684,191,191,0
1436178615112,24781,OS Process Sampler,0,OK,Thread Group 1-828,text,true,684,191,191,0
1436178614524,25368,OS Process Sampler,0,OK,Thread Group 1-771,text,true,684,191,191,0
1436178615184,24706,OS Process Sampler,0,OK,Thread Group 1-835,text,true,684,189,189,0
1436178611034,29298,OS Process Sampler,0,OK,Thread Group 1-433,text,true,684,189,189,0
1436178615204,24680,OS Process Sampler,0,OK,Thread Group 1-837,text,true,684,188,188,0
1436178615225,24657,OS Process Sampler,0,OK,Thread Group 1-839,text,true,684,188,188,0
1436178614680,25200,OS Process Sampler,0,OK,Thread Group 1-786,text,true,684,187,187,0
1436178614976,24899,OS Process Sampler,0,OK,Thread Group 1-815,text,true,684,187,187,0
1436178611005,29327,OS Process Sampler,0,OK,Thread Group 1-403,text,true,684,187,187,0
1436178611094,29238,OS Process Sampler,0,OK,Thread Group 1-439,text,true,684,186,186,0
1436178614762,25111,OS Process Sampler,0,OK,Thread Group 1-794,text,true,684,184,184,0
1436178611125,29207,OS Process Sampler,0,OK,Thread Group 1-442,text,true,684,184,184,0
1436178615142,24729,OS Process Sampler,0,OK,Thread Group 1-831,text,true,684,184,184,0
1436178615400,24469,OS Process Sampler,0,OK,Thread Group 1-856,text,true,684,182,182,0
1436178616064,23804,OS Process Sampler,0,OK,Thread Group 1-920,text,true,684,181,181,0
1436178611074,29258,OS Process Sampler,0,OK,Thread Group 1-437,text,true,684,180,180,0
1436178615154,24714,OS Process Sampler,0,OK,Thread Group 1-832,text,true,684,179,179,0
1436178615369,24492,OS Process Sampler,0,OK,Thread Group 1-853,text,true,684,177,177,0
1436178614710,25147,OS Process Sampler,0,OK,Thread Group 1-789,text,true,684,176,176,0
1436178611086,29246,OS Process Sampler,0,OK,Thread Group 1-438,text,true,684,175,175,0
1436178614946,24909,OS Process Sampler,0,OK,Thread Group 1-812,text,true,684,175,175,0
1436178615287,24567,OS Process Sampler,0,OK,Thread Group 1-845,text,true,684,174,174,0
1436178615163,24687,OS Process Sampler,0,OK,Thread Group 1-833,text,true,684,173,173,0
1436178616310,23535,OS Process Sampler,0,OK,Thread Group 1-944,text,true,684,172,172,0
1436178615092,24750,OS Process Sampler,0,OK,Thread Group 1-826,text,true,684,171,171,0
1436178611052,29280,OS Process Sampler,0,OK,Thread Group 1-435,text,true,684,171,171,0
1436178615071,24767,OS Process Sampler,0,OK,Thread Group 1-824,text,true,684,170,170,0
1436178611042,29290,OS Process Sampler,0,OK,Thread Group 1-434,text,true,684,169,169,0
1436178615268,24568,OS Process Sampler,0,OK,Thread Group 1-843,text,true,684,169,169,0
1436178611011,29321,OS Process Sampler,0,OK,Thread Group 1-431,text,true,684,168,168,0
1436178611446,28880,OS Process Sampler,0,OK,Thread Group 1-473,text,true,684,167,167,0
1436178611022,29311,OS Process Sampler,0,OK,Thread Group 1-432,text,true,684,166,166,0
1436178615256,24574,OS Process Sampler,0,OK,Thread Group 1-842,text,true,684,165,165,0
1436178615566,24264,OS Process Sampler,0,OK,Thread Group 1-872,text,true,684,164,164,0
1436178616485,23335,OS Process Sampler,0,OK,Thread Group 1-961,text,true,684,163,163,0
1436178611104,29229,OS Process Sampler,0,OK,Thread Group 1-440,text,true,684,162,162,0
1436178616095,23717,OS Process Sampler,0,OK,Thread Group 1-923,text,true,684,161,161,0
1436178615421,24390,OS Process Sampler,0,OK,Thread Group 1-858,text,true,684,160,160,0
1436178615660,24149,OS Process Sampler,0,OK,Thread Group 1-881,text,true,684,159,159,0
1436178616104,23691,OS Process Sampler,0,OK,Thread Group 1-924,text,true,684,158,158,0
1436178611146,29187,OS Process Sampler,0,OK,Thread Group 1-444,text,true,684,157,157,0
1436178616146,23648,OS Process Sampler,0,OK,Thread Group 1-928,text,true,684,156,156,0
1436178616125,23668,OS Process Sampler,0,OK,Thread Group 1-926,text,true,684,155,155,0
1436178616155,23633,OS Process Sampler,0,OK,Thread Group 1-929,text,true,684,154,154,0
1436178615886,23902,OS Process Sampler,0,OK,Thread Group 1-903,text,true,684,153,153,0
1436178611115,29218,OS Process Sampler,0,OK,Thread Group 1-441,text,true,684,152,152,0
1436178616176,23602,OS Process Sampler,0,OK,Thread Group 1-931,text,true,684,151,151,0
1436178611436,28890,OS Process Sampler,0,OK,Thread Group 1-472,text,true,684,150,150,0
1436178616361,23417,OS Process Sampler,0,OK,Thread Group 1-949,text,true,684,149,149,0
1436178616268,23508,OS Process Sampler,0,OK,Thread Group 1-940,text,true,684,148,148,0
1436178611063,29270,OS Process Sampler,0,OK,Thread Group 1-436,text,true,684,147,147,0
1436178616413,23358,OS Process Sampler,0,OK,Thread Group 1-954,text,true,684,146,146,0
1436178615928,23833,OS Process Sampler,0,OK,Thread Group 1-907,text,true,684,145,145,0
1436178616186,23571,OS Process Sampler,0,OK,Thread Group 1-932,text,true,684,144,144,0
1436178616196,23559,OS Process Sampler,0,OK,Thread Group 1-933,text,true,684,143,143,0
1436178611006,29327,OS Process Sampler,0,OK,Thread Group 1-410,text,true,684,142,142,0
1436178616495,23257,OS Process Sampler,0,OK,Thread Group 1-962,text,true,684,141,141,0
1436178616505,23244,OS Process Sampler,0,OK,Thread Group 1-963,text,true,684,140,140,0
1436178616835,22912,OS Process Sampler,0,OK,Thread Group 1-995,text,true,684,139,139,0
1436178615411,24331,OS Process Sampler,0,OK,Thread Group 1-857,text,true,684,138,138,0
1436178611004,29329,OS Process Sampler,0,OK,Thread Group 1-416,text,true,684,137,137,0
1436178611005,29328,OS Process Sampler,0,OK,Thread Group 1-408,text,true,684,136,136,0
1436178611387,28940,OS Process Sampler,0,OK,Thread Group 1-399,text,true,684,135,135,0
1436178615431,24309,OS Process Sampler,0,OK,Thread Group 1-859,text,true,684,134,134,0
1436178615235,24502,OS Process Sampler,0,OK,Thread Group 1-840,text,true,684,134,134,0
1436178615752,23973,OS Process Sampler,0,OK,Thread Group 1-890,text,true,684,134,134,0
1436178615722,24003,OS Process Sampler,0,OK,Thread Group 1-887,text,true,684,132,132,0
1436178616247,23460,OS Process Sampler,0,OK,Thread Group 1-938,text,true,684,130,130,0
1436178616547,23147,OS Process Sampler,0,OK,Thread Group 1-967,text,true,684,128,128,0
1436178616403,23284,OS Process Sampler,0,OK,Thread Group 1-953,text,true,684,128,128,0
1436178615784,23750,OS Process Sampler,0,OK,Thread Group 1-893,text,true,684,128,128,0
1436178615328,24204,OS Process Sampler,0,OK,Thread Group 1-849,text,true,684,126,126,0
1436178615462,24055,OS Process Sampler,0,OK,Thread Group 1-862,text,true,684,125,125,0
1436178615473,24041,OS Process Sampler,0,OK,Thread Group 1-863,text,true,684,124,124,0
1436178615525,23984,OS Process Sampler,0,OK,Thread Group 1-868,text,true,684,123,123,0
1436178615535,23972,OS Process Sampler,0,OK,Thread Group 1-869,text,true,684,122,122,0
1436178615545,23956,OS Process Sampler,0,OK,Thread Group 1-870,text,true,684,122,122,0
1436178616371,23128,OS Process Sampler,0,OK,Thread Group 1-950,text,true,684,121,121,0
1436178615577,23921,OS Process Sampler,0,OK,Thread Group 1-873,text,true,684,121,121,0
1436178615639,23837,OS Process Sampler,0,OK,Thread Group 1-879,text,true,684,120,120,0
1436178615691,23782,OS Process Sampler,0,OK,Thread Group 1-884,text,true,684,120,120,0
1436178615732,23739,OS Process Sampler,0,OK,Thread Group 1-888,text,true,684,119,119,0
1436178615742,23726,OS Process Sampler,0,OK,Thread Group 1-889,text,true,684,119,119,0
1436178615804,23661,OS Process Sampler,0,OK,Thread Group 1-895,text,true,684,118,118,0
1436178615763,23696,OS Process Sampler,0,OK,Thread Group 1-891,text,true,684,118,118,0
1436178615815,23639,OS Process Sampler,0,OK,Thread Group 1-896,text,true,684,117,117,0
1436178616258,23192,OS Process Sampler,0,OK,Thread Group 1-939,text,true,684,117,117,0
1436178616011,23422,OS Process Sampler,0,OK,Thread Group 1-915,text,true,684,116,116,0
1436178616207,23223,OS Process Sampler,0,OK,Thread Group 1-934,text,true,684,116,116,0
1436178616227,23201,OS Process Sampler,0,OK,Thread Group 1-936,text,true,684,116,116,0
1436178616382,23024,OS Process Sampler,0,OK,Thread Group 1-951,text,true,684,115,115,0
1436178616526,22870,OS Process Sampler,0,OK,Thread Group 1-965,text,true,684,113,113,0
1436178616557,22836,OS Process Sampler,0,OK,Thread Group 1-968,text,true,684,112,112,0
1436178616578,22798,OS Process Sampler,0,OK,Thread Group 1-970,text,true,684,111,111,0
1436178616608,22766,OS Process Sampler,0,OK,Thread Group 1-973,text,true,684,110,110,0
1436178616618,22756,OS Process Sampler,0,OK,Thread Group 1-974,text,true,684,109,109,0
1436178616639,22729,OS Process Sampler,0,OK,Thread Group 1-976,text,true,684,108,108,0
1436178616650,22715,OS Process Sampler,0,OK,Thread Group 1-977,text,true,684,107,107,0
1436178616701,22660,OS Process Sampler,0,OK,Thread Group 1-982,text,true,684,106,106,0
1436178616762,22592,OS Process Sampler,0,OK,Thread Group 1-988,text,true,684,105,105,0
1436178616825,22522,OS Process Sampler,0,OK,Thread Group 1-994,text,true,684,104,104,0
1436178616845,22497,OS Process Sampler,0,OK,Thread Group 1-996,text,true,684,103,103,0
1436178616660,22678,OS Process Sampler,0,OK,Thread Group 1-978,text,true,684,102,102,0
1436178612088,27245,OS Process Sampler,0,OK,Thread Group 1-535,text,true,684,102,102,0
1436178611002,29331,OS Process Sampler,0,OK,Thread Group 1-417,text,true,684,102,102,0
1436178612098,27235,OS Process Sampler,0,OK,Thread Group 1-536,text,true,684,101,101,0
1436178611955,27378,OS Process Sampler,0,OK,Thread Group 1-522,text,true,684,99,99,0
1436178611914,27418,OS Process Sampler,0,OK,Thread Group 1-518,text,true,684,99,99,0
1436178611498,27833,OS Process Sampler,0,OK,Thread Group 1-478,text,true,684,98,98,0
1436178611509,27822,OS Process Sampler,0,OK,Thread Group 1-479,text,true,684,98,98,0
1436178611416,27914,OS Process Sampler,0,OK,Thread Group 1-470,text,true,684,97,97,0
1436178611405,27925,OS Process Sampler,0,OK,Thread Group 1-469,text,true,684,97,97,0
1436178611321,28009,OS Process Sampler,0,OK,Thread Group 1-461,text,true,684,96,96,0
1436178611290,28039,OS Process Sampler,0,OK,Thread Group 1-458,text,true,684,96,96,0
1436178611315,28014,OS Process Sampler,0,OK,Thread Group 1-404,text,true,684,95,95,0
1436178611269,28058,OS Process Sampler,0,OK,Thread Group 1-456,text,true,684,95,95,0
1436178611261,28066,OS Process Sampler,0,OK,Thread Group 1-455,text,true,684,94,94,0
1436178611209,28118,OS Process Sampler,0,OK,Thread Group 1-450,text,true,684,94,94,0
1436178611187,28137,OS Process Sampler,0,OK,Thread Group 1-448,text,true,684,93,93,0
1436178611197,28126,OS Process Sampler,0,OK,Thread Group 1-449,text,true,684,93,93,0
1436178611006,28317,OS Process Sampler,0,OK,Thread Group 1-413,text,true,684,92,92,0
1436178611135,28188,OS Process Sampler,0,OK,Thread Group 1-443,text,true,684,92,92,0
1436178611006,28317,OS Process Sampler,0,OK,Thread Group 1-412,text,true,684,91,91,0
1436178611005,28318,OS Process Sampler,0,OK,Thread Group 1-407,text,true,684,91,91,0
1436178610991,28331,OS Process Sampler,0,OK,Thread Group 1-429,text,true,684,90,90,0
1436178610980,28342,OS Process Sampler,0,OK,Thread Group 1-428,text,true,684,90,90,0
1436178611005,29328,OS Process Sampler,0,OK,Thread Group 1-409,text,true,684,90,90,0
1436178611001,29332,OS Process Sampler,0,OK,Thread Group 1-430,text,true,684,88,88,0
1436178611004,29329,OS Process Sampler,0,OK,Thread Group 1-405,text,true,684,87,87,0
1436178611832,28501,OS Process Sampler,0,OK,Thread Group 1-510,text,true,684,85,85,0
1436178611770,28563,OS Process Sampler,0,OK,Thread Group 1-504,text,true,684,84,84,0
1436178611002,29331,OS Process Sampler,0,OK,Thread Group 1-419,text,true,684,82,82,0
1436178611002,29331,OS Process Sampler,0,OK,Thread Group 1-418,text,true,684,80,80,0
1436178616691,23643,OS Process Sampler,0,OK,Thread Group 1-981,text,true,684,80,80,0
1436178616670,23664,OS Process Sampler,0,OK,Thread Group 1-979,text,true,684,80,80,0
1436178615878,24456,OS Process Sampler,0,OK,Thread Group 1-902,text,true,684,79,79,0
1436178615991,24346,OS Process Sampler,0,OK,Thread Group 1-913,text,true,684,78,78,0
1436178616002,24336,OS Process Sampler,0,OK,Thread Group 1-914,text,true,684,74,74,0
1436178616022,24316,OS Process Sampler,0,OK,Thread Group 1-916,text,true,684,73,73,0
1436178615515,24824,OS Process Sampler,0,OK,Thread Group 1-867,text,true,684,72,72,0
1436178615856,24481,OS Process Sampler,0,OK,Thread Group 1-900,text,true,684,72,72,0
1436178615318,25021,OS Process Sampler,0,OK,Thread Group 1-848,text,true,684,72,72,0
1436178616166,24174,OS Process Sampler,0,OK,Thread Group 1-930,text,true,684,71,71,0
1436178615246,25095,OS Process Sampler,0,OK,Thread Group 1-841,text,true,684,68,68,0
1436178615607,24734,OS Process Sampler,0,OK,Thread Group 1-876,text,true,684,68,68,0
1436178615504,24837,OS Process Sampler,0,OK,Thread Group 1-866,text,true,684,68,68,0
1436178615040,25301,OS Process Sampler,0,OK,Thread Group 1-821,text,true,684,66,66,0
1436178615215,25127,OS Process Sampler,0,OK,Thread Group 1-838,text,true,684,66,66,0
1436178615359,24983,OS Process Sampler,0,OK,Thread Group 1-852,text,true,684,65,65,0
1436178614535,25808,OS Process Sampler,0,OK,Thread Group 1-772,text,true,684,63,63,0
1436178614935,25409,OS Process Sampler,0,OK,Thread Group 1-811,text,true,684,63,63,0
1436178615101,25244,OS Process Sampler,0,OK,Thread Group 1-827,text,true,684,62,62,0
1436178614493,25853,OS Process Sampler,0,OK,Thread Group 1-768,text,true,684,60,60,0
1436178614802,25546,OS Process Sampler,0,OK,Thread Group 1-798,text,true,684,60,60,0
1436178614431,25917,OS Process Sampler,0,OK,Thread Group 1-762,text,true,684,60,60,0
1436178614669,25680,OS Process Sampler,0,OK,Thread Group 1-785,text,true,684,58,58,0
1436178614545,25805,OS Process Sampler,0,OK,Thread Group 1-773,text,true,684,56,56,0
1436178614401,25950,OS Process Sampler,0,OK,Thread Group 1-759,text,true,684,55,55,0
1436178614244,26107,OS Process Sampler,0,OK,Thread Group 1-744,text,true,684,55,55,0
1436178614192,26159,OS Process Sampler,0,OK,Thread Group 1-739,text,true,684,55,55,0
1436178614170,26183,OS Process Sampler,0,OK,Thread Group 1-737,text,true,684,53,53,0
1436178614055,26298,OS Process Sampler,0,OK,Thread Group 1-726,text,true,684,53,53,0
1436178613706,26648,OS Process Sampler,0,OK,Thread Group 1-692,text,true,684,52,52,0
1436178613777,26579,OS Process Sampler,0,OK,Thread Group 1-699,text,true,684,51,51,0
1436178613716,26640,OS Process Sampler,0,OK,Thread Group 1-693,text,true,684,50,50,0
1436178613603,26754,OS Process Sampler,0,OK,Thread Group 1-682,text,true,684,49,49,0
1436178613819,26538,OS Process Sampler,0,OK,Thread Group 1-703,text,true,684,48,48,0
1436178613798,26558,OS Process Sampler,0,OK,Thread Group 1-701,text,true,684,47,47,0
