1435133086463,3059,Learn,200,OK,Thread Group 1-3,text,true,320,224,224,1879
1435133086468,4089,Learn,200,OK,Thread Group 1-4,text,true,320,315,315,1728
1435133086479,5827,Learn,200,OK,Thread Group 1-5,text,true,320,464,464,1564
1435133087713,5759,Learn,200,OK,Thread Group 1-94,text,true,320,573,573,170
1435133086496,8430,Learn,200,OK,Thread Group 1-6,text,true,320,707,707,1217
1435133086499,13216,Learn,200,OK,Thread Group 1-7,text,true,320,995,995,682
1435133086717,14737,Learn,200,OK,Thread Group 1-21,text,true,320,994,994,286
1435133086449,15811,Learn,200,OK,Thread Group 1-1,text,true,320,993,993,89
1435133086517,15743,Learn,200,OK,Thread Group 1-8,text,true,320,992,992,200
1435133086555,19054,Learn,200,OK,Thread Group 1-10,text,true,320,991,991,18921
1435133086569,19040,Learn,200,OK,Thread Group 1-11,text,true,320,990,990,18773
1435133086585,19025,Learn,200,OK,Thread Group 1-12,text,true,320,990,990,18624
1435133086552,19058,Learn,200,OK,Thread Group 1-9,text,true,320,989,989,19057
1435133086587,19024,Learn,200,OK,Thread Group 1-13,text,true,320,987,987,18489
1435133086617,18994,Learn,200,OK,Thread Group 1-14,text,true,320,986,986,18325
1435133086667,18944,Learn,200,OK,Thread Group 1-16,text,true,320,985,985,18142
1435133086682,18930,Learn,200,OK,Thread Group 1-17,text,true,320,984,984,17993
1435133086685,18927,Learn,200,OK,Thread Group 1-18,text,true,320,983,983,17857
1435133086698,18914,Learn,200,OK,Thread Group 1-19,text,true,320,982,982,17710
1435133086714,18898,Learn,200,OK,Thread Group 1-20,text,true,320,981,981,17561
1435133086730,18883,Learn,200,OK,Thread Group 1-22,text,true,320,980,980,17278
1435133086751,18862,Learn,200,OK,Thread Group 1-23,text,true,320,979,979,17124
1435133086759,18854,Learn,200,OK,Thread Group 1-24,text,true,320,978,978,16982
1435133086775,18838,Learn,200,OK,Thread Group 1-25,text,true,320,977,977,16832
1435133086781,18833,Learn,200,OK,Thread Group 1-26,text,true,320,977,977,16689
1435133086792,18822,Learn,200,OK,Thread Group 1-27,text,true,320,977,977,16546
1435133086818,18796,Learn,200,OK,Thread Group 1-29,text,true,320,977,977,16385
1435133086818,18796,Learn,200,OK,Thread Group 1-28,text,true,320,977,977,16251
1435133086840,18774,Learn,200,OK,Thread Group 1-30,text,true,320,977,977,16095
1435133086840,18774,Learn,200,OK,Thread Group 1-31,text,true,320,977,977,15964
1435133086864,18750,Learn,200,OK,Thread Group 1-32,text,true,320,977,977,15804
1435133086874,18740,Learn,200,OK,Thread Group 1-33,text,true,320,977,977,15657
1435133086888,18727,Learn,200,OK,Thread Group 1-34,text,true,320,977,977,15508
1435133086984,18631,Learn,200,OK,Thread Group 1-42,text,true,320,977,977,15277
1435133086906,18709,Learn,200,OK,Thread Group 1-36,text,true,320,977,977,15355
1435133086895,18720,Learn,200,OK,Thread Group 1-35,text,true,320,977,977,15366
1435133086984,18631,Learn,200,OK,Thread Group 1-41,text,true,320,977,977,15143
1435133086984,18631,Learn,200,OK,Thread Group 1-40,text,true,320,977,977,15009
1435133086985,18630,Learn,200,OK,Thread Group 1-39,text,true,320,977,977,14873
1435133086985,18630,Learn,200,OK,Thread Group 1-38,text,true,320,977,977,14739
1435133086985,18630,Learn,200,OK,Thread Group 1-37,text,true,320,977,977,14604
1435133087005,18611,Learn,200,OK,Thread Group 1-44,text,true,320,977,977,14451
1435133087001,18615,Learn,200,OK,Thread Group 1-43,text,true,320,977,977,14454
1435133087028,18588,Learn,200,OK,Thread Group 1-45,text,true,320,977,977,14292
1435133087042,18574,Learn,200,OK,Thread Group 1-46,text,true,320,977,977,14144
1435133087058,18558,Learn,200,OK,Thread Group 1-47,text,true,320,977,977,13995
1435133087061,18555,Learn,200,OK,Thread Group 1-48,text,true,320,977,977,13858
1435133087083,18533,Learn,200,OK,Thread Group 1-50,text,true,320,977,977,13702
1435133087116,18500,Learn,200,OK,Thread Group 1-52,text,true,320,977,977,13535
1435133087116,18501,Learn,200,OK,Thread Group 1-51,text,true,320,977,977,13401
1435133087116,18501,Learn,200,OK,Thread Group 1-49,text,true,320,977,977,13267
1435133087131,18486,Learn,200,OK,Thread Group 1-53,text,true,320,977,977,13119
1435133087134,18483,Learn,200,OK,Thread Group 1-54,text,true,320,977,977,12982
1435133087147,18470,Learn,200,OK,Thread Group 1-55,text,true,320,977,977,12836
1435133087163,18454,Learn,200,OK,Thread Group 1-56,text,true,320,977,977,12686
1435133087196,18421,Learn,200,OK,Thread Group 1-58,text,true,320,977,977,12520
1435133087168,18449,Learn,200,OK,Thread Group 1-57,text,true,320,977,977,12548
1435133087212,18406,Learn,200,OK,Thread Group 1-60,text,true,320,977,977,12236
1435133087228,18390,Learn,200,OK,Thread Group 1-61,text,true,320,977,977,12087
1435133087232,18386,Learn,200,OK,Thread Group 1-62,text,true,320,977,977,11951
1435133087244,18374,Learn,200,OK,Thread Group 1-63,text,true,320,977,977,11804
1435133087261,18357,Learn,200,OK,Thread Group 1-64,text,true,320,977,977,11653
1435133087277,18341,Learn,200,OK,Thread Group 1-65,text,true,320,977,977,11503
1435133087285,18333,Learn,200,OK,Thread Group 1-66,text,true,320,977,977,11362
1435133087297,18321,Learn,200,OK,Thread Group 1-67,text,true,320,977,977,11216
1435133087305,18314,Learn,200,OK,Thread Group 1-68,text,true,320,977,977,11074
1435133087321,18298,Learn,200,OK,Thread Group 1-69,text,true,320,977,977,10921
1435133087327,18292,Learn,200,OK,Thread Group 1-70,text,true,320,977,977,10781
1435133087338,18284,Learn,200,OK,Thread Group 1-71,text,true,320,977,977,10634
1435133087348,18286,Learn,200,OK,Thread Group 1-72,text,true,320,977,977,10490
1435133087358,18279,Learn,200,OK,Thread Group 1-73,text,true,320,977,977,10347
1435133087380,18269,Learn,200,OK,Thread Group 1-74,text,true,320,977,977,10191
1435133087394,18258,Learn,200,OK,Thread Group 1-75,text,true,320,977,977,10043
1435133087200,18418,Learn,200,OK,Thread Group 1-59,text,true,320,977,977,12382
1435133086718,18962,Learn,200,OK,Thread Group 1-15,text,true,320,962,962,17424
1435133087401,19827,Learn,200,OK,Thread Group 1-76,text,true,320,925,925,9903
1435133087419,20966,Learn,200,OK,Thread Group 1-77,text,true,320,924,924,9752
1435133087422,22133,Learn,200,OK,Thread Group 1-78,text,true,320,923,923,9611
1435133087450,23555,Learn,200,OK,Thread Group 1-79,text,true,320,922,922,9450
1435133087467,25187,Learn,200,OK,Thread Group 1-80,text,true,320,921,921,9297
1435133087492,26933,Learn,200,OK,Thread Group 1-81,text,true,320,920,920,9138
1435133087516,28650,Learn,200,OK,Thread Group 1-82,text,true,320,919,919,8980
1435133087581,30355,Learn,200,OK,Thread Group 1-83,text,true,320,918,918,8781
1435133087613,31932,Learn,200,OK,Thread Group 1-86,text,true,320,917,917,8615
1435133087618,33554,Learn,200,OK,Thread Group 1-87,text,true,320,916,916,8477
1435133087629,35483,Learn,200,OK,Thread Group 1-85,text,true,320,915,915,8320
1435133087629,37530,Learn,200,OK,Thread Group 1-88,text,true,320,914,914,8173
1435133087630,39144,Learn,200,OK,Thread Group 1-84,text,true,320,913,913,8027
1435133087666,40979,Learn,200,OK,Thread Group 1-90,text,true,320,912,912,7846
1435133087679,42837,Learn,200,OK,Thread Group 1-91,text,true,320,911,911,7685
1435133087694,44548,Learn,200,OK,Thread Group 1-92,text,true,320,910,910,7525
1435133087702,46410,Learn,200,OK,Thread Group 1-93,text,true,320,909,909,7372
1435133087733,48108,Learn,200,OK,Thread Group 1-95,text,true,320,908,908,7194
1435133087710,48132,Learn,200,OK,Thread Group 1-89,text,true,320,907,907,7217
1435133087746,49964,Learn,200,OK,Thread Group 1-96,text,true,320,906,906,7035
1435133087763,51531,Learn,200,OK,Thread Group 1-97,text,true,320,905,905,6873
1435133087769,53541,Learn,200,OK,Thread Group 1-98,text,true,320,904,904,6722
1435133087779,55254,Learn,200,OK,Thread Group 1-99,text,true,320,903,903,6567
1435133087795,57104,Learn,200,OK,Thread Group 1-100,text,true,320,902,902,6406
1435133087826,58942,Learn,200,OK,Thread Group 1-101,text,true,320,901,901,6229
1435133087837,60651,Learn,200,OK,Thread Group 1-102,text,true,320,900,900,6072
1435133087876,62476,Learn,200,OK,Thread Group 1-103,text,true,320,899,899,5888
1435133087877,64196,Learn,200,OK,Thread Group 1-104,text,true,320,898,898,5742
1435133087900,65612,Learn,200,OK,Thread Group 1-106,text,true,320,897,897,5573
1435133087893,65619,Learn,200,OK,Thread Group 1-105,text,true,320,897,897,5579
1435133087917,67174,Learn,200,OK,Thread Group 1-107,text,true,320,895,895,5410
1435133087935,69023,Learn,200,OK,Thread Group 1-108,text,true,320,894,894,5246
1435133087957,70865,Learn,200,OK,Thread Group 1-109,text,true,320,893,893,5079
1435133087962,72581,Learn,200,OK,Thread Group 1-110,text,true,320,892,892,4928
1435133087974,74441,Learn,200,OK,Thread Group 1-111,text,true,320,891,891,4771
1435133087990,76288,Learn,200,OK,Thread Group 1-112,text,true,320,890,890,4608
1435133087995,78137,Learn,200,OK,Thread Group 1-113,text,true,320,889,889,4457
1435133088055,80078,Learn,200,OK,Thread Group 1-116,text,true,320,888,888,4252
1435133088038,80095,Learn,200,OK,Thread Group 1-115,text,true,320,887,887,4268
1435133088071,81063,Learn,200,OK,Thread Group 1-117,text,true,320,886,886,4090
1435133088077,81942,Learn,200,OK,Thread Group 1-118,text,true,320,885,885,3939
1435133088087,83912,Learn,200,OK,Thread Group 1-119,text,true,320,884,884,3782
1435133088092,86036,Learn,200,OK,Thread Group 1-114,text,true,320,883,883,3632
1435133088107,87695,Learn,200,OK,Thread Group 1-120,text,true,320,882,882,3471
1435133088109,89522,Learn,200,OK,Thread Group 1-121,text,true,320,881,881,3323
1435133088133,91326,Learn,200,OK,Thread Group 1-122,text,true,320,880,880,3153
1435133088135,93300,Learn,200,OK,Thread Group 1-123,text,true,320,879,879,3006
1435133088159,95254,Learn,200,OK,Thread Group 1-124,text,true,320,878,878,2835
1435133088176,96910,Learn,200,OK,Thread Group 1-125,text,true,320,877,877,2673
1435133088187,98879,Learn,200,OK,Thread Group 1-126,text,true,320,876,876,2517
1435133088229,100358,Learn,200,OK,Thread Group 1-128,text,true,320,875,875,2329
1435133088204,100383,Learn,200,OK,Thread Group 1-127,text,true,320,874,874,2353
1435133088242,102173,Learn,200,OK,Thread Group 1-129,text,true,320,873,873,2169
1435133088252,103991,Learn,200,OK,Thread Group 1-130,text,true,320,872,872,2014
1435133088263,105653,Learn,200,OK,Thread Group 1-131,text,true,320,871,871,1858
1435133088273,107469,Learn,200,OK,Thread Group 1-132,text,true,320,870,870,1702
1435133088285,109282,Learn,200,OK,Thread Group 1-133,text,true,320,869,869,1544
1435133089523,110022,Learn,200,OK,Thread Group 1-225,text,true,320,868,868,160
1435133088351,113169,Learn,200,OK,Thread Group 1-135,text,true,320,867,867,1176
1435133088309,113212,Learn,200,OK,Thread Group 1-134,text,true,320,866,866,1214
1435133088361,114830,Learn,200,OK,Thread Group 1-136,text,true,320,865,865,1006
1435133088371,116796,Learn,200,OK,Thread Group 1-137,text,true,320,864,864,849
1435133088396,118291,Learn,200,OK,Thread Group 1-138,text,true,320,863,863,677
1435133088407,120104,Learn,200,OK,Thread Group 1-139,text,true,320,862,862,520
1435133088418,121157,Learn,200,OK,Thread Group 1-140,text,true,320,861,861,363
1435133088430,122969,Learn,200,OK,Thread Group 1-141,text,true,320,860,860,205
1435133086450,126469,Learn,200,OK,Thread Group 1-2,text,true,320,859,859,2039
1435133088536,124383,Learn,200,OK,Thread Group 1-143,text,true,320,858,858,124231
1435133088526,124394,Learn,200,OK,Thread Group 1-142,text,true,320,857,857,124393
1435133088546,124374,Learn,200,OK,Thread Group 1-144,text,true,320,856,856,124070
1435133088556,124364,Learn,200,OK,Thread Group 1-145,text,true,320,855,855,123907
1435133088566,124355,Learn,200,OK,Thread Group 1-146,text,true,320,854,854,123745
1435133088576,124345,Learn,200,OK,Thread Group 1-147,text,true,320,853,853,123584
1435133088586,124335,Learn,200,OK,Thread Group 1-148,text,true,320,852,852,123422
1435133088598,124323,Learn,200,OK,Thread Group 1-149,text,true,320,851,851,123258
1435133088619,124303,Learn,200,OK,Thread Group 1-151,text,true,320,850,850,122933
1435133088629,124293,Learn,200,OK,Thread Group 1-152,text,true,320,849,849,122771
1435133088646,124276,Learn,200,OK,Thread Group 1-153,text,true,320,848,848,122753
1435133088662,124260,Learn,200,OK,Thread Group 1-154,text,true,320,847,847,122586
1435133088672,124251,Learn,200,OK,Thread Group 1-155,text,true,320,846,846,122424
1435133088682,124241,Learn,200,OK,Thread Group 1-156,text,true,320,845,845,122262
1435133088694,124229,Learn,200,OK,Thread Group 1-157,text,true,320,844,844,122098
1435133088607,124315,Learn,200,OK,Thread Group 1-150,text,true,320,850,850,123097
1435133088705,124218,Learn,200,OK,Thread Group 1-158,text,true,320,842,842,121935
1435133088714,124210,Learn,200,OK,Thread Group 1-159,text,true,320,841,841,121773
1435133088726,124198,Learn,200,OK,Thread Group 1-160,text,true,320,840,840,121609
1435133088736,124188,Learn,200,OK,Thread Group 1-161,text,true,320,839,839,121447
1435133088747,124179,Learn,200,OK,Thread Group 1-162,text,true,320,838,838,121284
1435133088757,124169,Learn,200,OK,Thread Group 1-163,text,true,320,837,837,121122
1435133088769,124157,Learn,200,OK,Thread Group 1-164,text,true,320,836,836,120958
1435133088779,124147,Learn,200,OK,Thread Group 1-165,text,true,320,835,835,120797
1435133088803,124124,Learn,200,OK,Thread Group 1-166,text,true,320,834,834,120772
1435133088829,124098,Learn,200,OK,Thread Group 1-167,text,true,320,833,833,120594
1435133088850,124077,Learn,200,OK,Thread Group 1-168,text,true,320,832,832,120421
1435133088867,124060,Learn,200,OK,Thread Group 1-169,text,true,320,831,831,120253
1435133088890,124038,Learn,200,OK,Thread Group 1-170,text,true,320,830,830,120077
1435133088897,124031,Learn,200,OK,Thread Group 1-171,text,true,320,829,829,119918
1435133088908,124020,Learn,200,OK,Thread Group 1-172,text,true,320,828,828,119755
1435133088934,123994,Learn,200,OK,Thread Group 1-174,text,true,320,827,827,119577
1435133088922,124006,Learn,200,OK,Thread Group 1-173,text,true,320,826,826,119589
1435133088955,123974,Learn,200,OK,Thread Group 1-175,text,true,320,825,825,119404
1435133088963,123966,Learn,200,OK,Thread Group 1-176,text,true,320,824,824,119244
1435133088973,123956,Learn,200,OK,Thread Group 1-177,text,true,320,823,823,119082
1435133088984,123945,Learn,200,OK,Thread Group 1-178,text,true,320,822,822,118919
1435133088993,123937,Learn,200,OK,Thread Group 1-179,text,true,320,821,821,118758
1435133089005,123925,Learn,200,OK,Thread Group 1-180,text,true,320,820,820,118595
1435133089015,123915,Learn,200,OK,Thread Group 1-181,text,true,320,819,819,118433
1435133089025,123905,Learn,200,OK,Thread Group 1-182,text,true,320,818,818,118271
1435133089036,123894,Learn,200,OK,Thread Group 1-183,text,true,320,817,817,118108
1435133089046,123884,Learn,200,OK,Thread Group 1-184,text,true,320,816,816,117946
1435133089057,123874,Learn,200,OK,Thread Group 1-185,text,true,320,815,815,117783
1435133089078,123853,Learn,200,OK,Thread Group 1-187,text,true,320,814,814,117610
1435133089068,123863,Learn,200,OK,Thread Group 1-186,text,true,320,813,813,117620
1435133089099,123832,Learn,200,OK,Thread Group 1-188,text,true,320,812,812,117436
1435133089113,123818,Learn,200,OK,Thread Group 1-189,text,true,320,811,811,117270
1435133089123,123809,Learn,200,OK,Thread Group 1-190,text,true,320,810,810,117108
1435133089145,123787,Learn,200,OK,Thread Group 1-191,text,true,320,809,809,116934
1435133089156,123784,Learn,200,OK,Thread Group 1-192,text,true,320,809,809,116772
1435133089166,123774,Learn,200,OK,Thread Group 1-193,text,true,320,809,809,116610
1435133089178,123762,Learn,200,OK,Thread Group 1-194,text,true,320,809,809,116446
1435133089189,123751,Learn,200,OK,Thread Group 1-195,text,true,320,809,809,116283
1435133089202,123738,Learn,200,OK,Thread Group 1-196,text,true,320,809,809,116118
1435133089212,123728,Learn,200,OK,Thread Group 1-197,text,true,320,809,809,115956
1435133089232,123709,Learn,200,OK,Thread Group 1-198,text,true,320,809,809,115935
1435133089243,123698,Learn,200,OK,Thread Group 1-199,text,true,320,809,809,115773
1435133089253,123688,Learn,200,OK,Thread Group 1-200,text,true,320,809,809,115610
1435133089263,123678,Learn,200,OK,Thread Group 1-201,text,true,320,809,809,115448
1435133089274,123667,Learn,200,OK,Thread Group 1-202,text,true,320,809,809,115285
1435133089283,123658,Learn,200,OK,Thread Group 1-203,text,true,320,809,809,115124
1435133089296,123645,Learn,200,OK,Thread Group 1-204,text,true,320,809,809,114959
1435133089306,123635,Learn,200,OK,Thread Group 1-205,text,true,320,809,809,114797
1435133089317,123624,Learn,200,OK,Thread Group 1-206,text,true,320,809,809,114635
1435133089326,123616,Learn,200,OK,Thread Group 1-207,text,true,320,809,809,114474
1435133089338,123604,Learn,200,OK,Thread Group 1-208,text,true,320,809,809,114309
1435133089348,123594,Learn,200,OK,Thread Group 1-209,text,true,320,809,809,114148
1435133089358,123584,Learn,200,OK,Thread Group 1-210,text,true,320,809,809,113986
1435133089369,123573,Learn,200,OK,Thread Group 1-211,text,true,320,809,809,113823
1435133089389,123553,Learn,200,OK,Thread Group 1-212,text,true,320,809,809,113802
1435133089398,123544,Learn,200,OK,Thread Group 1-213,text,true,320,809,809,113642
1435133089407,123535,Learn,200,OK,Thread Group 1-214,text,true,320,809,809,113481
1435133089419,123523,Learn,200,OK,Thread Group 1-215,text,true,320,809,809,113317
1435133089429,123513,Learn,200,OK,Thread Group 1-216,text,true,320,809,809,113155
1435133089438,123505,Learn,200,OK,Thread Group 1-217,text,true,320,809,809,112994
1435133089450,123493,Learn,200,OK,Thread Group 1-218,text,true,320,809,809,112830
1435133089459,123484,Learn,200,OK,Thread Group 1-219,text,true,320,809,809,112669
1435133089470,123473,Learn,200,OK,Thread Group 1-220,text,true,320,809,809,112507
1435133089481,123462,Learn,200,OK,Thread Group 1-221,text,true,320,809,809,112344
1435133089491,123452,Learn,200,OK,Thread Group 1-222,text,true,320,809,809,112182
1435133089512,123431,Learn,200,OK,Thread Group 1-224,text,true,320,809,809,112009
1435133089502,123441,Learn,200,OK,Thread Group 1-223,text,true,320,809,809,112019
1435133089533,123410,Learn,200,OK,Thread Group 1-226,text,true,320,809,809,111987
1435133089545,123398,Learn,200,OK,Thread Group 1-227,text,true,320,809,809,111823
1435133089554,123390,Learn,200,OK,Thread Group 1-228,text,true,320,809,809,111662
1435133089564,123380,Learn,200,OK,Thread Group 1-229,text,true,320,809,809,111501
1435133089574,123370,Learn,200,OK,Thread Group 1-230,text,true,320,809,809,111339
1435133089585,123359,Learn,200,OK,Thread Group 1-231,text,true,320,809,809,111176
1435133089611,123333,Learn,200,OK,Thread Group 1-232,text,true,320,809,809,110999
1435133089618,123326,Learn,200,OK,Thread Group 1-233,text,true,320,809,809,110839
1435133089628,123316,Learn,200,OK,Thread Group 1-234,text,true,320,809,809,110677
1435133089639,123305,Learn,200,OK,Thread Group 1-235,text,true,320,809,809,110514
1435133089648,123296,Learn,200,OK,Thread Group 1-236,text,true,320,809,809,110354
1435133089659,123286,Learn,200,OK,Thread Group 1-237,text,true,320,809,809,110191
1435133089670,123275,Learn,200,OK,Thread Group 1-238,text,true,320,809,809,110028
1435133089682,123263,Learn,200,OK,Thread Group 1-239,text,true,320,809,809,109864
1435133089695,123250,Learn,200,OK,Thread Group 1-240,text,true,320,809,809,109850
1435133089701,123244,Learn,200,OK,Thread Group 1-241,text,true,320,809,809,109692
1435133089711,123234,Learn,200,OK,Thread Group 1-242,text,true,320,809,809,109528
1435133089728,123217,Learn,200,OK,Thread Group 1-243,text,true,320,809,809,109359
1435133089731,123214,Learn,200,OK,Thread Group 1-244,text,true,320,809,809,109204
1435133089744,123201,Learn,200,OK,Thread Group 1-245,text,true,320,809,809,109039
1435133089753,123192,Learn,200,OK,Thread Group 1-246,text,true,320,809,809,108878
1435133089762,123184,Learn,200,OK,Thread Group 1-247,text,true,320,809,809,108717
1435133089774,123172,Learn,200,OK,Thread Group 1-248,text,true,320,809,809,108553
1435133089784,123162,Learn,200,OK,Thread Group 1-249,text,true,320,809,809,108391
1435133089794,123152,Learn,200,OK,Thread Group 1-250,text,true,320,809,809,108229
1435133089805,123141,Learn,200,OK,Thread Group 1-251,text,true,320,809,809,108066
1435133089815,123131,Learn,200,OK,Thread Group 1-252,text,true,320,809,809,107904
1435133089836,123110,Learn,200,OK,Thread Group 1-254,text,true,320,809,809,107731
1435133089826,123120,Learn,200,OK,Thread Group 1-253,text,true,320,809,809,107741
1435133089846,123100,Learn,200,OK,Thread Group 1-255,text,true,320,809,809,107569
1435133089859,123088,Learn,200,OK,Thread Group 1-256,text,true,320,809,809,107404
1435133089869,123078,Learn,200,OK,Thread Group 1-257,text,true,320,809,809,107242
1435133089879,123068,Learn,200,OK,Thread Group 1-258,text,true,320,809,809,107080
1435133089901,123046,Learn,200,OK,Thread Group 1-259,text,true,320,809,809,106906
1435133089913,123034,Learn,200,OK,Thread Group 1-260,text,true,320,809,809,106741
1435133089923,123024,Learn,200,OK,Thread Group 1-261,text,true,320,809,809,106580
1435133089932,123015,Learn,200,OK,Thread Group 1-262,text,true,320,809,809,106418
1435133089944,123003,Learn,200,OK,Thread Group 1-263,text,true,320,809,809,106254
1435133089954,122993,Learn,200,OK,Thread Group 1-264,text,true,320,809,809,106092
1435133089966,122981,Learn,200,OK,Thread Group 1-265,text,true,320,809,809,105928
1435133089976,122972,Learn,200,OK,Thread Group 1-266,text,true,320,809,809,105766
1435133089986,122962,Learn,200,OK,Thread Group 1-267,text,true,320,809,809,105755
1435133089997,122951,Learn,200,OK,Thread Group 1-268,text,true,320,809,809,105592
1435133090006,122942,Learn,200,OK,Thread Group 1-269,text,true,320,809,809,105431
1435133094576,118404,Learn,200,OK,Thread Group 1-678,text,true,320,809,809,45582
1435133092383,120581,Learn,200,OK,Thread Group 1-474,text,true,320,809,809,74749
1435133098094,114921,Learn,200,OK,Thread Group 1-997,text,true,320,809,809,7525
1435133098125,114890,Learn,200,OK,Thread Group 1-1000,text,true,320,809,809,7494
1435133097744,115271,Learn,200,OK,Thread Group 1-964,text,true,320,809,809,7892
1435133097825,115190,Learn,200,OK,Thread Group 1-972,text,true,320,809,809,7809
1435133097990,115025,Learn,200,OK,Thread Group 1-988,text,true,320,809,809,7632
1435133098063,114951,Learn,200,OK,Thread Group 1-994,text,true,320,809,809,7558
1435133097611,115403,Learn,200,OK,Thread Group 1-951,text,true,320,809,809,8037
1435133098104,114910,Learn,200,OK,Thread Group 1-998,text,true,320,809,809,7515
1435133097949,115065,Learn,200,OK,Thread Group 1-984,text,true,320,809,809,7674
1435133098114,114900,Learn,200,OK,Thread Group 1-999,text,true,320,809,809,7505
1435133097539,115475,Learn,200,OK,Thread Group 1-944,text,true,320,809,809,8111
1435133097478,115536,Learn,200,OK,Thread Group 1-938,text,true,320,809,809,8173
1435133097509,115505,Learn,200,OK,Thread Group 1-941,text,true,320,809,809,8141
1435133097897,115117,Learn,200,OK,Thread Group 1-979,text,true,320,809,809,7735
1435133097662,115352,Learn,200,OK,Thread Group 1-956,text,true,320,809,809,7976
1435133097652,115362,Learn,200,OK,Thread Group 1-955,text,true,320,809,809,7987
1435133097928,115086,Learn,200,OK,Thread Group 1-982,text,true,320,809,809,7704
1435133097621,115393,Learn,200,OK,Thread Group 1-952,text,true,320,809,809,8026
1435133097580,115434,Learn,200,OK,Thread Group 1-948,text,true,320,809,809,8068
1435133097867,115147,Learn,200,OK,Thread Group 1-976,text,true,320,809,809,7766
1435133097529,115485,Learn,200,OK,Thread Group 1-943,text,true,320,809,809,8121
1435133097857,115157,Learn,200,OK,Thread Group 1-975,text,true,320,809,809,7776
1435133097519,115495,Learn,200,OK,Thread Group 1-942,text,true,320,809,809,8131
1435133097498,115516,Learn,200,OK,Thread Group 1-940,text,true,320,809,809,8153
1435133097795,115219,Learn,200,OK,Thread Group 1-969,text,true,320,809,809,7840
1435133097560,115454,Learn,200,OK,Thread Group 1-946,text,true,320,809,809,8089
1435133097672,115342,Learn,200,OK,Thread Group 1-957,text,true,320,809,809,7966
1435133097774,115240,Learn,200,OK,Thread Group 1-967,text,true,320,809,809,7862
1435133097487,115526,Learn,200,OK,Thread Group 1-939,text,true,320,809,809,8164
1435133097590,115423,Learn,200,OK,Thread Group 1-949,text,true,320,809,809,8058
1435133097908,115105,Learn,200,OK,Thread Group 1-980,text,true,320,809,809,7724
1435133097601,115412,Learn,200,OK,Thread Group 1-950,text,true,320,809,809,8047
1435133097886,115127,Learn,200,OK,Thread Group 1-978,text,true,320,809,809,7747
1435133097642,115371,Learn,200,OK,Thread Group 1-954,text,true,320,809,809,7997
1435133098000,115013,Learn,200,OK,Thread Group 1-989,text,true,320,809,809,7622
1435133097734,115279,Learn,200,OK,Thread Group 1-963,text,true,320,809,809,7903
1435133097724,115289,Learn,200,OK,Thread Group 1-962,text,true,320,809,809,7913
1435133097785,115228,Learn,200,OK,Thread Group 1-968,text,true,320,809,809,7850
1435133097815,115198,Learn,200,OK,Thread Group 1-971,text,true,320,809,809,7819
1435133098033,114980,Learn,200,OK,Thread Group 1-991,text,true,320,809,809,7588
1435133098043,114970,Learn,200,OK,Thread Group 1-992,text,true,320,809,809,7578
1435133098022,114991,Learn,200,OK,Thread Group 1-990,text,true,320,809,809,7600
1435133097805,115208,Learn,200,OK,Thread Group 1-970,text,true,320,809,809,7830
1435133097846,115167,Learn,200,OK,Thread Group 1-974,text,true,320,809,809,7788
1435133097938,115075,Learn,200,OK,Thread Group 1-983,text,true,320,809,809,7693
1435133097550,115463,Learn,200,OK,Thread Group 1-945,text,true,320,809,809,8099
1435133097468,115545,Learn,200,OK,Thread Group 1-937,text,true,320,809,809,8183
1435133097877,115136,Learn,200,OK,Thread Group 1-977,text,true,320,809,809,7756
1435133098072,114941,Learn,200,OK,Thread Group 1-995,text,true,320,809,809,7548
1435133097836,115177,Learn,200,OK,Thread Group 1-973,text,true,320,809,809,7798
1435133097569,115443,Learn,200,OK,Thread Group 1-947,text,true,320,809,809,8080
1435133097435,115577,Learn,200,OK,Thread Group 1-935,text,true,320,809,809,8217
1435133097682,115330,Learn,200,OK,Thread Group 1-958,text,true,320,809,809,7956
1435133097959,115053,Learn,200,OK,Thread Group 1-985,text,true,320,809,809,7664
1435133097713,115299,Learn,200,OK,Thread Group 1-961,text,true,320,809,809,7924
1435133097979,115033,Learn,200,OK,Thread Group 1-987,text,true,320,809,809,7643
1435133098053,114959,Learn,200,OK,Thread Group 1-993,text,true,320,809,809,7568
1435133097918,115094,Learn,200,OK,Thread Group 1-981,text,true,320,809,809,7714
1435133098083,114929,Learn,200,OK,Thread Group 1-996,text,true,320,809,809,7537
1435133097764,115248,Learn,200,OK,Thread Group 1-966,text,true,320,809,809,7872
1435133097703,115309,Learn,200,OK,Thread Group 1-960,text,true,320,809,809,7934
1435133097631,115381,Learn,200,OK,Thread Group 1-953,text,true,320,809,809,8008
1435133097754,115258,Learn,200,OK,Thread Group 1-965,text,true,320,809,809,7882
1435133097693,115319,Learn,200,OK,Thread Group 1-959,text,true,320,809,809,7945
1435133097969,115043,Learn,200,OK,Thread Group 1-986,text,true,320,809,809,7654
1435133097444,115568,Learn,200,OK,Thread Group 1-936,text,true,320,809,809,8208
1435133097422,115590,Learn,200,OK,Thread Group 1-934,text,true,320,809,809,8479
1435133097413,115599,Learn,200,OK,Thread Group 1-933,text,true,320,809,809,8623
1435133097403,115609,Learn,200,OK,Thread Group 1-932,text,true,320,809,809,8781
1435133097387,115625,Learn,200,OK,Thread Group 1-931,text,true,320,809,809,8947
1435133097377,115635,Learn,200,OK,Thread Group 1-930,text,true,320,809,809,9109
1435133097367,115645,Learn,200,OK,Thread Group 1-929,text,true,320,809,809,9281
1435133097347,115665,Learn,200,OK,Thread Group 1-928,text,true,320,809,809,9447
1435133097336,115675,Learn,200,OK,Thread Group 1-927,text,true,320,809,809,9603
1435133097324,115687,Learn,200,OK,Thread Group 1-926,text,true,320,809,809,9762
1435133097302,115709,Learn,200,OK,Thread Group 1-924,text,true,320,809,809,9927
1435133097312,115699,Learn,200,OK,Thread Group 1-925,text,true,320,809,809,9917
1435133097283,115728,Learn,200,OK,Thread Group 1-923,text,true,320,809,809,10090
1435133097273,115738,Learn,200,OK,Thread Group 1-922,text,true,320,809,809,10244
1435133097262,115749,Learn,200,OK,Thread Group 1-921,text,true,320,809,809,10400
1435133097229,115782,Learn,200,OK,Thread Group 1-920,text,true,320,809,809,10578
1435133097210,115801,Learn,200,OK,Thread Group 1-919,text,true,320,809,809,10742
1435133097209,115802,Learn,200,OK,Thread Group 1-918,text,true,320,809,809,10887
1435133097187,115824,Learn,200,OK,Thread Group 1-917,text,true,320,809,809,11054
1435133097164,115847,Learn,200,OK,Thread Group 1-915,text,true,320,809,809,11221
1435133097174,115837,Learn,200,OK,Thread Group 1-916,text,true,320,809,809,11212
1435133097153,115858,Learn,200,OK,Thread Group 1-914,text,true,320,809,809,11381
1435133097132,115879,Learn,200,OK,Thread Group 1-913,text,true,320,809,809,11544
1435133097125,115886,Learn,200,OK,Thread Group 1-912,text,true,320,809,809,11695
1435133097110,115901,Learn,200,OK,Thread Group 1-911,text,true,320,809,809,11862
1435133097099,115912,Learn,200,OK,Thread Group 1-910,text,true,320,809,809,12019
1435133097076,115935,Learn,200,OK,Thread Group 1-909,text,true,320,809,809,12188
1435133097049,115962,Learn,200,OK,Thread Group 1-908,text,true,320,809,809,12360
1435133097035,115976,Learn,200,OK,Thread Group 1-907,text,true,320,809,809,12519
1435133097024,115987,Learn,200,OK,Thread Group 1-906,text,true,320,809,809,12531
1435133097014,115996,Learn,200,OK,Thread Group 1-905,text,true,320,809,809,12693
1435133097004,116006,Learn,200,OK,Thread Group 1-904,text,true,320,809,809,12847
1435133096983,116027,Learn,200,OK,Thread Group 1-903,text,true,320,809,809,13012
1435133096972,116038,Learn,200,OK,Thread Group 1-902,text,true,320,809,809,13167
1435133096962,116048,Learn,200,OK,Thread Group 1-901,text,true,320,809,809,13322
1435133096950,116060,Learn,200,OK,Thread Group 1-900,text,true,320,809,809,13483
1435133096940,116070,Learn,200,OK,Thread Group 1-899,text,true,320,809,809,13633
1435133096931,116079,Learn,200,OK,Thread Group 1-898,text,true,320,809,809,13786
1435133096920,116090,Learn,200,OK,Thread Group 1-897,text,true,320,809,809,13941
1435133096899,116111,Learn,200,OK,Thread Group 1-895,text,true,320,809,809,14107
1435133096910,116100,Learn,200,OK,Thread Group 1-896,text,true,320,809,809,14096
1435133096889,116121,Learn,200,OK,Thread Group 1-894,text,true,320,809,809,14262
1435133096879,116131,Learn,200,OK,Thread Group 1-893,text,true,320,809,809,14469
1435133096869,116141,Learn,200,OK,Thread Group 1-892,text,true,320,809,809,14624
1435133096858,116152,Learn,200,OK,Thread Group 1-891,text,true,320,809,809,14780
1435133096848,116162,Learn,200,OK,Thread Group 1-890,text,true,320,809,809,14934
1435133096838,116172,Learn,200,OK,Thread Group 1-889,text,true,320,809,809,15088
1435133096828,116182,Learn,200,OK,Thread Group 1-888,text,true,320,809,809,15250
1435133096806,116204,Learn,200,OK,Thread Group 1-887,text,true,320,809,809,15416
1435133096795,116215,Learn,200,OK,Thread Group 1-886,text,true,320,809,809,15571
1435133096785,116225,Learn,200,OK,Thread Group 1-885,text,true,320,809,809,15725
1435133096764,116246,Learn,200,OK,Thread Group 1-883,text,true,320,809,809,15891
1435133096774,116235,Learn,200,OK,Thread Group 1-884,text,true,320,809,809,15881
1435133096754,116255,Learn,200,OK,Thread Group 1-882,text,true,320,809,809,16045
1435133096744,116265,Learn,200,OK,Thread Group 1-881,text,true,320,809,809,16203
1435133096733,116276,Learn,200,OK,Thread Group 1-880,text,true,320,809,809,16367
1435133096723,116286,Learn,200,OK,Thread Group 1-879,text,true,320,809,809,16535
1435133096712,116297,Learn,200,OK,Thread Group 1-878,text,true,320,809,809,16694
1435133096702,116307,Learn,200,OK,Thread Group 1-877,text,true,320,809,809,16851
1435133096692,116317,Learn,200,OK,Thread Group 1-876,text,true,320,809,809,17008
1435133096682,116327,Learn,200,OK,Thread Group 1-875,text,true,320,809,809,17165
1435133096672,116337,Learn,200,OK,Thread Group 1-874,text,true,320,809,809,17319
1435133096661,116348,Learn,200,OK,Thread Group 1-873,text,true,320,809,809,17475
1435133096652,116357,Learn,200,OK,Thread Group 1-872,text,true,320,809,809,17629
1435133096631,116378,Learn,200,OK,Thread Group 1-870,text,true,320,809,809,17794
1435133096641,116368,Learn,200,OK,Thread Group 1-871,text,true,320,809,809,17785
1435133096620,116389,Learn,200,OK,Thread Group 1-869,text,true,320,809,809,17950
1435133096610,116399,Learn,200,OK,Thread Group 1-868,text,true,320,809,809,18104
1435133096600,116409,Learn,200,OK,Thread Group 1-867,text,true,320,809,809,18258
1435133096579,116418,Learn,200,OK,Thread Group 1-865,text,true,320,809,809,18570
1435133096569,116428,Learn,200,OK,Thread Group 1-864,text,true,320,809,809,18726
1435133096559,116437,Learn,200,OK,Thread Group 1-863,text,true,320,809,809,18883
1435133096549,116447,Learn,200,OK,Thread Group 1-862,text,true,320,809,809,19040
1435133096538,116458,Learn,200,OK,Thread Group 1-861,text,true,320,809,809,19195
1435133096528,116468,Learn,200,OK,Thread Group 1-860,text,true,320,809,809,19350
1435133096518,116478,Learn,200,OK,Thread Group 1-859,text,true,320,809,809,19504
1435133096497,116499,Learn,200,OK,Thread Group 1-857,text,true,320,809,809,19670
1435133096508,116488,Learn,200,OK,Thread Group 1-858,text,true,320,809,809,19659
1435133096487,116509,Learn,200,OK,Thread Group 1-856,text,true,320,809,809,19826
1435133096477,116519,Learn,200,OK,Thread Group 1-855,text,true,320,809,809,19982
1435133096467,116529,Learn,200,OK,Thread Group 1-854,text,true,320,809,809,20138
1435133096457,116539,Learn,200,OK,Thread Group 1-853,text,true,320,809,809,20293
1435133096446,116550,Learn,200,OK,Thread Group 1-852,text,true,320,809,809,20451
1435133096436,116560,Learn,200,OK,Thread Group 1-851,text,true,320,809,809,20606
1435133096426,116570,Learn,200,OK,Thread Group 1-850,text,true,320,809,809,20763
1435133096416,116580,Learn,200,OK,Thread Group 1-849,text,true,320,809,809,20920
1435133096405,116591,Learn,200,OK,Thread Group 1-848,text,true,320,809,809,21085
1435133096395,116601,Learn,200,OK,Thread Group 1-847,text,true,320,809,809,21247
1435133096385,116611,Learn,200,OK,Thread Group 1-846,text,true,320,809,809,21402
1435133096374,116622,Learn,200,OK,Thread Group 1-845,text,true,320,809,809,21562
1435133096364,116632,Learn,200,OK,Thread Group 1-844,text,true,320,809,809,21573
1435133096353,116643,Learn,200,OK,Thread Group 1-843,text,true,320,809,809,21733
1435133096343,116653,Learn,200,OK,Thread Group 1-842,text,true,320,809,809,21885
1435133096325,116671,Learn,200,OK,Thread Group 1-841,text,true,320,809,809,22049
1435133096315,116680,Learn,200,OK,Thread Group 1-840,text,true,320,809,809,22205
1435133096304,116691,Learn,200,OK,Thread Group 1-839,text,true,320,809,809,22363
1435133096294,116701,Learn,200,OK,Thread Group 1-838,text,true,320,809,809,22521
1435133096284,116711,Learn,200,OK,Thread Group 1-837,text,true,320,809,809,22678
1435133096274,116721,Learn,200,OK,Thread Group 1-836,text,true,320,809,809,22836
1435133096263,116732,Learn,200,OK,Thread Group 1-835,text,true,320,809,809,22991
1435133096253,116742,Learn,200,OK,Thread Group 1-834,text,true,320,809,809,23147
1435133096215,116780,Learn,200,OK,Thread Group 1-832,text,true,320,809,809,23331
1435133096245,116750,Learn,200,OK,Thread Group 1-833,text,true,320,809,809,23301
1435133096204,116791,Learn,200,OK,Thread Group 1-831,text,true,320,809,809,23486
1435133096194,116801,Learn,200,OK,Thread Group 1-830,text,true,320,809,809,23641
1435133096184,116811,Learn,200,OK,Thread Group 1-829,text,true,320,809,809,23795
1435133096174,116821,Learn,200,OK,Thread Group 1-828,text,true,320,809,809,23951
1435133096163,116832,Learn,200,OK,Thread Group 1-827,text,true,320,809,809,24108
1435133096153,116842,Learn,200,OK,Thread Group 1-826,text,true,320,809,809,24267
1435133096143,116852,Learn,200,OK,Thread Group 1-825,text,true,320,809,809,24424
1435133096133,116862,Learn,200,OK,Thread Group 1-824,text,true,320,809,809,24581
1435133096122,116873,Learn,200,OK,Thread Group 1-823,text,true,320,809,809,24743
1435133096112,116883,Learn,200,OK,Thread Group 1-822,text,true,320,809,809,24908
1435133096092,116903,Learn,200,OK,Thread Group 1-820,text,true,320,809,809,25080
1435133096102,116893,Learn,200,OK,Thread Group 1-821,text,true,320,809,809,25070
1435133096081,116914,Learn,200,OK,Thread Group 1-819,text,true,320,809,809,25246
1435133096071,116924,Learn,200,OK,Thread Group 1-818,text,true,320,809,809,25413
1435133096060,116934,Learn,200,OK,Thread Group 1-817,text,true,320,809,809,25576
1435133096051,116943,Learn,200,OK,Thread Group 1-816,text,true,320,809,809,25740
1435133096040,116954,Learn,200,OK,Thread Group 1-815,text,true,320,809,809,25899
1435133096031,116963,Learn,200,OK,Thread Group 1-814,text,true,320,809,809,26054
1435133096020,116974,Learn,200,OK,Thread Group 1-813,text,true,320,809,809,26213
1435133096010,116984,Learn,200,OK,Thread Group 1-812,text,true,320,809,809,26374
1435133095999,116995,Learn,200,OK,Thread Group 1-811,text,true,320,809,809,26530
1435133095990,117004,Learn,200,OK,Thread Group 1-810,text,true,320,809,809,26687
1435133095979,117015,Learn,200,OK,Thread Group 1-809,text,true,320,809,809,26843
1435133095969,117025,Learn,200,OK,Thread Group 1-808,text,true,320,809,809,27000
1435133095948,117046,Learn,200,OK,Thread Group 1-806,text,true,320,809,809,27165
1435133095958,117036,Learn,200,OK,Thread Group 1-807,text,true,320,809,809,27155
1435133095938,117056,Learn,200,OK,Thread Group 1-805,text,true,320,809,809,27319
1435133095928,117066,Learn,200,OK,Thread Group 1-804,text,true,320,809,809,27473
1435133095917,117077,Learn,200,OK,Thread Group 1-803,text,true,320,809,809,27629
1435133095907,117087,Learn,200,OK,Thread Group 1-802,text,true,320,809,809,27784
1435133095897,117097,Learn,200,OK,Thread Group 1-801,text,true,320,809,809,27942
1435133095887,117107,Learn,200,OK,Thread Group 1-800,text,true,320,809,809,28098
1435133095876,117118,Learn,200,OK,Thread Group 1-799,text,true,320,809,809,28254
1435133095867,117127,Learn,200,OK,Thread Group 1-798,text,true,320,809,809,28407
1435133095856,117138,Learn,200,OK,Thread Group 1-797,text,true,320,809,809,28566
1435133095845,117149,Learn,200,OK,Thread Group 1-796,text,true,320,809,809,28723
1435133095835,117159,Learn,200,OK,Thread Group 1-795,text,true,320,809,809,28879
1435133095826,117168,Learn,200,OK,Thread Group 1-794,text,true,320,809,809,29034
1435133095815,117178,Learn,200,OK,Thread Group 1-793,text,true,320,809,809,29194
1435133095794,117199,Learn,200,OK,Thread Group 1-791,text,true,320,809,809,29365
1435133095805,117188,Learn,200,OK,Thread Group 1-792,text,true,320,809,809,29355
1435133095784,117209,Learn,200,OK,Thread Group 1-790,text,true,320,809,809,29522
1435133095764,117229,Learn,200,OK,Thread Group 1-789,text,true,320,809,809,29688
1435133095755,117238,Learn,200,OK,Thread Group 1-788,text,true,320,809,809,29843
1435133095744,117249,Learn,200,OK,Thread Group 1-787,text,true,320,809,809,29998
1435133095733,117260,Learn,200,OK,Thread Group 1-786,text,true,320,809,809,30154
1435133095721,117272,Learn,200,OK,Thread Group 1-785,text,true,320,809,809,30313
1435133095710,117283,Learn,200,OK,Thread Group 1-784,text,true,320,809,809,30474
1435133095698,117295,Learn,200,OK,Thread Group 1-783,text,true,320,809,809,30636
1435133095688,117305,Learn,200,OK,Thread Group 1-782,text,true,320,809,809,30799
1435133095678,117315,Learn,200,OK,Thread Group 1-781,text,true,320,809,809,30953
1435133095649,117344,Learn,200,OK,Thread Group 1-779,text,true,320,809,809,31126
1435133095667,117326,Learn,200,OK,Thread Group 1-780,text,true,320,809,809,31108
1435133095638,117355,Learn,200,OK,Thread Group 1-778,text,true,320,809,809,31280
1435133095628,117365,Learn,200,OK,Thread Group 1-777,text,true,320,809,809,31438
1435133095617,117376,Learn,200,OK,Thread Group 1-776,text,true,320,809,809,31589
1435133095607,117386,Learn,200,OK,Thread Group 1-775,text,true,320,809,809,31743
1435133095597,117396,Learn,200,OK,Thread Group 1-774,text,true,320,809,809,31897
1435133095587,117406,Learn,200,OK,Thread Group 1-773,text,true,320,809,809,32051
1435133095576,117417,Learn,200,OK,Thread Group 1-772,text,true,320,809,809,32206
1435133095567,117426,Learn,200,OK,Thread Group 1-771,text,true,320,809,809,32359
1435133095556,117436,Learn,200,OK,Thread Group 1-770,text,true,320,809,809,32514
1435133095546,117446,Learn,200,OK,Thread Group 1-769,text,true,320,809,809,32668
1435133095535,117457,Learn,200,OK,Thread Group 1-768,text,true,320,809,809,32823
1435133095525,117467,Learn,200,OK,Thread Group 1-767,text,true,320,809,809,32977
1435133095504,117488,Learn,200,OK,Thread Group 1-765,text,true,320,809,809,33142
1435133095515,117477,Learn,200,OK,Thread Group 1-766,text,true,320,809,809,33131
1435133095494,117498,Learn,200,OK,Thread Group 1-764,text,true,320,809,809,33296
1435133095484,117508,Learn,200,OK,Thread Group 1-763,text,true,320,809,809,33450
1435133095473,117519,Learn,200,OK,Thread Group 1-762,text,true,320,809,809,33606
1435133095464,117528,Learn,200,OK,Thread Group 1-761,text,true,320,809,809,33759
1435133095453,117539,Learn,200,OK,Thread Group 1-760,text,true,320,809,809,33914
1435133095443,117549,Learn,200,OK,Thread Group 1-759,text,true,320,809,809,34068
1435133095432,117560,Learn,200,OK,Thread Group 1-758,text,true,320,809,809,34222
1435133095423,117569,Learn,200,OK,Thread Group 1-757,text,true,320,809,809,34375
1435133095412,117580,Learn,200,OK,Thread Group 1-756,text,true,320,809,809,34529
1435133095402,117590,Learn,200,OK,Thread Group 1-755,text,true,320,809,809,34683
1435133095391,117601,Learn,200,OK,Thread Group 1-754,text,true,320,809,809,34838
1435133095382,117610,Learn,200,OK,Thread Group 1-753,text,true,320,809,809,34991
1435133095361,117631,Learn,200,OK,Thread Group 1-751,text,true,320,809,809,35156
1435133095371,117621,Learn,200,OK,Thread Group 1-752,text,true,320,809,809,35147
1435133095350,117642,Learn,200,OK,Thread Group 1-750,text,true,320,809,809,35311
1435133095328,117664,Learn,200,OK,Thread Group 1-749,text,true,320,809,809,35477
1435133095318,117674,Learn,200,OK,Thread Group 1-748,text,true,320,809,809,35630
1435133095307,117684,Learn,200,OK,Thread Group 1-747,text,true,320,809,809,35785
1435133095298,117693,Learn,200,OK,Thread Group 1-746,text,true,320,809,809,35938
1435133095287,117704,Learn,200,OK,Thread Group 1-745,text,true,320,809,809,36092
1435133095277,117714,Learn,200,OK,Thread Group 1-744,text,true,320,809,809,36246
1435133095266,117725,Learn,200,OK,Thread Group 1-743,text,true,320,809,809,36401
1435133095257,117734,Learn,200,OK,Thread Group 1-742,text,true,320,809,809,36554
1435133095246,117745,Learn,200,OK,Thread Group 1-741,text,true,320,809,809,36708
1435133095236,117755,Learn,200,OK,Thread Group 1-740,text,true,320,809,809,36862
1435133095216,117775,Learn,200,OK,Thread Group 1-738,text,true,320,809,809,37027
1435133095226,117765,Learn,200,OK,Thread Group 1-739,text,true,320,809,809,37017
1435133095205,117786,Learn,200,OK,Thread Group 1-737,text,true,320,809,809,37182
1435133095195,117796,Learn,200,OK,Thread Group 1-736,text,true,320,809,809,37337
1435133095184,117807,Learn,200,OK,Thread Group 1-735,text,true,320,809,809,37492
1435133095175,117816,Learn,200,OK,Thread Group 1-734,text,true,320,809,809,37645
1435133095164,117827,Learn,200,OK,Thread Group 1-733,text,true,320,809,809,37799
1435133095154,117837,Learn,200,OK,Thread Group 1-732,text,true,320,809,809,37952
1435133095143,117848,Learn,200,OK,Thread Group 1-731,text,true,320,809,809,38107
1435133095134,117857,Learn,200,OK,Thread Group 1-730,text,true,320,809,809,38260
1435133095123,117868,Learn,200,OK,Thread Group 1-729,text,true,320,809,809,38414
1435133095112,117879,Learn,200,OK,Thread Group 1-728,text,true,320,809,809,38569
1435133095102,117889,Learn,200,OK,Thread Group 1-727,text,true,320,809,809,38722
1435133095093,117898,Learn,200,OK,Thread Group 1-726,text,true,320,809,809,38875
1435133095072,117919,Learn,200,OK,Thread Group 1-724,text,true,320,809,809,39040
1435133095082,117908,Learn,200,OK,Thread Group 1-725,text,true,320,809,809,39031
1435133095061,117929,Learn,200,OK,Thread Group 1-723,text,true,320,809,809,39195
1435133095052,117938,Learn,200,OK,Thread Group 1-722,text,true,320,809,809,39347
1435133095041,117949,Learn,200,OK,Thread Group 1-721,text,true,320,809,809,39502
1435133095030,117960,Learn,200,OK,Thread Group 1-720,text,true,320,809,809,39658
1435133095020,117970,Learn,200,OK,Thread Group 1-719,text,true,320,809,809,39812
1435133095008,117982,Learn,200,OK,Thread Group 1-718,text,true,320,809,809,39967
1435133094997,117993,Learn,200,OK,Thread Group 1-717,text,true,320,809,809,40124
1435133094986,118004,Learn,200,OK,Thread Group 1-716,text,true,320,809,809,40280
1435133094976,118014,Learn,200,OK,Thread Group 1-715,text,true,320,809,809,40435
1435133094966,118024,Learn,200,OK,Thread Group 1-714,text,true,320,809,809,40589
1435133094946,118044,Learn,200,OK,Thread Group 1-713,text,true,320,809,809,40752
1435133094925,118065,Learn,200,OK,Thread Group 1-711,text,true,320,809,809,40917
1435133094915,118075,Learn,200,OK,Thread Group 1-710,text,true,320,809,809,40927
1435133094936,118054,Learn,200,OK,Thread Group 1-712,text,true,320,809,809,40907
1435133094905,118085,Learn,200,OK,Thread Group 1-709,text,true,320,809,809,41082
1435133094895,118095,Learn,200,OK,Thread Group 1-708,text,true,320,809,809,41237
1435133094884,118106,Learn,200,OK,Thread Group 1-707,text,true,320,809,809,41391
1435133094874,118116,Learn,200,OK,Thread Group 1-706,text,true,320,809,809,41545
1435133094864,118126,Learn,200,OK,Thread Group 1-705,text,true,320,809,809,41699
1435133094854,118136,Learn,200,OK,Thread Group 1-704,text,true,320,809,809,41852
1435133094843,118147,Learn,200,OK,Thread Group 1-703,text,true,320,809,809,42007
1435133094833,118157,Learn,200,OK,Thread Group 1-702,text,true,320,809,809,42160
1435133094824,118165,Learn,200,OK,Thread Group 1-701,text,true,320,809,809,42313
1435133094814,118175,Learn,200,OK,Thread Group 1-700,text,true,320,809,809,42467
1435133094803,118186,Learn,200,OK,Thread Group 1-699,text,true,320,809,809,42621
1435133094793,118196,Learn,200,OK,Thread Group 1-698,text,true,320,809,809,42774
1435133094773,118216,Learn,200,OK,Thread Group 1-696,text,true,320,809,809,42938
1435133094783,118206,Learn,200,OK,Thread Group 1-697,text,true,320,809,809,42927
1435133094762,118227,Learn,200,OK,Thread Group 1-695,text,true,320,809,809,43093
1435133094752,118237,Learn,200,OK,Thread Group 1-694,text,true,320,809,809,43246
1435133094742,118247,Learn,200,OK,Thread Group 1-693,text,true,320,809,809,43400
1435133094732,118257,Learn,200,OK,Thread Group 1-692,text,true,320,809,809,43554
1435133094721,118268,Learn,200,OK,Thread Group 1-691,text,true,320,809,809,43709
1435133094711,118278,Learn,200,OK,Thread Group 1-690,text,true,320,809,809,43862
1435133094701,118288,Learn,200,OK,Thread Group 1-689,text,true,320,809,809,44016
1435133094691,118298,Learn,200,OK,Thread Group 1-688,text,true,320,809,809,44170
1435133094680,118309,Learn,200,OK,Thread Group 1-687,text,true,320,809,809,44326
1435133094658,118331,Learn,200,OK,Thread Group 1-686,text,true,320,809,809,44492
1435133094637,118352,Learn,200,OK,Thread Group 1-684,text,true,320,809,809,44657
1435133094648,118341,Learn,200,OK,Thread Group 1-685,text,true,320,809,809,44647
1435133094627,118362,Learn,200,OK,Thread Group 1-683,text,true,320,809,809,44812
1435133094617,118372,Learn,200,OK,Thread Group 1-682,text,true,320,809,809,44965
1435133094607,118382,Learn,200,OK,Thread Group 1-681,text,true,320,809,809,45120
1435133094596,118393,Learn,200,OK,Thread Group 1-680,text,true,320,809,809,45274
1435133094586,118403,Learn,200,OK,Thread Group 1-679,text,true,320,809,809,45428
1435133094566,118414,Learn,200,OK,Thread Group 1-677,text,true,320,809,809,45736
1435133094555,118425,Learn,200,OK,Thread Group 1-676,text,true,320,809,809,45891
1435133094545,118435,Learn,200,OK,Thread Group 1-675,text,true,320,809,809,46045
1435133094535,118445,Learn,200,OK,Thread Group 1-674,text,true,320,809,809,46199
1435133094525,118455,Learn,200,OK,Thread Group 1-673,text,true,320,809,809,46352
1435133094514,118466,Learn,200,OK,Thread Group 1-672,text,true,320,809,809,46506
1435133094504,118476,Learn,200,OK,Thread Group 1-671,text,true,320,809,809,46661
1435133094494,118486,Learn,200,OK,Thread Group 1-670,text,true,320,809,809,46816
1435133094483,118497,Learn,200,OK,Thread Group 1-669,text,true,320,809,809,46827
1435133094473,118507,Learn,200,OK,Thread Group 1-668,text,true,320,809,809,46981
1435133094463,118517,Learn,200,OK,Thread Group 1-667,text,true,320,809,809,47135
1435133094453,118527,Learn,200,OK,Thread Group 1-666,text,true,320,809,809,47289
1435133094442,118538,Learn,200,OK,Thread Group 1-665,text,true,320,809,809,47443
1435133094431,118549,Learn,200,OK,Thread Group 1-664,text,true,320,809,809,47598
1435133094421,118559,Learn,200,OK,Thread Group 1-663,text,true,320,809,809,47751
1435133094412,118568,Learn,200,OK,Thread Group 1-662,text,true,320,809,809,47903
1435133094401,118579,Learn,200,OK,Thread Group 1-661,text,true,320,809,809,48058
1435133094390,118590,Learn,200,OK,Thread Group 1-660,text,true,320,809,809,48212
1435133094380,118600,Learn,200,OK,Thread Group 1-659,text,true,320,809,809,48365
1435133094371,118609,Learn,200,OK,Thread Group 1-658,text,true,320,809,809,48518
1435133094360,118620,Learn,200,OK,Thread Group 1-657,text,true,320,809,809,48673
1435133094347,118632,Learn,200,OK,Thread Group 1-656,text,true,320,809,809,48686
1435133094336,118643,Learn,200,OK,Thread Group 1-655,text,true,320,809,809,48841
1435133094326,118653,Learn,200,OK,Thread Group 1-654,text,true,320,809,809,48995
1435133094317,118662,Learn,200,OK,Thread Group 1-653,text,true,320,809,809,49147
1435133094306,118673,Learn,200,OK,Thread Group 1-652,text,true,320,809,809,49302
1435133094295,118684,Learn,200,OK,Thread Group 1-651,text,true,320,809,809,49456
1435133094278,118701,Learn,200,OK,Thread Group 1-650,text,true,320,809,809,49617
1435133094267,118712,Learn,200,OK,Thread Group 1-649,text,true,320,809,809,49772
1435133094257,118722,Learn,200,OK,Thread Group 1-648,text,true,320,809,809,49925
1435133094247,118732,Learn,200,OK,Thread Group 1-647,text,true,320,809,809,50078
1435133094237,118742,Learn,200,OK,Thread Group 1-646,text,true,320,809,809,50232
1435133094226,118753,Learn,200,OK,Thread Group 1-645,text,true,320,809,809,50386
1435133094215,118764,Learn,200,OK,Thread Group 1-644,text,true,320,809,809,50541
1435133094196,118783,Learn,200,OK,Thread Group 1-642,text,true,320,809,809,50704
1435133094206,118773,Learn,200,OK,Thread Group 1-643,text,true,320,809,809,50694
1435133094185,118794,Learn,200,OK,Thread Group 1-641,text,true,320,809,809,50859
1435133094174,118805,Learn,200,OK,Thread Group 1-640,text,true,320,809,809,51013
1435133094164,118815,Learn,200,OK,Thread Group 1-639,text,true,320,809,809,51167
1435133094155,118824,Learn,200,OK,Thread Group 1-638,text,true,320,809,809,51320
1435133094144,118835,Learn,200,OK,Thread Group 1-637,text,true,320,809,809,51475
1435133094133,118846,Learn,200,OK,Thread Group 1-636,text,true,320,809,809,51629
1435133094124,118855,Learn,200,OK,Thread Group 1-635,text,true,320,809,809,51782
1435133094114,118865,Learn,200,OK,Thread Group 1-634,text,true,320,809,809,51935
1435133094103,118876,Learn,200,OK,Thread Group 1-633,text,true,320,809,809,52089
1435133094092,118887,Learn,200,OK,Thread Group 1-632,text,true,320,809,809,52243
1435133094081,118898,Learn,200,OK,Thread Group 1-631,text,true,320,809,809,52398
1435133094071,118907,Learn,200,OK,Thread Group 1-630,text,true,320,809,809,52552
1435133094051,118927,Learn,200,OK,Thread Group 1-628,text,true,320,809,809,52718
1435133094062,118916,Learn,200,OK,Thread Group 1-629,text,true,320,809,809,52707
1435133094040,118938,Learn,200,OK,Thread Group 1-627,text,true,320,809,809,52872
1435133094030,118948,Learn,200,OK,Thread Group 1-626,text,true,320,809,809,53026
1435133094021,118957,Learn,200,OK,Thread Group 1-625,text,true,320,809,809,53178
1435133094010,118968,Learn,200,OK,Thread Group 1-624,text,true,320,809,809,53332
1435133093999,118979,Learn,200,OK,Thread Group 1-623,text,true,320,809,809,53486
1435133093980,118998,Learn,200,OK,Thread Group 1-622,text,true,320,809,809,53649
1435133093970,119008,Learn,200,OK,Thread Group 1-621,text,true,320,809,809,53802
1435133093960,119018,Learn,200,OK,Thread Group 1-620,text,true,320,809,809,53955
1435133093950,119028,Learn,200,OK,Thread Group 1-619,text,true,320,809,809,54108
1435133093939,119039,Learn,200,OK,Thread Group 1-618,text,true,320,809,809,54262
1435133093929,119049,Learn,200,OK,Thread Group 1-617,text,true,320,809,809,54416
1435133093910,119068,Learn,200,OK,Thread Group 1-615,text,true,320,809,809,54579
1435133093919,119059,Learn,200,OK,Thread Group 1-616,text,true,320,809,809,54570
1435133093899,119079,Learn,200,OK,Thread Group 1-614,text,true,320,809,809,54733
1435133093888,119090,Learn,200,OK,Thread Group 1-613,text,true,320,809,809,54887
1435133093879,119099,Learn,200,OK,Thread Group 1-612,text,true,320,809,809,55040
1435133093868,119110,Learn,200,OK,Thread Group 1-611,text,true,320,809,809,55195
1435133093858,119120,Learn,200,OK,Thread Group 1-610,text,true,320,809,809,55348
1435133093847,119131,Learn,200,OK,Thread Group 1-609,text,true,320,809,809,55502
1435133093838,119140,Learn,200,OK,Thread Group 1-608,text,true,320,809,809,55654
1435133093827,119151,Learn,200,OK,Thread Group 1-607,text,true,320,809,809,55809
1435133093817,119161,Learn,200,OK,Thread Group 1-606,text,true,320,809,809,55962
1435133093811,119166,Learn,200,OK,Thread Group 1-605,text,true,320,809,809,56112
1435133093797,119180,Learn,200,OK,Thread Group 1-604,text,true,320,809,809,56269
1435133093786,119191,Learn,200,OK,Thread Group 1-603,text,true,320,809,809,56423
1435133093765,119212,Learn,200,OK,Thread Group 1-601,text,true,320,809,809,56588
1435133093778,119199,Learn,200,OK,Thread Group 1-602,text,true,320,809,809,56575
1435133093756,119221,Learn,200,OK,Thread Group 1-600,text,true,320,809,809,56741
1435133093745,119232,Learn,200,OK,Thread Group 1-599,text,true,320,809,809,56895
1435133093734,119243,Learn,200,OK,Thread Group 1-598,text,true,320,809,809,57049
1435133093725,119252,Learn,200,OK,Thread Group 1-597,text,true,320,809,809,57202
1435133093715,119262,Learn,200,OK,Thread Group 1-596,text,true,320,809,809,57355
1435133093704,119273,Learn,200,OK,Thread Group 1-595,text,true,320,809,809,57509
1435133093693,119284,Learn,200,OK,Thread Group 1-594,text,true,320,809,809,57663
1435133093684,119293,Learn,200,OK,Thread Group 1-593,text,true,320,809,809,57816
1435133093660,119317,Learn,200,OK,Thread Group 1-592,text,true,320,809,809,57984
1435133093650,119327,Learn,200,OK,Thread Group 1-591,text,true,320,809,809,58137
1435133093640,119337,Learn,200,OK,Thread Group 1-590,text,true,320,809,809,58290
1435133093629,119348,Learn,200,OK,Thread Group 1-589,text,true,320,809,809,58444
1435133093619,119358,Learn,200,OK,Thread Group 1-588,text,true,320,809,809,58455
1435133093607,119370,Learn,200,OK,Thread Group 1-587,text,true,320,809,809,58610
1435133093593,119384,Learn,200,OK,Thread Group 1-586,text,true,320,809,809,58769
1435133093582,119395,Learn,200,OK,Thread Group 1-585,text,true,320,809,809,58923
1435133093563,119414,Learn,200,OK,Thread Group 1-584,text,true,320,809,809,59086
1435133093554,119423,Learn,200,OK,Thread Group 1-583,text,true,320,809,809,59239
1435133093543,119434,Learn,200,OK,Thread Group 1-582,text,true,320,809,809,59393
1435133093532,119445,Learn,200,OK,Thread Group 1-581,text,true,320,809,809,59549
1435133093521,119456,Learn,200,OK,Thread Group 1-580,text,true,320,809,809,59704
1435133093510,119466,Learn,200,OK,Thread Group 1-579,text,true,320,809,809,59859
1435133093453,119523,Learn,200,OK,Thread Group 1-576,text,true,320,809,809,60060
1435133093473,119503,Learn,200,OK,Thread Group 1-577,text,true,320,809,809,60039
1435133093486,119490,Learn,200,OK,Thread Group 1-578,text,true,320,809,809,60027
1435133093441,119535,Learn,200,OK,Thread Group 1-575,text,true,320,809,809,60217
1435133093432,119544,Learn,200,OK,Thread Group 1-574,text,true,320,809,809,60370
1435133093421,119555,Learn,200,OK,Thread Group 1-573,text,true,320,809,809,60524
1435133093411,119565,Learn,200,OK,Thread Group 1-572,text,true,320,809,809,60677
1435133093400,119576,Learn,200,OK,Thread Group 1-571,text,true,320,809,809,60832
1435133093391,119585,Learn,200,OK,Thread Group 1-570,text,true,320,809,809,60983
1435133093380,119596,Learn,200,OK,Thread Group 1-569,text,true,320,809,809,61138
1435133093369,119607,Learn,200,OK,Thread Group 1-568,text,true,320,809,809,61292
1435133093369,119607,Learn,200,OK,Thread Group 1-567,text,true,320,809,809,61435
1435133093348,119628,Learn,200,OK,Thread Group 1-566,text,true,320,809,809,61600
1435133093330,119646,Learn,200,OK,Thread Group 1-564,text,true,320,809,809,61762
1435133093345,119631,Learn,200,OK,Thread Group 1-565,text,true,320,809,809,61747
1435133093319,119657,Learn,200,OK,Thread Group 1-563,text,true,320,809,809,61916
1435133093307,119669,Learn,200,OK,Thread Group 1-562,text,true,320,809,809,62072
1435133093297,119679,Learn,200,OK,Thread Group 1-561,text,true,320,809,809,62225
1435133093287,119689,Learn,200,OK,Thread Group 1-560,text,true,320,809,809,62379
1435133093276,119700,Learn,200,OK,Thread Group 1-559,text,true,320,809,809,62533
1435133093265,119711,Learn,200,OK,Thread Group 1-558,text,true,320,809,809,62687
1435133093256,119720,Learn,200,OK,Thread Group 1-557,text,true,320,809,809,62840
1435133093246,119730,Learn,200,OK,Thread Group 1-556,text,true,320,809,809,62993
1435133093235,119741,Learn,200,OK,Thread Group 1-555,text,true,320,809,809,63148
1435133093225,119750,Learn,200,OK,Thread Group 1-554,text,true,320,809,809,63302
1435133093216,119759,Learn,200,OK,Thread Group 1-553,text,true,320,809,809,63455
1435133093195,119780,Learn,200,OK,Thread Group 1-552,text,true,320,809,809,63619
1435133093186,119789,Learn,200,OK,Thread Group 1-551,text,true,320,809,809,63772
1435133093176,119799,Learn,200,OK,Thread Group 1-550,text,true,320,809,809,63782
1435133093164,119811,Learn,200,OK,Thread Group 1-549,text,true,320,809,809,63938
1435133093154,119821,Learn,200,OK,Thread Group 1-548,text,true,320,809,809,64091
1435133093145,119830,Learn,200,OK,Thread Group 1-547,text,true,320,809,809,64244
1435133093134,119841,Learn,200,OK,Thread Group 1-546,text,true,320,809,809,64398
1435133093123,119852,Learn,200,OK,Thread Group 1-545,text,true,320,809,809,64552
1435133093114,119861,Learn,200,OK,Thread Group 1-544,text,true,320,809,809,64705
1435133093106,119869,Learn,200,OK,Thread Group 1-543,text,true,320,809,809,64856
1435133093092,119883,Learn,200,OK,Thread Group 1-542,text,true,320,809,809,65013
1435133093086,119889,Learn,200,OK,Thread Group 1-541,text,true,320,809,809,65163
1435133093069,119906,Learn,200,OK,Thread Group 1-540,text,true,320,809,809,65323
1435133093065,119910,Learn,200,OK,Thread Group 1-539,text,true,320,809,809,65471
1435133093049,119926,Learn,200,OK,Thread Group 1-538,text,true,320,809,809,65630
1435133093028,119947,Learn,200,OK,Thread Group 1-536,text,true,320,809,809,65795
1435133093038,119937,Learn,200,OK,Thread Group 1-537,text,true,320,809,809,65785
1435133093023,119952,Learn,200,OK,Thread Group 1-535,text,true,320,809,809,65943
1435133092999,119976,Learn,200,OK,Thread Group 1-534,text,true,320,809,809,66110
1435133092989,119986,Learn,200,OK,Thread Group 1-533,text,true,320,809,809,66263
1435133092978,119997,Learn,200,OK,Thread Group 1-532,text,true,320,809,809,66417
1435133092968,120007,Learn,200,OK,Thread Group 1-531,text,true,320,809,809,66571
1435133092959,120016,Learn,200,OK,Thread Group 1-530,text,true,320,809,809,66724
1435133092948,120026,Learn,200,OK,Thread Group 1-529,text,true,320,809,809,66878
1435133092937,120037,Learn,200,OK,Thread Group 1-528,text,true,320,809,809,67032
1435133092928,120046,Learn,200,OK,Thread Group 1-527,text,true,320,809,809,67184
1435133092917,120057,Learn,200,OK,Thread Group 1-526,text,true,320,809,809,67338
1435133092906,120068,Learn,200,OK,Thread Group 1-525,text,true,320,809,809,67494
1435133092886,120088,Learn,200,OK,Thread Group 1-523,text,true,320,809,809,67658
1435133092896,120078,Learn,200,OK,Thread Group 1-524,text,true,320,809,809,67649
1435133092875,120099,Learn,200,OK,Thread Group 1-522,text,true,320,809,809,67813
1435133092864,120110,Learn,200,OK,Thread Group 1-521,text,true,320,809,809,67967
1435133092854,120120,Learn,200,OK,Thread Group 1-520,text,true,320,809,809,68121
1435133092845,120129,Learn,200,OK,Thread Group 1-519,text,true,320,809,809,68274
1435133092835,120139,Learn,200,OK,Thread Group 1-518,text,true,320,809,809,68431
1435133092823,120151,Learn,200,OK,Thread Group 1-517,text,true,320,809,809,68586
1435133092821,120153,Learn,200,OK,Thread Group 1-512,text,true,320,809,809,68732
1435133092814,120160,Learn,200,OK,Thread Group 1-516,text,true,320,809,809,68883
1435133092804,120170,Learn,200,OK,Thread Group 1-515,text,true,320,809,809,69036
1435133092793,120181,Learn,200,OK,Thread Group 1-514,text,true,320,809,809,69191
1435133092783,120191,Learn,200,OK,Thread Group 1-513,text,true,320,809,809,69345
1435133092763,120211,Learn,200,OK,Thread Group 1-511,text,true,320,809,809,69509
1435133092753,120221,Learn,200,OK,Thread Group 1-510,text,true,320,809,809,69662
1435133092743,120231,Learn,200,OK,Thread Group 1-509,text,true,320,809,809,69673
1435133092733,120241,Learn,200,OK,Thread Group 1-508,text,true,320,809,809,69826
1435133092722,120252,Learn,200,OK,Thread Group 1-507,text,true,320,809,809,69981
1435133092712,120262,Learn,200,OK,Thread Group 1-506,text,true,320,809,809,70134
1435133092702,120272,Learn,200,OK,Thread Group 1-505,text,true,320,809,809,70287
1435133092692,120281,Learn,200,OK,Thread Group 1-504,text,true,320,809,809,70443
1435133092682,120291,Learn,200,OK,Thread Group 1-503,text,true,320,809,809,70596
1435133092672,120301,Learn,200,OK,Thread Group 1-502,text,true,320,809,809,70748
1435133092661,120312,Learn,200,OK,Thread Group 1-501,text,true,320,809,809,70902
1435133092654,120319,Learn,200,OK,Thread Group 1-500,text,true,320,809,809,71051
1435133092633,120340,Learn,200,OK,Thread Group 1-499,text,true,320,809,809,71215
1435133092624,120349,Learn,200,OK,Thread Group 1-498,text,true,320,809,809,71367
1435133092614,120359,Learn,200,OK,Thread Group 1-497,text,true,320,809,809,71521
1435133092604,120369,Learn,200,OK,Thread Group 1-496,text,true,320,809,809,71674
1435133092594,120379,Learn,200,OK,Thread Group 1-495,text,true,320,809,809,71684
1435133092584,120389,Learn,200,OK,Thread Group 1-494,text,true,320,809,809,71837
1435133092574,120399,Learn,200,OK,Thread Group 1-493,text,true,320,809,809,71990
1435133092564,120409,Learn,200,OK,Thread Group 1-492,text,true,320,809,809,72142
1435133092554,120419,Learn,200,OK,Thread Group 1-491,text,true,320,809,809,72295
1435133092544,120429,Learn,200,OK,Thread Group 1-490,text,true,320,809,809,72448
1435133092533,120440,Learn,200,OK,Thread Group 1-489,text,true,320,809,809,72602
1435133092522,120451,Learn,200,OK,Thread Group 1-488,text,true,320,809,809,72755
1435133092512,120461,Learn,200,OK,Thread Group 1-487,text,true,320,809,809,72908
1435133092502,120471,Learn,200,OK,Thread Group 1-486,text,true,320,809,809,73060
1435133092492,120481,Learn,200,OK,Thread Group 1-485,text,true,320,809,809,73213
1435133092482,120491,Learn,200,OK,Thread Group 1-484,text,true,320,809,809,73366
1435133092472,120501,Learn,200,OK,Thread Group 1-483,text,true,320,809,809,73518
1435133092462,120511,Learn,200,OK,Thread Group 1-482,text,true,320,809,809,73670
1435133092452,120521,Learn,200,OK,Thread Group 1-481,text,true,320,809,809,73681
1435133092442,120531,Learn,200,OK,Thread Group 1-480,text,true,320,809,809,73833
1435133092432,120540,Learn,200,OK,Thread Group 1-479,text,true,320,809,809,73986
1435133092423,120549,Learn,200,OK,Thread Group 1-478,text,true,320,809,809,74138
1435133092413,120559,Learn,200,OK,Thread Group 1-477,text,true,320,809,809,74291
1435133092403,120569,Learn,200,OK,Thread Group 1-476,text,true,320,809,809,74443
1435133092393,120579,Learn,200,OK,Thread Group 1-475,text,true,320,809,809,74596
1435133092373,120591,Learn,200,OK,Thread Group 1-473,text,true,320,809,809,74901
1435133092373,120591,Learn,200,OK,Thread Group 1-472,text,true,320,809,809,75044
1435133092353,120611,Learn,200,OK,Thread Group 1-471,text,true,320,809,809,75207
1435133092343,120621,Learn,200,OK,Thread Group 1-470,text,true,320,809,809,75360
1435133092333,120631,Learn,200,OK,Thread Group 1-469,text,true,320,809,809,75513
1435133092321,120643,Learn,200,OK,Thread Group 1-468,text,true,320,809,809,75668
1435133092291,120673,Learn,200,OK,Thread Group 1-465,text,true,320,809,809,75843
1435133092301,120663,Learn,200,OK,Thread Group 1-466,text,true,320,809,809,75833
1435133092311,120653,Learn,200,OK,Thread Group 1-467,text,true,320,809,809,75823
1435133092281,120683,Learn,200,OK,Thread Group 1-464,text,true,320,809,809,75996
1435133092272,120692,Learn,200,OK,Thread Group 1-463,text,true,320,809,809,76148
1435133092262,120702,Learn,200,OK,Thread Group 1-462,text,true,320,809,809,76301
1435133092252,120712,Learn,200,OK,Thread Group 1-461,text,true,320,809,809,76453
1435133092242,120722,Learn,200,OK,Thread Group 1-460,text,true,320,809,809,76606
1435133092232,120732,Learn,200,OK,Thread Group 1-459,text,true,320,809,809,76760
1435133092130,120834,Learn,200,OK,Thread Group 1-456,text,true,320,809,809,77005
1435133092222,120742,Learn,200,OK,Thread Group 1-458,text,true,320,809,809,76913
1435133092118,120845,Learn,200,OK,Thread Group 1-457,text,true,320,809,809,77160
1435133092067,120896,Learn,200,OK,Thread Group 1-455,text,true,320,809,809,77354
1435133092058,120905,Learn,200,OK,Thread Group 1-454,text,true,320,809,809,77505
1435133092048,120915,Learn,200,OK,Thread Group 1-453,text,true,320,809,809,77667
1435133092037,120926,Learn,200,OK,Thread Group 1-452,text,true,320,809,809,77830
1435133092017,120946,Learn,200,OK,Thread Group 1-450,text,true,320,809,809,78003
1435133092027,120936,Learn,200,OK,Thread Group 1-451,text,true,320,809,809,77993
1435133092006,120957,Learn,200,OK,Thread Group 1-449,text,true,320,809,809,78166
1435133091996,120967,Learn,200,OK,Thread Group 1-448,text,true,320,809,809,78328
1435133091986,120977,Learn,200,OK,Thread Group 1-447,text,true,320,809,809,78491
1435133091976,120987,Learn,200,OK,Thread Group 1-446,text,true,320,809,809,78654
1435133091964,120999,Learn,200,OK,Thread Group 1-445,text,true,320,809,809,78817
1435133091954,121009,Learn,200,OK,Thread Group 1-444,text,true,320,809,809,78979
1435133091943,121020,Learn,200,OK,Thread Group 1-443,text,true,320,809,809,79142
1435133091934,121029,Learn,200,OK,Thread Group 1-442,text,true,320,809,809,79303
1435133091923,121040,Learn,200,OK,Thread Group 1-441,text,true,320,809,809,79467
1435133091912,121051,Learn,200,OK,Thread Group 1-440,text,true,320,809,809,79630
1435133091903,121060,Learn,200,OK,Thread Group 1-439,text,true,320,809,809,79792
1435133091892,121071,Learn,200,OK,Thread Group 1-438,text,true,320,809,809,79955
1435133091878,121085,Learn,200,OK,Thread Group 1-436,text,true,320,809,809,80121
1435133091881,121082,Learn,200,OK,Thread Group 1-437,text,true,320,809,809,80119
1435133091862,121101,Learn,200,OK,Thread Group 1-435,text,true,320,809,809,80289
1435133091850,121113,Learn,200,OK,Thread Group 1-434,text,true,320,809,809,80454
1435133091840,121123,Learn,200,OK,Thread Group 1-433,text,true,320,809,809,80616
1435133091830,121133,Learn,200,OK,Thread Group 1-432,text,true,320,809,809,80778
1435133091819,121143,Learn,200,OK,Thread Group 1-431,text,true,320,809,809,80941
1435133091808,121154,Learn,200,OK,Thread Group 1-430,text,true,320,809,809,81104
1435133091798,121164,Learn,200,OK,Thread Group 1-429,text,true,320,809,809,81266
1435133091788,121174,Learn,200,OK,Thread Group 1-428,text,true,320,809,809,81428
1435133091777,121185,Learn,200,OK,Thread Group 1-427,text,true,320,809,809,81591
1435133091767,121195,Learn,200,OK,Thread Group 1-426,text,true,320,809,809,81753
1435133091757,121205,Learn,200,OK,Thread Group 1-425,text,true,320,809,809,81914
1435133091746,121216,Learn,200,OK,Thread Group 1-424,text,true,320,809,809,82078
1435133091736,121226,Learn,200,OK,Thread Group 1-423,text,true,320,809,809,82240
1435133091702,121260,Learn,200,OK,Thread Group 1-421,text,true,320,809,809,82427
1435133091726,121236,Learn,200,OK,Thread Group 1-422,text,true,320,809,809,82402
1435133091691,121271,Learn,200,OK,Thread Group 1-420,text,true,320,809,809,82590
1435133091679,121283,Learn,200,OK,Thread Group 1-419,text,true,320,809,809,82754
1435133091670,121292,Learn,200,OK,Thread Group 1-418,text,true,320,809,809,82915
1435133091660,121302,Learn,200,OK,Thread Group 1-417,text,true,320,809,809,83077
1435133091647,121315,Learn,200,OK,Thread Group 1-416,text,true,320,809,809,83242
1435133091637,121325,Learn,200,OK,Thread Group 1-415,text,true,320,809,809,83404
1435133091625,121337,Learn,200,OK,Thread Group 1-414,text,true,320,809,809,83568
1435133091616,121346,Learn,200,OK,Thread Group 1-413,text,true,320,809,809,83729
1435133091606,121356,Learn,200,OK,Thread Group 1-412,text,true,320,809,809,83891
1435133091594,121368,Learn,200,OK,Thread Group 1-411,text,true,320,809,809,84056
1435133091585,121377,Learn,200,OK,Thread Group 1-410,text,true,320,809,809,84217
1435133091574,121388,Learn,200,OK,Thread Group 1-409,text,true,320,809,809,84228
1435133091562,121400,Learn,200,OK,Thread Group 1-408,text,true,320,809,809,84392
1435133091553,121409,Learn,200,OK,Thread Group 1-407,text,true,320,809,809,84553
1435133091543,121419,Learn,200,OK,Thread Group 1-406,text,true,320,809,809,84716
1435133091537,121424,Learn,200,OK,Thread Group 1-405,text,true,320,809,809,84875
1435133091508,121453,Learn,200,OK,Thread Group 1-404,text,true,320,809,809,85056
1435133091499,121462,Learn,200,OK,Thread Group 1-403,text,true,320,809,809,85218
1435133091489,121472,Learn,200,OK,Thread Group 1-402,text,true,320,809,809,85380
1435133091477,121484,Learn,200,OK,Thread Group 1-401,text,true,320,809,809,85545
1435133091468,121493,Learn,200,OK,Thread Group 1-400,text,true,320,809,809,85706
1435133091458,121503,Learn,200,OK,Thread Group 1-399,text,true,320,809,809,85868
1435133091446,121515,Learn,200,OK,Thread Group 1-398,text,true,320,809,809,86032
1435133091437,121524,Learn,200,OK,Thread Group 1-397,text,true,320,809,809,86193
1435133091427,121534,Learn,200,OK,Thread Group 1-396,text,true,320,809,809,86205
1435133091415,121546,Learn,200,OK,Thread Group 1-395,text,true,320,809,809,86368
1435133091406,121555,Learn,200,OK,Thread Group 1-394,text,true,320,809,809,86529
1435133091396,121565,Learn,200,OK,Thread Group 1-393,text,true,320,809,809,86691
1435133091384,121577,Learn,200,OK,Thread Group 1-392,text,true,320,809,809,86855
1435133091375,121586,Learn,200,OK,Thread Group 1-391,text,true,320,809,809,87016
1435133091365,121596,Learn,200,OK,Thread Group 1-390,text,true,320,809,809,87181
1435133091353,121608,Learn,200,OK,Thread Group 1-389,text,true,320,809,809,87345
1435133091344,121617,Learn,200,OK,Thread Group 1-388,text,true,320,809,809,87506
1435133091334,121627,Learn,200,OK,Thread Group 1-387,text,true,320,809,809,87668
1435133091322,121639,Learn,200,OK,Thread Group 1-386,text,true,320,809,809,87833
1435133091313,121648,Learn,200,OK,Thread Group 1-385,text,true,320,809,809,87994
1435133091311,121650,Learn,200,OK,Thread Group 1-384,text,true,320,809,809,88147
1435133091291,121670,Learn,200,OK,Thread Group 1-383,text,true,320,809,809,88168
1435133091282,121679,Learn,200,OK,Thread Group 1-382,text,true,320,809,809,88329
1435133091272,121689,Learn,200,OK,Thread Group 1-381,text,true,320,809,809,88492
1435133091260,121700,Learn,200,OK,Thread Group 1-380,text,true,320,809,809,88656
1435133091251,121709,Learn,200,OK,Thread Group 1-379,text,true,320,809,809,88816
1435133091241,121719,Learn,200,OK,Thread Group 1-378,text,true,320,809,809,88979
1435133091229,121731,Learn,200,OK,Thread Group 1-377,text,true,320,809,809,89142
1435133091220,121740,Learn,200,OK,Thread Group 1-376,text,true,320,809,809,89304
1435133091210,121750,Learn,200,OK,Thread Group 1-375,text,true,320,809,809,89466
1435133091198,121762,Learn,200,OK,Thread Group 1-374,text,true,320,809,809,89630
1435133091189,121771,Learn,200,OK,Thread Group 1-373,text,true,320,809,809,89790
1435133091179,121781,Learn,200,OK,Thread Group 1-372,text,true,320,809,809,89952
1435133091167,121793,Learn,200,OK,Thread Group 1-371,text,true,320,809,809,90116
1435133091160,121800,Learn,200,OK,Thread Group 1-370,text,true,320,809,809,90275
1435133091134,121826,Learn,200,OK,Thread Group 1-369,text,true,320,809,809,90302
1435133091122,121838,Learn,200,OK,Thread Group 1-368,text,true,320,809,809,90466
1435133091113,121847,Learn,200,OK,Thread Group 1-367,text,true,320,809,809,90627
1435133091103,121857,Learn,200,OK,Thread Group 1-366,text,true,320,809,809,90789
1435133091091,121869,Learn,200,OK,Thread Group 1-365,text,true,320,809,809,90953
1435133091082,121878,Learn,200,OK,Thread Group 1-364,text,true,320,809,809,91114
1435133091072,121888,Learn,200,OK,Thread Group 1-363,text,true,320,809,809,91276
1435133091060,121900,Learn,200,OK,Thread Group 1-362,text,true,320,809,809,91440
1435133091051,121909,Learn,200,OK,Thread Group 1-361,text,true,320,809,809,91601
1435133091041,121919,Learn,200,OK,Thread Group 1-360,text,true,320,809,809,91762
1435133091029,121931,Learn,200,OK,Thread Group 1-359,text,true,320,809,809,91927
1435133091020,121940,Learn,200,OK,Thread Group 1-358,text,true,320,809,809,92088
1435133091009,121951,Learn,200,OK,Thread Group 1-357,text,true,320,809,809,92251
1435133090989,121971,Learn,200,OK,Thread Group 1-355,text,true,320,809,809,92424
1435133090998,121962,Learn,200,OK,Thread Group 1-356,text,true,320,809,809,92415
1435133090977,121982,Learn,200,OK,Thread Group 1-354,text,true,320,809,809,92589
1435133090967,121992,Learn,200,OK,Thread Group 1-353,text,true,320,809,809,92750
1435133090955,122004,Learn,200,OK,Thread Group 1-352,text,true,320,809,809,92915
1435133090946,122013,Learn,200,OK,Thread Group 1-351,text,true,320,809,809,93076
1435133090936,122023,Learn,200,OK,Thread Group 1-350,text,true,320,809,809,93238
1435133090924,122035,Learn,200,OK,Thread Group 1-349,text,true,320,809,809,93402
1435133090915,122044,Learn,200,OK,Thread Group 1-348,text,true,320,809,809,93563
1435133090904,122055,Learn,200,OK,Thread Group 1-347,text,true,320,809,809,93726
1435133090894,122065,Learn,200,OK,Thread Group 1-346,text,true,320,809,809,93888
1435133090870,122089,Learn,200,OK,Thread Group 1-345,text,true,320,809,809,94064
1435133090858,122101,Learn,200,OK,Thread Group 1-344,text,true,320,809,809,94228
1435133090849,122110,Learn,200,OK,Thread Group 1-343,text,true,320,809,809,94238
1435133090839,122120,Learn,200,OK,Thread Group 1-342,text,true,320,809,809,94400
1435133090827,122132,Learn,200,OK,Thread Group 1-341,text,true,320,809,809,94564
1435133090818,122141,Learn,200,OK,Thread Group 1-340,text,true,320,809,809,94724
1435133090808,122151,Learn,200,OK,Thread Group 1-339,text,true,320,809,809,94886
1435133090796,122163,Learn,200,OK,Thread Group 1-338,text,true,320,809,809,95050
1435133090787,122172,Learn,200,OK,Thread Group 1-337,text,true,320,809,809,95211
1435133090777,122182,Learn,200,OK,Thread Group 1-336,text,true,320,809,809,95374
1435133090765,122194,Learn,200,OK,Thread Group 1-335,text,true,320,809,809,95538
1435133090756,122203,Learn,200,OK,Thread Group 1-334,text,true,320,809,809,95699
1435133090744,122215,Learn,200,OK,Thread Group 1-333,text,true,320,809,809,95863
1435133090732,122227,Learn,200,OK,Thread Group 1-332,text,true,320,809,809,96027
1435133090720,122239,Learn,200,OK,Thread Group 1-331,text,true,320,809,809,96193
1435133090711,122248,Learn,200,OK,Thread Group 1-330,text,true,320,809,809,96354
1435133090701,122257,Learn,200,OK,Thread Group 1-329,text,true,320,809,809,96365
1435133090689,122269,Learn,200,OK,Thread Group 1-328,text,true,320,809,809,96529
1435133090680,122278,Learn,200,OK,Thread Group 1-327,text,true,320,809,809,96690
1435133090670,122288,Learn,200,OK,Thread Group 1-326,text,true,320,809,809,96852
1435133090658,122300,Learn,200,OK,Thread Group 1-325,text,true,320,809,809,97016
1435133090635,122323,Learn,200,OK,Thread Group 1-324,text,true,320,809,809,97191
1435133090625,122333,Learn,200,OK,Thread Group 1-323,text,true,320,809,809,97352
1435133090616,122342,Learn,200,OK,Thread Group 1-322,text,true,320,809,809,97513
1435133090604,122354,Learn,200,OK,Thread Group 1-321,text,true,320,809,809,97677
1435133090595,122363,Learn,200,OK,Thread Group 1-320,text,true,320,809,809,97838
1435133090585,122373,Learn,200,OK,Thread Group 1-319,text,true,320,809,809,98002
1435133090571,122387,Learn,200,OK,Thread Group 1-318,text,true,320,809,809,98016
1435133090566,122392,Learn,200,OK,Thread Group 1-317,text,true,320,809,809,98022
1435133090548,122410,Learn,200,OK,Thread Group 1-316,text,true,320,809,809,98192
1435133090539,122419,Learn,200,OK,Thread Group 1-315,text,true,320,809,809,98353
1435133090527,122431,Learn,200,OK,Thread Group 1-314,text,true,320,809,809,98517
1435133090517,122441,Learn,200,OK,Thread Group 1-313,text,true,320,809,809,98679
1435133090508,122450,Learn,200,OK,Thread Group 1-312,text,true,320,809,809,98840
1435133090496,122462,Learn,200,OK,Thread Group 1-311,text,true,320,809,809,99006
1435133090487,122471,Learn,200,OK,Thread Group 1-310,text,true,320,809,809,99167
1435133090475,122483,Learn,200,OK,Thread Group 1-309,text,true,320,809,809,99331
1435133090466,122492,Learn,200,OK,Thread Group 1-308,text,true,320,809,809,99494
1435133090454,122504,Learn,200,OK,Thread Group 1-307,text,true,320,809,809,99657
1435133090432,122526,Learn,200,OK,Thread Group 1-306,text,true,320,809,809,99831
1435133090410,122548,Learn,200,OK,Thread Group 1-304,text,true,320,809,809,100006
1435133090422,122535,Learn,200,OK,Thread Group 1-305,text,true,320,809,809,99995
1435133090397,122560,Learn,200,OK,Thread Group 1-303,text,true,320,809,809,100172
1435133090387,122570,Learn,200,OK,Thread Group 1-302,text,true,320,809,809,100333
1435133090375,122582,Learn,200,OK,Thread Group 1-301,text,true,320,809,809,100497
1435133090366,122591,Learn,200,OK,Thread Group 1-300,text,true,320,809,809,100658
1435133090355,122602,Learn,200,OK,Thread Group 1-299,text,true,320,809,809,100821
1435133090344,122613,Learn,200,OK,Thread Group 1-298,text,true,320,809,809,100984
1435133090335,122622,Learn,200,OK,Thread Group 1-297,text,true,320,809,809,101145
1435133090315,122642,Learn,200,OK,Thread Group 1-296,text,true,320,809,809,101318
1435133090306,122651,Learn,200,OK,Thread Group 1-295,text,true,320,809,809,101479
1435133090295,122662,Learn,200,OK,Thread Group 1-294,text,true,320,809,809,101643
1435133090281,122676,Learn,200,OK,Thread Group 1-293,text,true,320,809,809,101809
1435133090261,122696,Learn,200,OK,Thread Group 1-291,text,true,320,809,809,101982
1435133090270,122687,Learn,200,OK,Thread Group 1-292,text,true,320,809,809,101972
1435133090251,122706,Learn,200,OK,Thread Group 1-290,text,true,320,809,809,102144
1435133090239,122718,Learn,200,OK,Thread Group 1-289,text,true,320,809,809,102308
1435133090230,122727,Learn,200,OK,Thread Group 1-288,text,true,320,809,809,102469
1435133090219,122738,Learn,200,OK,Thread Group 1-287,text,true,320,809,809,102632
1435133090209,122748,Learn,200,OK,Thread Group 1-286,text,true,320,809,809,102794
1435133090189,122768,Learn,200,OK,Thread Group 1-285,text,true,320,809,809,102966
1435133090177,122780,Learn,200,OK,Thread Group 1-284,text,true,320,809,809,103130
1435133090166,122791,Learn,200,OK,Thread Group 1-283,text,true,320,809,809,103294
1435133090157,122800,Learn,200,OK,Thread Group 1-282,text,true,320,809,809,103455
1435133090146,122811,Learn,200,OK,Thread Group 1-281,text,true,320,809,809,103618
1435133090133,122824,Learn,200,OK,Thread Group 1-280,text,true,320,809,809,103783
1435133090119,122837,Learn,200,OK,Thread Group 1-279,text,true,320,809,809,103798
1435133090109,122847,Learn,200,OK,Thread Group 1-278,text,true,320,809,809,103960
1435133090099,122857,Learn,200,OK,Thread Group 1-277,text,true,320,809,809,104122
1435133090088,122868,Learn,200,OK,Thread Group 1-276,text,true,320,809,809,104285
1435133090069,122887,Learn,200,OK,Thread Group 1-275,text,true,320,809,809,104456
1435133090059,122897,Learn,200,OK,Thread Group 1-274,text,true,320,809,809,104618
1435133090049,122907,Learn,200,OK,Thread Group 1-273,text,true,320,809,809,104780
1435133090038,122918,Learn,200,OK,Thread Group 1-272,text,true,320,809,809,104943
1435133090028,122928,Learn,200,OK,Thread Group 1-271,text,true,320,809,809,105105
1435133090018,122938,Learn,200,OK,Thread Group 1-270,text,true,320,809,809,105267
1435133096590,116407,Learn,200,OK,Thread Group 1-866,text,true,320,809,809,18414
