1435061177334,125846,Learn,200,OK,Thread Group 1-3,text,true,320,500,500,38
1435061177269,125898,Learn,200,OK,Thread Group 1-2,text,true,320,500,500,87
1435061177407,125756,Learn,200,OK,Thread Group 1-4,text,true,320,500,500,72
1435061177556,125593,Learn,200,OK,Thread Group 1-6,text,true,320,500,500,115
1435061177235,125913,Learn,200,OK,Thread Group 1-1,text,true,320,500,500,85
1435061178819,124319,Learn,200,OK,Thread Group 1-23,text,true,320,500,500,17
1435061177784,125353,Learn,200,OK,Thread Group 1-9,text,true,320,500,500,104
1435061177634,125503,Learn,200,OK,Thread Group 1-7,text,true,320,500,500,196
1435061178371,124766,Learn,200,OK,Thread Group 1-17,text,true,320,500,500,20
1435061179485,123652,Learn,200,OK,Thread Group 1-32,text,true,320,500,500,11
1435061178299,124838,Learn,200,OK,Thread Group 1-16,text,true,320,500,500,17
1435061178442,124695,Learn,200,OK,Thread Group 1-18,text,true,320,500,500,22
1435061178532,124605,Learn,200,OK,Thread Group 1-19,text,true,320,500,500,16
1435061179342,123795,Learn,200,OK,Thread Group 1-30,text,true,320,500,500,9
1435061178234,124903,Learn,200,OK,Thread Group 1-15,text,true,320,500,500,61
1435061178145,124992,Learn,200,OK,Thread Group 1-14,text,true,320,500,500,36
1435061179413,123724,Learn,200,OK,Thread Group 1-31,text,true,320,500,500,39
1435061179200,123937,Learn,200,OK,Thread Group 1-28,text,true,320,500,500,16
1435061178675,124462,Learn,200,OK,Thread Group 1-21,text,true,320,500,500,31
1435061178605,124532,Learn,200,OK,Thread Group 1-20,text,true,320,500,500,10
1435061177995,125142,Learn,200,OK,Thread Group 1-12,text,true,320,500,500,44
1435061178889,124248,Learn,200,OK,Thread Group 1-24,text,true,320,500,500,12
1435061179131,124006,Learn,200,OK,Thread Group 1-27,text,true,320,500,500,14
1435061179629,123508,Learn,200,OK,Thread Group 1-34,text,true,320,500,500,18
1435061179030,124107,Learn,200,OK,Thread Group 1-26,text,true,320,500,500,14
1435061177510,125627,Learn,200,OK,Thread Group 1-5,text,true,320,500,500,81
1435061179967,123170,Learn,200,OK,Thread Group 1-38,text,true,320,500,500,50
1435061179271,123866,Learn,200,OK,Thread Group 1-29,text,true,320,500,500,41
1435061178961,124176,Learn,200,OK,Thread Group 1-25,text,true,320,500,500,15
1435061181081,122056,Learn,200,OK,Thread Group 1-53,text,true,320,500,500,11
1435061180127,123010,Learn,200,OK,Thread Group 1-40,text,true,320,500,500,9
1435061181377,121760,Learn,200,OK,Thread Group 1-57,text,true,320,500,500,37
1435061178746,124391,Learn,200,OK,Thread Group 1-22,text,true,320,500,500,32
1435061180999,122137,Learn,200,OK,Thread Group 1-52,text,true,320,500,500,15
1435061181150,121986,Learn,200,OK,Thread Group 1-54,text,true,320,500,500,29
1435061182213,120923,Learn,200,OK,Thread Group 1-68,text,true,320,500,500,12
1435061180859,122277,Learn,200,OK,Thread Group 1-50,text,true,320,500,500,49
1435061180422,122714,Learn,200,OK,Thread Group 1-44,text,true,320,500,500,30
1435061181898,121238,Learn,200,OK,Thread Group 1-64,text,true,320,500,500,26
1435061179897,123239,Learn,200,OK,Thread Group 1-37,text,true,320,500,500,12
1435061180493,122643,Learn,200,OK,Thread Group 1-45,text,true,320,500,500,26
1435061180563,122573,Learn,200,OK,Thread Group 1-46,text,true,320,500,500,12
1435061180278,122858,Learn,200,OK,Thread Group 1-42,text,true,320,500,500,13
1435061179786,123350,Learn,200,OK,Thread Group 1-36,text,true,320,500,500,29
1435061177918,125218,Learn,200,OK,Thread Group 1-11,text,true,320,500,500,88
1435061181221,121915,Learn,200,OK,Thread Group 1-55,text,true,320,500,500,21
1435061181972,121164,Learn,200,OK,Thread Group 1-65,text,true,320,500,500,40
1435061181658,121478,Learn,200,OK,Thread Group 1-61,text,true,320,500,500,24
1435061182412,120724,Learn,200,OK,Thread Group 1-71,text,true,320,500,500,14
1435061177849,125287,Learn,200,OK,Thread Group 1-10,text,true,320,500,500,177
1435061182843,120293,Learn,200,OK,Thread Group 1-77,text,true,320,500,500,29
1435061180229,122907,Learn,200,OK,Thread Group 1-41,text,true,320,500,500,24
1435061179701,123435,Learn,200,OK,Thread Group 1-35,text,true,320,500,500,59
1435061181589,121547,Learn,200,OK,Thread Group 1-60,text,true,320,500,500,62
1435061181292,121844,Learn,200,OK,Thread Group 1-56,text,true,320,500,500,66
1435061183774,119362,Learn,200,OK,Thread Group 1-90,text,true,320,500,500,53
1435061180714,122422,Learn,200,OK,Thread Group 1-48,text,true,320,500,500,26
1435061182914,120222,Learn,200,OK,Thread Group 1-78,text,true,320,500,500,28
1435061183283,119853,Learn,200,OK,Thread Group 1-83,text,true,320,500,500,45
1435061180350,122786,Learn,200,OK,Thread Group 1-43,text,true,320,500,500,26
1435061182338,120798,Learn,200,OK,Thread Group 1-70,text,true,320,500,500,17
1435061182113,121023,Learn,200,OK,Thread Group 1-67,text,true,320,500,500,43
1435061178076,125060,Learn,200,OK,Thread Group 1-13,text,true,320,500,500,90
1435061180039,123097,Learn,200,OK,Thread Group 1-39,text,true,320,500,500,31
1435061180930,122206,Learn,200,OK,Thread Group 1-51,text,true,320,500,500,9
1435061180645,122491,Learn,200,OK,Thread Group 1-47,text,true,320,500,500,41
1435061177711,125425,Learn,200,OK,Thread Group 1-8,text,true,320,500,500,269
1435061182631,120505,Learn,200,OK,Thread Group 1-74,text,true,320,500,500,19
1435061183419,119716,Learn,200,OK,Thread Group 1-85,text,true,320,500,500,51
1435061183199,119936,Learn,200,OK,Thread Group 1-82,text,true,320,500,500,51
1435061182562,120573,Learn,200,OK,Thread Group 1-73,text,true,320,500,500,66
1435061181517,121618,Learn,200,OK,Thread Group 1-59,text,true,320,500,500,52
1435061184418,118717,Learn,200,OK,Thread Group 1-99,text,true,320,500,500,20
1435061182703,120432,Learn,200,OK,Thread Group 1-75,text,true,320,500,500,54
1435061182984,120151,Learn,200,OK,Thread Group 1-79,text,true,320,500,500,28
1435061183924,119211,Learn,200,OK,Thread Group 1-92,text,true,320,500,500,108
1435061182772,120363,Learn,200,OK,Thread Group 1-76,text,true,320,500,500,51
1435061181447,121688,Learn,200,OK,Thread Group 1-58,text,true,320,500,500,24
1435061183633,119502,Learn,200,OK,Thread Group 1-88,text,true,320,500,500,67
1435061183493,119642,Learn,200,OK,Thread Group 1-86,text,true,320,500,500,63
1435061183704,119431,Learn,200,OK,Thread Group 1-89,text,true,320,500,500,25
1435061183846,119289,Learn,200,OK,Thread Group 1-91,text,true,320,500,500,155
1435061181729,121406,Learn,200,OK,Thread Group 1-62,text,true,320,500,500,18
1435061182482,120653,Learn,200,OK,Thread Group 1-72,text,true,320,500,500,21
1435061183562,119573,Learn,200,OK,Thread Group 1-87,text,true,320,500,500,11
1435061183056,120079,Learn,200,OK,Thread Group 1-80,text,true,320,500,500,34
1435061183127,120008,Learn,200,OK,Thread Group 1-81,text,true,320,500,500,19
1435061184347,118788,Learn,200,OK,Thread Group 1-98,text,true,320,500,500,20
1435061182268,120867,Learn,200,OK,Thread Group 1-69,text,true,320,500,500,65
1435061184489,118646,Learn,200,OK,Thread Group 1-100,text,true,320,500,500,14
1435061184206,118929,Learn,200,OK,Thread Group 1-96,text,true,320,500,500,50
1435061184135,119000,Learn,200,OK,Thread Group 1-95,text,true,320,500,500,26
1435061182043,121092,Learn,200,OK,Thread Group 1-66,text,true,320,500,500,20
1435061184277,118858,Learn,200,OK,Thread Group 1-97,text,true,320,500,500,55
1435061183347,119788,Learn,200,OK,Thread Group 1-84,text,true,320,500,500,18
1435061181812,121323,Learn,200,OK,Thread Group 1-63,text,true,320,500,500,28
1435061179559,123576,Learn,200,OK,Thread Group 1-33,text,true,320,500,500,83
1435061184065,119070,Learn,200,OK,Thread Group 1-94,text,true,320,500,500,79
1435061183995,119140,Learn,200,OK,Thread Group 1-93,text,true,320,500,500,28
1435061180786,122349,Learn,200,OK,Thread Group 1-49,text,true,320,500,500,110
1435061184560,118575,Learn,200,OK,Thread Group 1-101,text,true,320,500,500,14739
1435061199113,104022,Learn,200,OK,Thread Group 1-304,text,true,320,500,500,11838
1435061199253,103881,Learn,200,OK,Thread Group 1-306,text,true,320,500,500,4150
1435061198610,104524,Learn,200,OK,Thread Group 1-297,text,true,320,500,500,16314
1435061198679,104455,Learn,200,OK,Thread Group 1-298,text,true,320,500,500,15744
1435061199182,103952,Learn,200,OK,Thread Group 1-305,text,true,320,500,500,6752
1435061199042,104092,Learn,200,OK,Thread Group 1-303,text,true,320,500,500,12246
1435061198891,104243,Learn,200,OK,Thread Group 1-301,text,true,320,500,500,14730
1435061198749,104385,Learn,200,OK,Thread Group 1-299,text,true,320,500,500,15456
1435061198239,104895,Learn,200,OK,Thread Group 1-292,text,true,320,500,500,19347
1435061198527,104607,Learn,200,OK,Thread Group 1-296,text,true,320,500,500,16814
1435061198381,104753,Learn,200,OK,Thread Group 1-294,text,true,320,500,500,17523
1435061198820,104314,Learn,200,OK,Thread Group 1-300,text,true,320,500,500,15057
1435061198452,104682,Learn,200,OK,Thread Group 1-295,text,true,320,500,500,17128
1435061197810,105324,Learn,200,OK,Thread Group 1-286,text,true,320,500,500,21944
1435061197387,105747,Learn,200,OK,Thread Group 1-280,text,true,320,500,500,23755
1435061197950,105184,Learn,200,OK,Thread Group 1-288,text,true,320,500,500,21096
1435061198961,104173,Learn,200,OK,Thread Group 1-302,text,true,320,500,500,13810
1435061197244,105890,Learn,200,OK,Thread Group 1-278,text,true,320,500,500,24279
1435061198311,104823,Learn,200,OK,Thread Group 1-293,text,true,320,500,500,18911
1435061198091,105043,Learn,200,OK,Thread Group 1-290,text,true,320,500,500,20556
1435061197880,105254,Learn,200,OK,Thread Group 1-287,text,true,320,500,500,21785
1435061196820,106314,Learn,200,OK,Thread Group 1-272,text,true,320,500,500,26715
1435061198021,105113,Learn,200,OK,Thread Group 1-289,text,true,320,500,500,20988
1435061196749,106385,Learn,200,OK,Thread Group 1-271,text,true,320,500,500,27459
1435061197669,105465,Learn,200,OK,Thread Group 1-284,text,true,320,500,500,23081
1435061197315,105819,Learn,200,OK,Thread Group 1-279,text,true,320,500,500,24065
1435061197173,105961,Learn,200,OK,Thread Group 1-277,text,true,320,500,500,24394
1435061197739,105395,Learn,200,OK,Thread Group 1-285,text,true,320,500,500,22930
1435061195536,107598,Learn,200,OK,Thread Group 1-254,text,true,320,500,500,31289
1435061196527,106607,Learn,200,OK,Thread Group 1-268,text,true,320,500,500,28015
1435061198162,104972,Learn,200,OK,Thread Group 1-291,text,true,320,500,500,19813
1435061196616,106518,Learn,200,OK,Thread Group 1-269,text,true,320,500,500,27725
1435061197457,105677,Learn,200,OK,Thread Group 1-281,text,true,320,500,500,23659
1435061194541,108593,Learn,200,OK,Thread Group 1-240,text,true,320,500,500,34076
1435061194471,108663,Learn,200,OK,Thread Group 1-239,text,true,320,500,500,34226
1435061196244,106889,Learn,200,OK,Thread Group 1-264,text,true,320,500,500,29409
1435061196890,106243,Learn,200,OK,Thread Group 1-273,text,true,320,500,500,25936
1435061194824,108309,Learn,200,OK,Thread Group 1-244,text,true,320,500,500,33304
1435061197101,106032,Learn,200,OK,Thread Group 1-276,text,true,320,500,500,25006
1435061195681,107452,Learn,200,OK,Thread Group 1-256,text,true,320,500,500,30875
1435061197597,105536,Learn,200,OK,Thread Group 1-283,text,true,320,500,500,23360
1435061197032,106101,Learn,200,OK,Thread Group 1-275,text,true,320,500,500,25125
1435061196961,106172,Learn,200,OK,Thread Group 1-274,text,true,320,500,500,25334
1435061195465,107668,Learn,200,OK,Thread Group 1-253,text,true,320,500,500,31426
1435061195607,107526,Learn,200,OK,Thread Group 1-255,text,true,320,500,500,31104
1435061195893,107240,Learn,200,OK,Thread Group 1-259,text,true,320,500,500,30484
1435061196174,106959,Learn,200,OK,Thread Group 1-263,text,true,320,500,500,29641
1435061195316,107817,Learn,200,OK,Thread Group 1-251,text,true,320,500,500,31777
1435061194753,108380,Learn,200,OK,Thread Group 1-243,text,true,320,500,500,33481
1435061195176,107957,Learn,200,OK,Thread Group 1-249,text,true,320,500,500,32125
1435061194964,108169,Learn,200,OK,Thread Group 1-246,text,true,320,500,500,32546
1435061196456,106677,Learn,200,OK,Thread Group 1-267,text,true,320,500,500,28543
1435061196680,106453,Learn,200,OK,Thread Group 1-270,text,true,320,500,500,27630
1435061194683,108450,Learn,200,OK,Thread Group 1-242,text,true,320,500,500,33738
1435061195752,107381,Learn,200,OK,Thread Group 1-257,text,true,320,500,500,30735
1435061196386,106747,Learn,200,OK,Thread Group 1-266,text,true,320,500,500,28759
1435061196315,106818,Learn,200,OK,Thread Group 1-265,text,true,320,500,500,29111
1435061195035,108098,Learn,200,OK,Thread Group 1-247,text,true,320,500,500,32438
1435061195105,108028,Learn,200,OK,Thread Group 1-248,text,true,320,500,500,32278
1435061195246,107887,Learn,200,OK,Thread Group 1-250,text,true,320,500,500,31907
1435061194612,108521,Learn,200,OK,Thread Group 1-241,text,true,320,500,500,33962
1435061196034,107099,Learn,200,OK,Thread Group 1-261,text,true,320,500,500,30050
1435061193543,109590,Learn,200,OK,Thread Group 1-226,text,true,320,500,500,37990
1435061196104,107029,Learn,200,OK,Thread Group 1-262,text,true,320,500,500,29934
1435061193684,109449,Learn,200,OK,Thread Group 1-228,text,true,320,500,500,37742
1435061195963,107170,Learn,200,OK,Thread Group 1-260,text,true,320,500,500,30259
1435061194259,108874,Learn,200,OK,Thread Group 1-236,text,true,320,500,500,36059
1435061193403,109730,Learn,200,OK,Thread Group 1-224,text,true,320,500,500,38627
1435061194894,108239,Learn,200,OK,Thread Group 1-245,text,true,320,500,500,32652
1435061193473,109660,Learn,200,OK,Thread Group 1-225,text,true,320,500,500,38374
1435061193967,109166,Learn,200,OK,Thread Group 1-232,text,true,320,500,500,36658
1435061195822,107310,Learn,200,OK,Thread Group 1-258,text,true,320,500,500,30579
1435061193897,109235,Learn,200,OK,Thread Group 1-231,text,true,320,500,500,36735
1435061194190,108942,Learn,200,OK,Thread Group 1-235,text,true,320,500,500,36268
1435061192839,110293,Learn,200,OK,Thread Group 1-216,text,true,320,500,500,42073
1435061195386,107746,Learn,200,OK,Thread Group 1-252,text,true,320,500,500,31524
1435061194050,109082,Learn,200,OK,Thread Group 1-233,text,true,320,500,500,36440
1435061193754,109378,Learn,200,OK,Thread Group 1-229,text,true,320,500,500,37462
1435061194120,109012,Learn,200,OK,Thread Group 1-234,text,true,320,500,500,36350
1435061193615,109517,Learn,200,OK,Thread Group 1-227,text,true,320,500,500,37880
1435061192910,110222,Learn,200,OK,Thread Group 1-217,text,true,320,500,500,40937
1435061193826,109306,Learn,200,OK,Thread Group 1-230,text,true,320,500,500,36955
1435061193121,110011,Learn,200,OK,Thread Group 1-220,text,true,320,500,500,39335
1435061194331,108801,Learn,200,OK,Thread Group 1-237,text,true,320,500,500,35515
1435061193263,109869,Learn,200,OK,Thread Group 1-222,text,true,320,500,500,39085
1435061193191,109941,Learn,200,OK,Thread Group 1-221,text,true,320,500,500,39220
1435061193332,109800,Learn,200,OK,Thread Group 1-223,text,true,320,500,500,38996
1435061194401,108731,Learn,200,OK,Thread Group 1-238,text,true,320,500,500,35054
1435061192698,110434,Learn,200,OK,Thread Group 1-214,text,true,320,500,500,44519
1435061192558,110574,Learn,200,OK,Thread Group 1-212,text,true,320,500,500,45805
1435061197528,105604,Learn,200,OK,Thread Group 1-282,text,true,320,500,500,23581
1435061192770,110362,Learn,200,OK,Thread Group 1-215,text,true,320,500,500,42250
1435061192980,110152,Learn,200,OK,Thread Group 1-218,text,true,320,500,500,40697
1435061192487,110645,Learn,200,OK,Thread Group 1-211,text,true,320,500,500,46167
1435061192346,110786,Learn,200,OK,Thread Group 1-209,text,true,320,500,500,49503
1435061192418,110714,Learn,200,OK,Thread Group 1-210,text,true,320,500,500,48597
1435061192628,110504,Learn,200,OK,Thread Group 1-213,text,true,320,500,500,44999
1435061192276,110856,Learn,200,OK,Thread Group 1-208,text,true,320,500,500,50324
1435061192205,110926,Learn,200,OK,Thread Group 1-207,text,true,320,500,500,51874
1435061192063,111068,Learn,200,OK,Thread Group 1-205,text,true,320,500,500,60209
1435061192135,110996,Learn,200,OK,Thread Group 1-206,text,true,320,500,500,59818
1435061191980,111151,Learn,200,OK,Thread Group 1-204,text,true,320,500,500,62405
1435061191200,111931,Learn,200,OK,Thread Group 1-193,text,true,320,500,500,71312
1435061191769,111358,Learn,200,OK,Thread Group 1-201,text,true,320,500,500,67015
1435061193051,110081,Learn,200,OK,Thread Group 1-219,text,true,320,500,500,39808
1435061191909,112502,Learn,200,OK,Thread Group 1-203,text,true,320,294,294,64135
1435061191838,112700,Learn,200,OK,Thread Group 1-202,text,true,320,293,293,64307
1435061191415,115849,Learn,200,OK,Thread Group 1-196,text,true,320,292,292,70364
1435061191273,117332,Learn,200,OK,Thread Group 1-194,text,true,320,291,291,71097
1435061191697,117067,Learn,200,OK,Thread Group 1-200,text,true,320,290,290,69083
1435061191487,117938,Learn,200,OK,Thread Group 1-197,text,true,320,289,289,70110
1435061190780,118772,Learn,200,OK,Thread Group 1-187,text,true,320,288,288,74617
1435061191045,118764,Learn,200,OK,Thread Group 1-191,text,true,320,287,287,73721
1435061191556,118898,Learn,200,OK,Thread Group 1-198,text,true,320,286,286,69757
1435061190903,119904,Learn,200,OK,Thread Group 1-189,text,true,320,285,285,74066
1435061191628,119293,Learn,200,OK,Thread Group 1-199,text,true,320,284,284,69331
1435061190460,120681,Learn,200,OK,Thread Group 1-183,text,true,320,283,283,77445
1435061191342,120243,Learn,200,OK,Thread Group 1-195,text,true,320,282,282,70656
1435061190830,121088,Learn,200,OK,Thread Group 1-188,text,true,320,281,281,74439
1435061190178,122391,Learn,200,OK,Thread Group 1-179,text,true,320,280,280,79423
1435061190389,122651,Learn,200,OK,Thread Group 1-182,text,true,320,279,279,78016
1435061188888,124510,Learn,200,OK,Thread Group 1-161,text,true,320,278,278,83795
1435061191115,122416,Learn,200,OK,Thread Group 1-192,text,true,320,277,277,72703
1435061189380,124378,Learn,200,OK,Thread Group 1-168,text,true,320,276,276,82210
1435061190319,123527,Learn,200,OK,Thread Group 1-181,text,true,320,275,275,78199
1435061190249,124217,Learn,200,OK,Thread Group 1-180,text,true,320,274,274,79182
1435061189452,125547,Learn,200,OK,Thread Group 1-169,text,true,320,273,273,82062
1435061187943,127233,Learn,200,OK,Thread Group 1-148,text,true,320,272,272,87079
1435061188816,126876,Learn,200,OK,Thread Group 1-160,text,true,320,271,271,84692
1435061189311,127499,Learn,200,OK,Thread Group 1-167,text,true,320,270,270,82586
1435061190973,126246,Learn,200,OK,Thread Group 1-190,text,true,320,269,269,73895
1435061189594,127692,Learn,200,OK,Thread Group 1-171,text,true,320,268,268,81209
1435061190602,126921,Learn,200,OK,Thread Group 1-185,text,true,320,267,267,76846
1435061190108,127709,Learn,200,OK,Thread Group 1-178,text,true,320,266,266,79729
1435061189685,128422,Learn,200,OK,Thread Group 1-172,text,true,320,265,265,81031
1435061189030,129174,Learn,200,OK,Thread Group 1-163,text,true,320,264,264,83471
1435061190037,128170,Learn,200,OK,Thread Group 1-177,text,true,320,263,263,80150
1435061188587,130682,Learn,200,OK,Thread Group 1-157,text,true,320,262,262,85123
1435061188957,130435,Learn,200,OK,Thread Group 1-162,text,true,320,261,261,83642
1435061189896,129503,Learn,200,OK,Thread Group 1-175,text,true,320,260,260,80635
1435061188437,131166,Learn,200,OK,Thread Group 1-155,text,true,320,259,259,85801
1435061190531,129214,Learn,200,OK,Thread Group 1-184,text,true,320,258,258,77024
1435061188296,131450,Learn,200,OK,Thread Group 1-153,text,true,320,257,257,85974
1435061187070,132987,Learn,200,OK,Thread Group 1-136,text,true,320,256,256,90309
1435061187212,133826,Learn,200,OK,Thread Group 1-138,text,true,320,255,255,89909
1435061187873,133294,Learn,200,OK,Thread Group 1-147,text,true,320,254,254,87596
1435061189098,132303,Learn,200,OK,Thread Group 1-164,text,true,320,253,253,83255
1435061189967,131529,Learn,200,OK,Thread Group 1-176,text,true,320,252,252,80262
1435061188084,133425,Learn,200,OK,Thread Group 1-150,text,true,320,251,251,86373
1435061190671,130861,Learn,200,OK,Thread Group 1-186,text,true,320,250,250,74897
1435061187634,134183,Learn,200,OK,Thread Group 1-144,text,true,320,249,249,88309
1435061188508,133373,Learn,200,OK,Thread Group 1-156,text,true,320,248,248,85362
1435061189522,132451,Learn,200,OK,Thread Group 1-170,text,true,320,247,247,81640
1435061188366,133965,Learn,200,OK,Thread Group 1-154,text,true,320,246,246,85883
1435061189170,133226,Learn,200,OK,Thread Group 1-165,text,true,320,245,245,83123
1435061188014,134509,Learn,200,OK,Thread Group 1-149,text,true,320,244,244,86838
1435061187281,135570,Learn,200,OK,Thread Group 1-139,text,true,320,243,243,89208
1435061188225,134769,Learn,200,OK,Thread Group 1-152,text,true,320,242,242,86141
1435061187493,135511,Learn,200,OK,Thread Group 1-142,text,true,320,241,241,88708
1435061188728,134417,Learn,200,OK,Thread Group 1-159,text,true,320,240,240,84806
1435061186355,136814,Learn,200,OK,Thread Group 1-126,text,true,320,239,239,93768
1435061188155,135135,Learn,200,OK,Thread Group 1-151,text,true,320,238,238,86268
1435061187802,135490,Learn,200,OK,Thread Group 1-146,text,true,320,237,237,87779
1435061189755,133729,Learn,200,OK,Thread Group 1-173,text,true,320,236,236,80928
1435061187141,137014,Learn,200,OK,Thread Group 1-137,text,true,320,235,235,90223
1435061186497,138115,Learn,200,OK,Thread Group 1-128,text,true,320,234,234,93201
1435061189239,135532,Learn,200,OK,Thread Group 1-166,text,true,320,233,233,82814
1435061188658,136439,Learn,200,OK,Thread Group 1-158,text,true,320,232,232,84983
1435061186780,138963,Learn,200,OK,Thread Group 1-132,text,true,320,231,231,91749
1435061189826,136312,Learn,200,OK,Thread Group 1-174,text,true,320,230,230,80821
1435061186002,140373,Learn,200,OK,Thread Group 1-121,text,true,320,229,229,95670
1435061186568,140182,Learn,200,OK,Thread Group 1-129,text,true,320,228,228,92728
1435061186284,140987,Learn,200,OK,Thread Group 1-125,text,true,320,227,227,94768
1435061187352,140348,Learn,200,OK,Thread Group 1-140,text,true,320,226,226,88916
1435061185416,142386,Learn,200,OK,Thread Group 1-113,text,true,320,225,225,100627
1435061185935,141976,Learn,200,OK,Thread Group 1-120,text,true,320,224,224,96664
1435061185709,142858,Learn,200,OK,Thread Group 1-117,text,true,320,223,223,97574
1435061185487,143490,Learn,200,OK,Thread Group 1-114,text,true,320,222,222,99488
1435061187732,141651,Learn,200,OK,Thread Group 1-145,text,true,320,221,221,88045
1435061187564,142550,Learn,200,OK,Thread Group 1-143,text,true,320,220,220,88554
1435061186928,143243,Learn,200,OK,Thread Group 1-134,text,true,320,219,219,91151
1435061186143,144048,Learn,200,OK,Thread Group 1-123,text,true,320,218,218,95458
1435061186639,143926,Learn,200,OK,Thread Group 1-130,text,true,320,217,217,92376
1435061186426,144193,Learn,200,OK,Thread Group 1-127,text,true,320,216,216,93336
1435061187423,143352,Learn,200,OK,Thread Group 1-141,text,true,320,215,215,88805
1435061186072,144981,Learn,200,OK,Thread Group 1-122,text,true,320,214,214,95595
1435061185853,145384,Learn,200,OK,Thread Group 1-119,text,true,320,213,213,96835
1435061187000,144299,Learn,200,OK,Thread Group 1-135,text,true,320,212,212,91059
1435061185782,146251,Learn,200,OK,Thread Group 1-118,text,true,320,211,211,97007
1435061185275,147134,Learn,200,OK,Thread Group 1-111,text,true,320,210,210,104610
1435061185345,147163,Learn,200,OK,Thread Group 1-112,text,true,320,209,209,100717
1435061186709,146594,Learn,200,OK,Thread Group 1-131,text,true,320,208,208,92240
1435061186859,146445,Learn,200,OK,Thread Group 1-133,text,true,320,207,207,91397
1435061186214,147346,Learn,200,OK,Thread Group 1-124,text,true,320,206,206,95265
1435061185566,149223,Learn,200,OK,Thread Group 1-115,text,true,320,205,205,99290
1435061185638,151115,Learn,200,OK,Thread Group 1-116,text,true,320,204,204,98148
1435061185133,154619,Learn,200,OK,Thread Group 1-109,text,true,320,203,203,107522
1435061185205,155314,Learn,200,OK,Thread Group 1-110,text,true,320,202,202,104731
1435061185062,156860,Learn,200,OK,Thread Group 1-108,text,true,320,201,201,110195
1435061184850,159319,Learn,200,OK,Thread Group 1-105,text,true,320,200,200,114318
1435061212948,135114,Learn,200,OK,Thread Group 1-498,text,true,320,199,199,90190
1435061184629,164967,Learn,200,OK,Thread Group 1-102,text,true,320,198,198,118499
1435061184700,165556,Learn,200,OK,Thread Group 1-103,text,true,320,197,197,118116
1435061213018,137465,Learn,200,OK,Thread Group 1-499,text,true,320,196,196,90120
1435061184921,166314,Learn,200,OK,Thread Group 1-106,text,true,320,195,195,113277
1435061184784,167567,Learn,200,OK,Thread Group 1-104,text,true,320,194,194,117407
1435061212869,140021,Learn,200,OK,Thread Group 1-497,text,true,320,193,193,90269
1435061212094,141219,Learn,200,OK,Thread Group 1-486,text,true,320,192,192,91053
1435061213088,140764,Learn,200,OK,Thread Group 1-500,text,true,320,191,191,90049
1435061212798,141782,Learn,200,OK,Thread Group 1-496,text,true,320,190,190,90340
1435061212728,143013,Learn,200,OK,Thread Group 1-495,text,true,320,189,189,90410
1435061212446,144082,Learn,200,OK,Thread Group 1-491,text,true,320,188,188,90692
1435061212517,144016,Learn,200,OK,Thread Group 1-492,text,true,320,187,187,90621
1435061206407,150213,Learn,200,OK,Thread Group 1-406,text,true,320,186,186,96748
1435061212306,144380,Learn,200,OK,Thread Group 1-489,text,true,320,185,185,90841
1435061184993,171892,Learn,200,OK,Thread Group 1-107,text,true,320,184,184,111967
1435061211953,145092,Learn,200,OK,Thread Group 1-484,text,true,320,183,183,91194
1435061212023,146004,Learn,200,OK,Thread Group 1-485,text,true,320,182,182,91124
1435061211451,147477,Learn,200,OK,Thread Group 1-477,text,true,320,181,181,91697
1435061212166,146857,Learn,200,OK,Thread Group 1-487,text,true,320,180,180,90981
1435061211603,147477,Learn,200,OK,Thread Group 1-479,text,true,320,179,179,91545
1435061211742,147406,Learn,200,OK,Thread Group 1-481,text,true,320,178,178,91406
1435061211883,147327,Learn,200,OK,Thread Group 1-483,text,true,320,177,177,91265
1435061211095,148744,Learn,200,OK,Thread Group 1-472,text,true,320,176,176,92054
1435061212588,147530,Learn,200,OK,Thread Group 1-493,text,true,320,175,175,90550
1435061211671,148564,Learn,200,OK,Thread Group 1-480,text,true,320,174,174,91477
1435061211377,148895,Learn,200,OK,Thread Group 1-476,text,true,320,173,173,91771
1435061211166,149301,Learn,200,OK,Thread Group 1-473,text,true,320,172,172,91982
1435061211025,149448,Learn,200,OK,Thread Group 1-471,text,true,320,171,171,92124
1435061208181,152725,Learn,200,OK,Thread Group 1-431,text,true,320,170,170,94971
1435061211237,150909,Learn,200,OK,Thread Group 1-474,text,true,320,169,169,91911
1435061212658,150644,Learn,200,OK,Thread Group 1-494,text,true,320,168,168,90480
1435061206548,156885,Learn,200,OK,Thread Group 1-408,text,true,320,167,167,96606
1435061212377,151058,Learn,200,OK,Thread Group 1-490,text,true,320,166,166,90762
1435061211522,152136,Learn,200,OK,Thread Group 1-478,text,true,320,165,165,91626
1435061211812,152030,Learn,200,OK,Thread Group 1-482,text,true,320,164,164,91336
1435061210955,152949,Learn,200,OK,Thread Group 1-470,text,true,320,163,163,92194
1435061199898,164119,Learn,200,OK,Thread Group 1-315,text,true,320,162,162,103273
1435061211306,153148,Learn,200,OK,Thread Group 1-475,text,true,320,161,161,91842
1435061207758,157770,Learn,200,OK,Thread Group 1-425,text,true,320,160,160,95395
1435061208886,157159,Learn,200,OK,Thread Group 1-441,text,true,320,159,159,94265
1435061209251,157365,Learn,200,OK,Thread Group 1-446,text,true,320,158,158,93900
1435061209321,157311,Learn,200,OK,Thread Group 1-447,text,true,320,157,157,93830
1435061207687,159292,Learn,200,OK,Thread Group 1-424,text,true,320,156,156,95466
1435061207323,159816,Learn,200,OK,Thread Group 1-419,text,true,320,155,155,95830
1435061207899,159259,Learn,200,OK,Thread Group 1-427,text,true,320,154,154,95254
1435061208675,158686,Learn,200,OK,Thread Group 1-438,text,true,320,153,153,94477
1435061208321,159340,Learn,200,OK,Thread Group 1-433,text,true,320,152,152,94831
1435061210169,157695,Learn,200,OK,Thread Group 1-459,text,true,320,151,151,92981
1435061208605,159319,Learn,200,OK,Thread Group 1-437,text,true,320,150,150,94547
1435061212236,156132,Learn,200,OK,Thread Group 1-488,text,true,320,149,149,90911
1435061208956,159656,Learn,200,OK,Thread Group 1-442,text,true,320,148,148,94195
1435061209027,159739,Learn,200,OK,Thread Group 1-443,text,true,320,147,147,94124
1435061208462,160417,Learn,200,OK,Thread Group 1-435,text,true,320,146,146,94690
1435061207970,161698,Learn,200,OK,Thread Group 1-428,text,true,320,145,145,95183
1435061208251,162061,Learn,200,OK,Thread Group 1-432,text,true,320,144,144,94901
1435061209532,161060,Learn,200,OK,Thread Group 1-450,text,true,320,143,143,93619
1435061208534,162663,Learn,200,OK,Thread Group 1-436,text,true,320,142,142,94618
1435061209181,162195,Learn,200,OK,Thread Group 1-445,text,true,320,141,141,93970
1435061209817,162232,Learn,200,OK,Thread Group 1-454,text,true,320,140,140,93333
1435061207827,164246,Learn,200,OK,Thread Group 1-426,text,true,320,139,139,95326
1435061208745,163417,Learn,200,OK,Thread Group 1-439,text,true,320,138,138,94407
1435061210450,162084,Learn,200,OK,Thread Group 1-463,text,true,320,137,137,92699
1435061209391,163521,Learn,200,OK,Thread Group 1-448,text,true,320,136,136,93760
1435061209747,163782,Learn,200,OK,Thread Group 1-453,text,true,320,135,135,93403
1435061207462,166260,Learn,200,OK,Thread Group 1-421,text,true,320,134,134,95691
1435061209462,164573,Learn,200,OK,Thread Group 1-449,text,true,320,133,133,93689
1435061209097,164986,Learn,200,OK,Thread Group 1-444,text,true,320,132,132,94054
1435061210802,164015,Learn,200,OK,Thread Group 1-468,text,true,320,131,131,92347
1435061208392,166637,Learn,200,OK,Thread Group 1-434,text,true,320,130,130,94760
1435061210029,165084,Learn,200,OK,Thread Group 1-457,text,true,320,129,129,93121
1435061210239,165299,Learn,200,OK,Thread Group 1-460,text,true,320,128,128,92911
1435061207393,168204,Learn,200,OK,Thread Group 1-420,text,true,320,127,127,95760
1435061210661,165163,Learn,200,OK,Thread Group 1-466,text,true,320,126,126,92488
1435061208040,167828,Learn,200,OK,Thread Group 1-429,text,true,320,125,125,95112
1435061209958,165981,Learn,200,OK,Thread Group 1-456,text,true,320,124,124,93192
1435061209677,166737,Learn,200,OK,Thread Group 1-452,text,true,320,123,123,93473
1435061207603,168824,Learn,200,OK,Thread Group 1-423,text,true,320,122,122,95550
1435061207534,169713,Learn,200,OK,Thread Group 1-422,text,true,320,121,121,95619
1435061210591,167135,Learn,200,OK,Thread Group 1-465,text,true,320,120,120,92558
1435061209605,168508,Learn,200,OK,Thread Group 1-451,text,true,320,119,119,93545
1435061209888,168574,Learn,200,OK,Thread Group 1-455,text,true,320,118,118,93262
1435061208816,170313,Learn,200,OK,Thread Group 1-440,text,true,320,117,117,94336
1435061206337,172886,Learn,200,OK,Thread Group 1-405,text,true,320,116,116,96818
1435061207112,172156,Learn,200,OK,Thread Group 1-416,text,true,320,115,115,96042
1435061206690,172646,Learn,200,OK,Thread Group 1-410,text,true,320,114,114,96464
1435061208110,171241,Learn,200,OK,Thread Group 1-430,text,true,320,113,113,95042
1435061210520,169112,Learn,200,OK,Thread Group 1-464,text,true,320,112,112,92629
1435061207041,174181,Learn,200,OK,Thread Group 1-415,text,true,320,111,111,96113
1435061210380,171570,Learn,200,OK,Thread Group 1-462,text,true,320,110,110,92770
1435061207251,174921,Learn,200,OK,Thread Group 1-418,text,true,320,109,109,95902
1435061206619,175632,Learn,200,OK,Thread Group 1-409,text,true,320,108,108,96535
1435061210731,171627,Learn,200,OK,Thread Group 1-467,text,true,320,107,107,92418
1435061207181,179996,Learn,200,OK,Thread Group 1-417,text,true,320,106,106,95973
1435061210100,177406,Learn,200,OK,Thread Group 1-458,text,true,320,105,105,93050
1435061202847,186002,Learn,200,OK,Thread Group 1-356,text,true,320,104,104,100320
1435061206265,184900,Learn,200,OK,Thread Group 1-404,text,true,320,103,103,96890
1435061206476,185774,Learn,200,OK,Thread Group 1-407,text,true,320,102,102,96678
1435061206760,185746,Learn,200,OK,Thread Group 1-411,text,true,320,101,101,96394
1435061199828,193051,Learn,200,OK,Thread Group 1-314,text,true,320,100,100,103351
1435061200465,192910,Learn,200,OK,Thread Group 1-323,text,true,320,99,99,102705
1435061210885,184095,Learn,200,OK,Thread Group 1-469,text,true,320,98,98,92264
1435061206900,188918,Learn,200,OK,Thread Group 1-413,text,true,320,97,97,96254
1435061206830,189091,Learn,200,OK,Thread Group 1-412,text,true,320,96,96,96324
1435061206970,189343,Learn,200,OK,Thread Group 1-414,text,true,320,95,95,96184
1435061200251,197904,Learn,200,OK,Thread Group 1-320,text,true,320,94,94,102919
1435061199750,199914,Learn,200,OK,Thread Group 1-313,text,true,320,93,93,103429
1435061199469,200345,Learn,200,OK,Thread Group 1-309,text,true,320,92,92,103711
1435061201842,198385,Learn,200,OK,Thread Group 1-342,text,true,320,91,91,101326
1435061200039,200532,Learn,200,OK,Thread Group 1-317,text,true,320,90,90,103132
1435061201332,199244,Learn,200,OK,Thread Group 1-335,text,true,320,89,89,101837
1435061200615,200932,Learn,200,OK,Thread Group 1-325,text,true,320,88,88,102555
1435061200324,201472,Learn,200,OK,Thread Group 1-321,text,true,320,87,87,102846
1435061199326,202852,Learn,200,OK,Thread Group 1-307,text,true,320,86,86,103854
1435061201617,200955,Learn,200,OK,Thread Group 1-339,text,true,320,85,85,101552
1435061200180,202762,Learn,200,OK,Thread Group 1-319,text,true,320,84,84,102991
1435061200756,202445,Learn,200,OK,Thread Group 1-327,text,true,320,83,83,102414
1435061200968,202301,Learn,200,OK,Thread Group 1-330,text,true,320,82,82,102202
1435061201051,202230,Learn,200,OK,Thread Group 1-331,text,true,320,81,81,102119
1435061201261,202377,Learn,200,OK,Thread Group 1-334,text,true,320,80,80,101908
1435061200826,203124,Learn,200,OK,Thread Group 1-328,text,true,320,79,79,102344
1435061200686,203676,Learn,200,OK,Thread Group 1-326,text,true,320,78,78,102484
1435061199394,205183,Learn,200,OK,Thread Group 1-308,text,true,320,77,77,103786
1435061199608,205871,Learn,200,OK,Thread Group 1-311,text,true,320,76,76,103571
1435061202128,203574,Learn,200,OK,Thread Group 1-346,text,true,320,75,75,101040
1435061201473,204486,Learn,200,OK,Thread Group 1-337,text,true,320,74,74,101696
1435061201191,204897,Learn,200,OK,Thread Group 1-333,text,true,320,73,73,101978
1435061205563,201359,Learn,200,OK,Thread Group 1-394,text,true,320,72,72,97601
1435061199969,206967,Learn,200,OK,Thread Group 1-316,text,true,320,71,71,103202
1435061202622,204494,Learn,200,OK,Thread Group 1-353,text,true,320,70,70,100546
1435061201121,206014,Learn,200,OK,Thread Group 1-332,text,true,320,69,69,102048
1435061203692,203591,Learn,200,OK,Thread Group 1-368,text,true,320,68,68,99474
1435061202197,205225,Learn,200,OK,Thread Group 1-347,text,true,320,67,67,100971
1435061200545,206884,Learn,200,OK,Thread Group 1-324,text,true,320,66,66,102625
1435061202481,205127,Learn,200,OK,Thread Group 1-351,text,true,320,65,65,100687
1435061202917,204819,Learn,200,OK,Thread Group 1-357,text,true,320,64,64,100250
1435061199678,208106,Learn,200,OK,Thread Group 1-312,text,true,320,63,63,103501
1435061201984,205905,Learn,200,OK,Thread Group 1-344,text,true,320,62,62,101184
1435061203551,204506,Learn,200,OK,Thread Group 1-366,text,true,320,61,61,99615
1435061202268,205802,Learn,200,OK,Thread Group 1-348,text,true,320,60,60,100900
1435061201688,206427,Learn,200,OK,Thread Group 1-340,text,true,320,59,59,101481
1435061202552,205636,Learn,200,OK,Thread Group 1-352,text,true,320,58,58,100616
1435061210309,198226,Learn,200,OK,Thread Group 1-461,text,true,320,57,57,92841
1435061199534,209203,Learn,200,OK,Thread Group 1-310,text,true,320,56,56,103645
1435061203481,205392,Learn,200,OK,Thread Group 1-365,text,true,320,55,55,99685
1435061201548,207492,Learn,200,OK,Thread Group 1-338,text,true,320,54,54,101621
1435061202054,207471,Learn,200,OK,Thread Group 1-345,text,true,320,53,53,101114
1435061203904,205729,Learn,200,OK,Thread Group 1-371,text,true,320,52,52,99262
1435061201758,208050,Learn,200,OK,Thread Group 1-341,text,true,320,51,51,101411
1435061202693,207298,Learn,200,OK,Thread Group 1-354,text,true,320,50,50,100474
1435061200394,209612,Learn,200,OK,Thread Group 1-322,text,true,320,49,49,102776
1435061204274,205876,Learn,200,OK,Thread Group 1-376,text,true,320,48,48,98891
1435061201913,208282,Learn,200,OK,Thread Group 1-343,text,true,320,47,47,101255
1435061202776,207422,Learn,200,OK,Thread Group 1-355,text,true,320,46,46,100391
1435061204922,205771,Learn,200,OK,Thread Group 1-385,text,true,320,45,45,98243
1435061203977,206944,Learn,200,OK,Thread Group 1-372,text,true,320,44,44,99189
1435061203833,207177,Learn,200,OK,Thread Group 1-370,text,true,320,43,43,99333
1435061202338,208754,Learn,200,OK,Thread Group 1-349,text,true,320,42,42,100830
1435061203763,207797,Learn,200,OK,Thread Group 1-369,text,true,320,41,41,99403
1435061204200,207558,Learn,200,OK,Thread Group 1-375,text,true,320,40,40,98965
1435061205492,206327,Learn,200,OK,Thread Group 1-393,text,true,320,39,39,97672
1435061205421,206400,Learn,200,OK,Thread Group 1-392,text,true,320,38,38,97743
1435061203410,208543,Learn,200,OK,Thread Group 1-364,text,true,320,37,37,99756
1435061203622,208520,Learn,200,OK,Thread Group 1-367,text,true,320,36,36,99544
1435061204130,208080,Learn,200,OK,Thread Group 1-374,text,true,320,35,35,99036
1435061205132,207092,Learn,200,OK,Thread Group 1-388,text,true,320,34,34,98032
1435061204047,208240,Learn,200,OK,Thread Group 1-373,text,true,320,33,33,99119
1435061204638,207885,Learn,200,OK,Thread Group 1-381,text,true,320,32,32,98527
1435061205985,207086,Learn,200,OK,Thread Group 1-400,text,true,320,31,31,97178
1435061204852,208245,Learn,200,OK,Thread Group 1-384,text,true,320,30,30,98313
1435061204566,208595,Learn,200,OK,Thread Group 1-380,text,true,320,29,29,98599
1435061203268,209972,Learn,200,OK,Thread Group 1-362,text,true,320,28,28,99899
1435061205632,207753,Learn,200,OK,Thread Group 1-395,text,true,320,27,27,97532
1435061205202,208226,Learn,200,OK,Thread Group 1-389,text,true,320,26,26,97962
1435061204495,209044,Learn,200,OK,Thread Group 1-379,text,true,320,25,25,98670
1435061205703,207985,Learn,200,OK,Thread Group 1-396,text,true,320,24,24,97461
1435061205062,208759,Learn,200,OK,Thread Group 1-387,text,true,320,23,23,98102
1435061204781,209048,Learn,200,OK,Thread Group 1-383,text,true,320,22,22,98384
1435061205843,208008,Learn,200,OK,Thread Group 1-398,text,true,320,21,21,97320
1435061205914,208113,Learn,200,OK,Thread Group 1-399,text,true,320,20,20,97249
1435061202988,211040,Learn,200,OK,Thread Group 1-358,text,true,320,19,19,100179
1435061205774,208273,Learn,200,OK,Thread Group 1-397,text,true,320,18,18,97389
1435061204417,209819,Learn,200,OK,Thread Group 1-378,text,true,320,17,17,98748
1435061205273,209051,Learn,200,OK,Thread Group 1-390,text,true,320,16,16,97891
1435061206125,208301,Learn,200,OK,Thread Group 1-402,text,true,320,15,15,97038
1435061205343,209181,Learn,200,OK,Thread Group 1-391,text,true,320,14,14,97821
1435061202412,212174,Learn,200,OK,Thread Group 1-350,text,true,320,13,13,100756
1435061200896,213801,Learn,200,OK,Thread Group 1-329,text,true,320,12,12,102274
1435061204347,210362,Learn,200,OK,Thread Group 1-377,text,true,320,11,11,98818
1435061206054,208728,Learn,200,OK,Thread Group 1-401,text,true,320,10,10,97109
1435061203058,211728,Learn,200,OK,Thread Group 1-359,text,true,320,9,9,100109
1435061204711,210114,Learn,200,OK,Thread Group 1-382,text,true,320,8,8,98454
1435061203198,211702,Learn,200,OK,Thread Group 1-361,text,true,320,7,7,99969
1435061206195,208728,Learn,200,OK,Thread Group 1-403,text,true,320,6,6,96968
1435061204992,210019,Learn,200,OK,Thread Group 1-386,text,true,320,5,5,98172
1435061201403,213705,Learn,200,OK,Thread Group 1-336,text,true,320,4,4,101766
1435061203128,212026,Learn,200,OK,Thread Group 1-360,text,true,320,3,3,100039
1435061203340,211855,Learn,200,OK,Thread Group 1-363,text,true,320,2,2,99827
1435061200110,215098,Learn,200,OK,Thread Group 1-318,text,true,320,1,1,103061
