1435134078981,617,Learn,200,OK,Thread Group 1-69,text,true,320,117,117,61
1435134077813,1769,Learn,200,OK,Thread Group 1-9,text,true,320,115,115,1247
1435134077859,1799,Learn,200,OK,Thread Group 1-10,text,true,320,119,119,1123
1435134077879,1914,Learn,200,OK,Thread Group 1-11,text,true,320,130,130,864
1435134077896,2105,Learn,200,OK,Thread Group 1-12,text,true,320,144,144,522
1435134078451,1568,Learn,200,OK,Thread Group 1-41,text,true,320,145,145,1551
1435134077903,2228,Learn,200,OK,Thread Group 1-13,text,true,320,156,156,381
1435134077795,2355,Learn,200,OK,Thread Group 1-7,text,true,320,156,156,32
1435134077783,2367,Learn,200,OK,Thread Group 1-6,text,true,320,155,155,61
1435134077764,2387,Learn,200,OK,Thread Group 1-4,text,true,320,154,154,200
1435134077754,2398,Learn,200,OK,Thread Group 1-3,text,true,320,153,153,249
1435134077747,2405,Learn,200,OK,Thread Group 1-2,text,true,320,152,152,345
1435134078090,2061,Learn,200,OK,Thread Group 1-17,text,true,320,151,151,29
1435134078080,2072,Learn,200,OK,Thread Group 1-16,text,true,320,150,150,62
1435134077925,2227,Learn,200,OK,Thread Group 1-14,text,true,320,149,149,272
1435134077734,2427,Learn,200,OK,Thread Group 1-1,text,true,320,148,148,65
1435134077778,2374,Learn,200,OK,Thread Group 1-5,text,true,320,148,148,148
1435134078122,2211,Learn,200,OK,Thread Group 1-19,text,true,320,162,162,2183
1435134078139,2195,Learn,200,OK,Thread Group 1-20,text,true,320,161,161,2159
1435134078143,2210,Learn,200,OK,Thread Group 1-21,text,true,320,162,162,2138
1435134078144,2259,Learn,200,OK,Thread Group 1-15,text,true,320,166,166,2053
1435134078196,2208,Learn,200,OK,Thread Group 1-25,text,true,320,165,165,1966
1435134078213,2191,Learn,200,OK,Thread Group 1-26,text,true,320,164,164,1949
1435134078165,2239,Learn,200,OK,Thread Group 1-23,text,true,320,163,163,1998
1435134078155,2250,Learn,200,OK,Thread Group 1-22,text,true,320,162,162,2008
1435134078228,2177,Learn,200,OK,Thread Group 1-27,text,true,320,161,161,1933
1435134078179,2227,Learn,200,OK,Thread Group 1-24,text,true,320,160,160,1983
1435134078278,2128,Learn,200,OK,Thread Group 1-31,text,true,320,159,159,1890
1435134080161,245,Learn,200,OK,Thread Group 1-164,text,true,320,158,158,0
1435134078268,2139,Learn,200,OK,Thread Group 1-30,text,true,320,157,157,1882
1435134078246,2161,Learn,200,OK,Thread Group 1-29,text,true,320,156,156,1915
1435134078235,2172,Learn,200,OK,Thread Group 1-28,text,true,320,155,155,1926
1435134078293,2127,Learn,200,OK,Thread Group 1-32,text,true,320,155,155,1838
1435134078310,2110,Learn,200,OK,Thread Group 1-34,text,true,320,154,154,1810
1435134078325,2096,Learn,200,OK,Thread Group 1-35,text,true,320,153,153,1790
1435134078331,2090,Learn,200,OK,Thread Group 1-36,text,true,320,152,152,1772
1435134078342,2081,Learn,200,OK,Thread Group 1-37,text,true,320,151,151,1721
1435134078474,1949,Learn,200,OK,Thread Group 1-44,text,true,320,150,150,1500
1435134078358,2066,Learn,200,OK,Thread Group 1-38,text,true,320,149,149,1686
1435134078374,2051,Learn,200,OK,Thread Group 1-39,text,true,320,148,148,1649
1435134080020,405,Learn,200,OK,Thread Group 1-152,text,true,320,147,147,0
1435134078431,1995,Learn,200,OK,Thread Group 1-40,text,true,320,146,146,1571
1435134078452,1974,Learn,200,OK,Thread Group 1-42,text,true,320,145,145,1538
1435134078467,1960,Learn,200,OK,Thread Group 1-43,text,true,320,144,144,1518
1435134078526,1901,Learn,200,OK,Thread Group 1-47,text,true,320,143,143,1426
1435134078508,1920,Learn,200,OK,Thread Group 1-46,text,true,320,142,142,1461
1435134078529,1908,Learn,200,OK,Thread Group 1-48,text,true,320,142,142,1375
1435134079894,543,Learn,200,OK,Thread Group 1-143,text,true,320,142,142,5
1435134078571,1866,Learn,200,OK,Thread Group 1-49,text,true,320,142,142,1323
1435134078582,1856,Learn,200,OK,Thread Group 1-50,text,true,320,142,142,1295
1435134078602,1836,Learn,200,OK,Thread Group 1-51,text,true,320,142,142,1270
1435134079851,587,Learn,200,OK,Thread Group 1-139,text,true,320,142,142,5
1435134078629,1810,Learn,200,OK,Thread Group 1-52,text,true,320,142,142,1222
1435134078629,1810,Learn,200,OK,Thread Group 1-45,text,true,320,142,142,1208
1435134078651,1788,Learn,200,OK,Thread Group 1-54,text,true,320,142,142,1177
1435134078661,1779,Learn,200,OK,Thread Group 1-53,text,true,320,142,142,1154
1435134078763,1677,Learn,200,OK,Thread Group 1-56,text,true,320,142,142,1031
1435134078680,1761,Learn,200,OK,Thread Group 1-55,text,true,320,142,142,1114
1435134078774,1667,Learn,200,OK,Thread Group 1-57,text,true,320,142,142,1015
1435134078787,1654,Learn,200,OK,Thread Group 1-58,text,true,320,142,142,998
1435134078796,1645,Learn,200,OK,Thread Group 1-59,text,true,320,142,142,975
1435134078811,1630,Learn,200,OK,Thread Group 1-60,text,true,320,142,142,955
1435134078836,1606,Learn,200,OK,Thread Group 1-61,text,true,320,142,142,925
1435134078887,1555,Learn,200,OK,Thread Group 1-62,text,true,320,142,142,861
1435134078900,1542,Learn,200,OK,Thread Group 1-63,text,true,320,142,142,842
1435134078933,1510,Learn,200,OK,Thread Group 1-66,text,true,320,142,142,764
1435134078917,1526,Learn,200,OK,Thread Group 1-64,text,true,320,142,142,797
1435134078949,1504,Learn,200,OK,Thread Group 1-67,text,true,320,142,142,732
1435134078955,1499,Learn,200,OK,Thread Group 1-68,text,true,320,142,142,704
1435134078988,1466,Learn,200,OK,Thread Group 1-70,text,true,320,142,142,671
1435134079006,1448,Learn,200,OK,Thread Group 1-71,text,true,320,142,142,639
1435134079010,1444,Learn,200,OK,Thread Group 1-72,text,true,320,142,142,630
1435134079041,1413,Learn,200,OK,Thread Group 1-74,text,true,320,142,142,557
1435134079030,1425,Learn,200,OK,Thread Group 1-73,text,true,320,142,142,589
1435134079054,1401,Learn,200,OK,Thread Group 1-75,text,true,320,142,142,545
1435134079074,1382,Learn,200,OK,Thread Group 1-77,text,true,320,142,142,513
1435134079062,1394,Learn,200,OK,Thread Group 1-76,text,true,320,142,142,521
1435134079087,1369,Learn,200,OK,Thread Group 1-78,text,true,320,142,142,490
1435134078919,1525,Learn,200,OK,Thread Group 1-65,text,true,320,142,142,791
1435134078299,2108,Learn,200,OK,Thread Group 1-33,text,true,320,154,142,1833
1435134079103,1684,Learn,200,OK,Thread Group 1-79,text,true,320,137,137,276
1435134079119,1742,Learn,200,OK,Thread Group 1-80,text,true,320,144,144,145
1435134079127,1734,Learn,200,OK,Thread Group 1-81,text,true,320,143,143,121
1435134079140,1759,Learn,200,OK,Thread Group 1-82,text,true,320,145,145,50
1435134077811,3092,Learn,200,OK,Thread Group 1-8,text,true,320,144,144,1331
1435134079182,1722,Learn,200,OK,Thread Group 1-85,text,true,320,143,143,1717
1435134079204,1700,Learn,200,OK,Thread Group 1-86,text,true,320,142,142,1695
1435134079162,1743,Learn,200,OK,Thread Group 1-84,text,true,320,141,141,1741
1435134079204,1713,Learn,200,OK,Thread Group 1-87,text,true,320,140,140,1683
1435134079220,1698,Learn,200,OK,Thread Group 1-88,text,true,320,139,139,1663
1435134079245,1673,Learn,200,OK,Thread Group 1-89,text,true,320,138,138,1622
1435134079249,1670,Learn,200,OK,Thread Group 1-90,text,true,320,137,137,1613
1435134079261,1658,Learn,200,OK,Thread Group 1-91,text,true,320,136,136,1600
1435134079281,1638,Learn,200,OK,Thread Group 1-93,text,true,320,135,135,1576
1435134079293,1627,Learn,200,OK,Thread Group 1-94,text,true,320,134,134,1557
1435134079311,1609,Learn,200,OK,Thread Group 1-95,text,true,320,133,133,1535
1435134079342,1578,Learn,200,OK,Thread Group 1-97,text,true,320,132,132,1491
1435134079346,1575,Learn,200,OK,Thread Group 1-98,text,true,320,131,131,1483
1435134079360,1561,Learn,200,OK,Thread Group 1-99,text,true,320,130,130,1466
1435134079361,1561,Learn,200,OK,Thread Group 1-96,text,true,320,129,129,1451
1435134079391,1539,Learn,200,OK,Thread Group 1-102,text,true,320,128,128,1396
1435134079374,1548,Learn,200,OK,Thread Group 1-100,text,true,320,128,128,1428
1435134079413,1550,Learn,200,OK,Thread Group 1-103,text,true,320,126,126,1363
1435134079445,1518,Learn,200,OK,Thread Group 1-104,text,true,320,125,125,1312
1435134079456,1508,Learn,200,OK,Thread Group 1-105,text,true,320,124,124,1294
1435134079617,1347,Learn,200,OK,Thread Group 1-119,text,true,320,123,123,838
1435134079694,1270,Learn,200,OK,Thread Group 1-125,text,true,320,122,122,758
1435134079982,983,Learn,200,OK,Thread Group 1-149,text,true,320,121,121,445
1435134079508,1457,Learn,200,OK,Thread Group 1-109,text,true,320,120,120,950
1435134079768,1197,Learn,200,OK,Thread Group 1-132,text,true,320,119,119,674
1435134079597,1369,Learn,200,OK,Thread Group 1-117,text,true,320,119,119,859
1435134079893,1073,Learn,200,OK,Thread Group 1-142,text,true,320,118,118,544
1435134079573,1393,Learn,200,OK,Thread Group 1-114,text,true,320,117,117,884
1435134079739,1228,Learn,200,OK,Thread Group 1-129,text,true,320,116,116,704
1435134080061,906,Learn,200,OK,Thread Group 1-156,text,true,320,115,115,362
1435134080039,928,Learn,200,OK,Thread Group 1-153,text,true,320,114,114,386
1435134079872,1095,Learn,200,OK,Thread Group 1-141,text,true,320,113,113,566
1435134079819,1149,Learn,200,OK,Thread Group 1-136,text,true,320,112,112,621
1435134079529,1439,Learn,200,OK,Thread Group 1-111,text,true,320,111,111,929
1435134079615,1353,Learn,200,OK,Thread Group 1-118,text,true,320,110,110,840
1435134079726,1242,Learn,200,OK,Thread Group 1-128,text,true,320,109,109,717
1435134080040,929,Learn,200,OK,Thread Group 1-154,text,true,320,108,108,384
1435134079759,1210,Learn,200,OK,Thread Group 1-131,text,true,320,107,107,683
1435134079812,1157,Learn,200,OK,Thread Group 1-135,text,true,320,106,106,628
1435134079551,1419,Learn,200,OK,Thread Group 1-113,text,true,320,106,106,906
1435134080055,915,Learn,200,OK,Thread Group 1-155,text,true,320,105,105,369
1435134079848,1122,Learn,200,OK,Thread Group 1-138,text,true,320,104,104,591
1435134079942,1028,Learn,200,OK,Thread Group 1-145,text,true,320,103,103,494
1435134079634,1345,Learn,200,OK,Thread Group 1-120,text,true,320,102,102,821
1435134079674,1305,Learn,200,OK,Thread Group 1-123,text,true,320,101,101,779
1435134079723,1257,Learn,200,OK,Thread Group 1-127,text,true,320,101,101,721
1435134079690,1290,Learn,200,OK,Thread Group 1-124,text,true,320,100,100,763
1435134079707,1273,Learn,200,OK,Thread Group 1-126,text,true,320,99,99,745
1435134079834,1146,Learn,200,OK,Thread Group 1-137,text,true,320,98,98,605
1435134079966,1015,Learn,200,OK,Thread Group 1-147,text,true,320,97,97,470
1435134079524,1457,Learn,200,OK,Thread Group 1-110,text,true,320,96,96,934
1435134079944,1037,Learn,200,OK,Thread Group 1-146,text,true,320,95,95,492
1435134080128,853,Learn,200,OK,Thread Group 1-162,text,true,320,94,94,293
1435134080225,757,Learn,200,OK,Thread Group 1-169,text,true,320,94,94,178
1435134080102,880,Learn,200,OK,Thread Group 1-160,text,true,320,93,93,320
1435134080177,805,Learn,200,OK,Thread Group 1-165,text,true,320,92,92,229
1435134079869,1113,Learn,200,OK,Thread Group 1-140,text,true,320,91,91,569
1435134079573,1410,Learn,200,OK,Thread Group 1-115,text,true,320,90,90,884
1435134080114,869,Learn,200,OK,Thread Group 1-161,text,true,320,89,89,307
1435134079638,1345,Learn,200,OK,Thread Group 1-121,text,true,320,88,88,816
1435134079784,1199,Learn,200,OK,Thread Group 1-133,text,true,320,87,87,657
1435134079747,1237,Learn,200,OK,Thread Group 1-130,text,true,320,86,86,696
1435134079812,1172,Learn,200,OK,Thread Group 1-134,text,true,320,85,85,628
1435134080100,885,Learn,200,OK,Thread Group 1-148,text,true,320,84,84,322
1435134080096,889,Learn,200,OK,Thread Group 1-159,text,true,320,83,83,326
1435134079923,1062,Learn,200,OK,Thread Group 1-144,text,true,320,82,82,514
1435134080015,971,Learn,200,OK,Thread Group 1-151,text,true,320,81,81,410
1435134080079,907,Learn,200,OK,Thread Group 1-157,text,true,320,80,80,343
1435134079476,1510,Learn,200,OK,Thread Group 1-107,text,true,320,79,79,983
1435134079472,1514,Learn,200,OK,Thread Group 1-106,text,true,320,78,78,987
1435134079674,1313,Learn,200,OK,Thread Group 1-122,text,true,320,77,77,779
1435134079508,1487,Learn,200,OK,Thread Group 1-108,text,true,320,77,77,950
1435134080004,991,Learn,200,OK,Thread Group 1-150,text,true,320,77,77,422
1435134080082,913,Learn,200,OK,Thread Group 1-158,text,true,320,77,77,340
1435134079585,1410,Learn,200,OK,Thread Group 1-116,text,true,320,77,77,871
1435134080214,782,Learn,200,OK,Thread Group 1-168,text,true,320,77,77,190
1435134080420,576,Learn,200,OK,Thread Group 1-187,text,true,320,77,77,0
1435134079549,1448,Learn,200,OK,Thread Group 1-112,text,true,320,77,77,908
1435134080231,766,Learn,200,OK,Thread Group 1-167,text,true,320,77,77,172
1435134080135,862,Learn,200,OK,Thread Group 1-163,text,true,320,77,77,285
1435134080193,804,Learn,200,OK,Thread Group 1-166,text,true,320,77,77,212
1435134080267,731,Learn,200,OK,Thread Group 1-172,text,true,320,77,77,132
1435134080267,731,Learn,200,OK,Thread Group 1-173,text,true,320,77,77,119
1435134080267,731,Learn,200,OK,Thread Group 1-171,text,true,320,77,77,114
1435134080278,720,Learn,200,OK,Thread Group 1-174,text,true,320,77,77,75
1435134080297,701,Learn,200,OK,Thread Group 1-176,text,true,320,77,77,36
1435134080314,685,Learn,200,OK,Thread Group 1-177,text,true,320,77,77,19
1435134080267,732,Learn,200,OK,Thread Group 1-170,text,true,320,77,77,99
1435134080294,705,Learn,200,OK,Thread Group 1-175,text,true,320,77,77,60
1435134078115,2884,Learn,200,OK,Thread Group 1-18,text,true,320,77,77,2202
1435134080318,681,Learn,200,OK,Thread Group 1-178,text,true,320,77,77,15
1435134080882,118,Learn,200,OK,Thread Group 1-227,text,true,320,76,76,36
1435134080850,150,Learn,200,OK,Thread Group 1-224,text,true,320,76,76,70
1435134080349,652,Learn,200,OK,Thread Group 1-181,text,true,320,76,76,650
1435134080331,670,Learn,200,OK,Thread Group 1-179,text,true,320,76,76,668
1435134080970,32,Learn,200,OK,Thread Group 1-230,text,true,320,76,76,30
1435134080829,173,Learn,200,OK,Thread Group 1-222,text,true,320,76,76,92
1435134080860,142,Learn,200,OK,Thread Group 1-225,text,true,320,76,76,59
1435134080809,202,Learn,200,OK,Thread Group 1-220,text,true,320,76,76,113
1435134080898,113,Learn,200,OK,Thread Group 1-228,text,true,320,76,76,49
1435134080882,129,Learn,200,OK,Thread Group 1-226,text,true,320,76,76,36
1435134080801,211,Learn,200,OK,Thread Group 1-219,text,true,320,76,76,129
1435134080845,167,Learn,200,OK,Thread Group 1-223,text,true,320,76,76,75
1435134080825,187,Learn,200,OK,Thread Group 1-221,text,true,320,76,76,96
1435134079277,1737,Learn,200,OK,Thread Group 1-92,text,true,320,76,76,1585
1435134079156,1858,Learn,200,OK,Thread Group 1-83,text,true,320,76,76,1748
1435134081060,3,Learn,200,OK,Thread Group 1-239,text,true,320,49,49,0
1435134081049,15,Learn,200,OK,Thread Group 1-238,text,true,320,48,48,0
1435134081048,16,Learn,200,OK,Thread Group 1-234,text,true,320,47,47,0
1435134081046,19,Learn,200,OK,Thread Group 1-237,text,true,320,46,46,0
1435134081050,16,Learn,200,OK,Thread Group 1-233,text,true,320,45,45,0
1435134081046,21,Learn,200,OK,Thread Group 1-236,text,true,320,44,44,0
1435134081046,21,Learn,200,OK,Thread Group 1-235,text,true,320,43,43,0
1435134081061,20,Learn,200,OK,Thread Group 1-232,text,true,320,44,44,0
1435134081080,2,Learn,200,OK,Thread Group 1-240,text,true,320,43,43,0
1435134081080,2,Learn,200,OK,Thread Group 1-241,text,true,320,42,42,0
1435134081044,42,Learn,200,OK,Thread Group 1-229,text,true,320,41,41,0
1435134079379,1575,Learn,200,OK,Thread Group 1-101,text,true,320,126,126,1409
1435134081103,12,Learn,200,OK,Thread Group 1-242,text,true,320,41,41,0
1435134081114,1,Learn,200,OK,Thread Group 1-244,text,true,320,40,40,0
1435134081114,2,Learn,200,OK,Thread Group 1-243,text,true,320,39,39,0
1435134080620,510,Learn,200,OK,Thread Group 1-203,text,true,320,40,40,375
1435134080682,449,Learn,200,OK,Thread Group 1-208,text,true,320,39,39,303
1435134080682,450,Learn,200,OK,Thread Group 1-207,text,true,320,38,38,303
1435134080608,524,Learn,200,OK,Thread Group 1-202,text,true,320,37,37,388
1435134080722,411,Learn,200,OK,Thread Group 1-211,text,true,320,36,36,243
1435134080692,442,Learn,200,OK,Thread Group 1-206,text,true,320,35,35,292
1435134080694,441,Learn,200,OK,Thread Group 1-204,text,true,320,34,34,290
1435134080738,397,Learn,200,OK,Thread Group 1-213,text,true,320,33,33,226
1435134080694,442,Learn,200,OK,Thread Group 1-205,text,true,320,32,32,290
1435134080567,570,Learn,200,OK,Thread Group 1-199,text,true,320,31,31,429
1435134080554,592,Learn,200,OK,Thread Group 1-198,text,true,320,32,32,442
1435134080768,379,Learn,200,OK,Thread Group 1-216,text,true,320,31,31,195
1435134080602,545,Learn,200,OK,Thread Group 1-201,text,true,320,30,30,394
1435134080533,615,Learn,200,OK,Thread Group 1-196,text,true,320,29,29,463
1435134080694,455,Learn,200,OK,Thread Group 1-209,text,true,320,28,28,290
1435134080738,412,Learn,200,OK,Thread Group 1-210,text,true,320,28,28,227
1435134080756,395,Learn,200,OK,Thread Group 1-215,text,true,320,27,27,207
1435134080784,367,Learn,200,OK,Thread Group 1-217,text,true,320,26,26,179
1435134080979,173,Learn,200,OK,Thread Group 1-231,text,true,320,25,25,0
1435134080788,365,Learn,200,OK,Thread Group 1-218,text,true,320,24,24,175
1435134080549,604,Learn,200,OK,Thread Group 1-197,text,true,320,23,23,447
1435134081149,5,Learn,200,OK,Thread Group 1-248,text,true,320,22,22,0
1435134080738,416,Learn,200,OK,Thread Group 1-212,text,true,320,21,21,226
1435134081145,10,Learn,200,OK,Thread Group 1-247,text,true,320,20,20,0
1435134081119,37,Learn,200,OK,Thread Group 1-245,text,true,320,19,19,0
1435134081129,27,Learn,200,OK,Thread Group 1-246,text,true,320,18,18,0
1435134080748,409,Learn,200,OK,Thread Group 1-214,text,true,320,17,17,216
1435134080588,546,Learn,200,OK,Thread Group 1-200,text,true,320,35,35,408
1435134080489,703,Learn,200,OK,Thread Group 1-190,text,true,320,17,17,508
1435134080488,705,Learn,200,OK,Thread Group 1-191,text,true,320,16,16,509
1435134080488,714,Learn,200,OK,Thread Group 1-193,text,true,320,15,15,509
1435134080395,808,Learn,200,OK,Thread Group 1-185,text,true,320,14,14,603
1435134080501,702,Learn,200,OK,Thread Group 1-188,text,true,320,13,13,496
1435134080380,824,Learn,200,OK,Thread Group 1-184,text,true,320,12,12,618
1435134080348,857,Learn,200,OK,Thread Group 1-180,text,true,320,11,11,651
1435134080501,704,Learn,200,OK,Thread Group 1-194,text,true,320,10,10,496
1435134080401,805,Learn,200,OK,Thread Group 1-186,text,true,320,9,9,597
1435134080502,705,Learn,200,OK,Thread Group 1-192,text,true,320,8,8,495
1435134080502,705,Learn,200,OK,Thread Group 1-189,text,true,320,7,7,495
1435134080517,691,Learn,200,OK,Thread Group 1-195,text,true,320,6,6,479
1435134080363,845,Learn,200,OK,Thread Group 1-182,text,true,320,5,5,636
1435134081186,23,Learn,200,OK,Thread Group 1-251,text,true,320,4,4,0
1435134081186,24,Learn,200,OK,Thread Group 1-249,text,true,320,3,3,0
1435134081190,20,Learn,200,OK,Thread Group 1-250,text,true,320,2,2,0
1435134080379,848,Learn,200,OK,Thread Group 1-183,text,true,320,2,2,619
1435134081226,2,Learn,200,OK,Thread Group 1-253,text,true,320,1,1,0
1435134081242,2,Learn,200,OK,Thread Group 1-252,text,true,320,1,1,0
1435134081284,2,Learn,200,OK,Thread Group 1-255,text,true,320,2,2,0
1435134081273,15,Learn,200,OK,Thread Group 1-254,text,true,320,1,1,0
1435134081294,2,Learn,200,OK,Thread Group 1-256,text,true,320,1,1,0
1435134081304,2,Learn,200,OK,Thread Group 1-257,text,true,320,1,1,0
1435134081314,10,Learn,200,OK,Thread Group 1-258,text,true,320,1,1,0
1435134081324,1,Learn,200,OK,Thread Group 1-259,text,true,320,1,1,0
1435134081340,1,Learn,200,OK,Thread Group 1-260,text,true,320,1,1,0
1435134081344,2,Learn,200,OK,Thread Group 1-261,text,true,320,1,1,0
1435134081354,2,Learn,200,OK,Thread Group 1-262,text,true,320,1,1,0
1435134081364,3,Learn,200,OK,Thread Group 1-263,text,true,320,1,1,0
1435134081374,2,Learn,200,OK,Thread Group 1-264,text,true,320,1,1,0
1435134081384,2,Learn,200,OK,Thread Group 1-265,text,true,320,1,1,0
1435134081394,2,Learn,200,OK,Thread Group 1-266,text,true,320,1,1,0
1435134081404,2,Learn,200,OK,Thread Group 1-267,text,true,320,1,1,0
1435134081414,2,Learn,200,OK,Thread Group 1-268,text,true,320,1,1,0
1435134081424,2,Learn,200,OK,Thread Group 1-269,text,true,320,1,1,0
1435134081434,2,Learn,200,OK,Thread Group 1-270,text,true,320,1,1,0
1435134081444,9,Learn,200,OK,Thread Group 1-271,text,true,320,1,1,0
1435134081454,2,Learn,200,OK,Thread Group 1-272,text,true,320,1,1,0
1435134081464,2,Learn,200,OK,Thread Group 1-273,text,true,320,1,1,0
1435134081474,2,Learn,200,OK,Thread Group 1-274,text,true,320,1,1,0
1435134081485,2,Learn,200,OK,Thread Group 1-275,text,true,320,1,1,0
1435134081506,2,Learn,200,OK,Thread Group 1-277,text,true,320,1,1,0
1435134081516,2,Learn,200,OK,Thread Group 1-278,text,true,320,1,1,0
1435134081526,2,Learn,200,OK,Thread Group 1-279,text,true,320,1,1,0
1435134081537,2,Learn,200,OK,Thread Group 1-280,text,true,320,1,1,0
1435134081546,1,Learn,200,OK,Thread Group 1-276,text,true,320,1,1,0
1435134081563,2,Learn,200,OK,Thread Group 1-281,text,true,320,1,1,0
1435134081574,2,Learn,200,OK,Thread Group 1-282,text,true,320,1,1,0
1435134081583,2,Learn,200,OK,Thread Group 1-283,text,true,320,1,1,0
1435134081600,2,Learn,200,OK,Thread Group 1-284,text,true,320,1,1,0
1435134081611,1,Learn,200,OK,Thread Group 1-285,text,true,320,1,1,0
1435134081620,2,Learn,200,OK,Thread Group 1-286,text,true,320,1,1,0
1435134081631,2,Learn,200,OK,Thread Group 1-287,text,true,320,1,1,0
1435134081642,1,Learn,200,OK,Thread Group 1-288,text,true,320,1,1,0
1435134081655,13,Learn,200,OK,Thread Group 1-289,text,true,320,1,1,0
1435134081678,1,Learn,200,OK,Thread Group 1-290,text,true,320,1,1,0
1435134081696,1,Learn,200,OK,Thread Group 1-291,text,true,320,1,1,0
1435134081707,1,Learn,200,OK,Thread Group 1-292,text,true,320,1,1,0
1435134081717,1,Learn,200,OK,Thread Group 1-293,text,true,320,1,1,0
1435134081728,1,Learn,200,OK,Thread Group 1-294,text,true,320,1,1,0
1435134081738,1,Learn,200,OK,Thread Group 1-295,text,true,320,1,1,0
1435134081749,1,Learn,200,OK,Thread Group 1-296,text,true,320,1,1,0
1435134081759,1,Learn,200,OK,Thread Group 1-297,text,true,320,1,1,0
1435134081777,1,Learn,200,OK,Thread Group 1-298,text,true,320,1,1,0
1435134081796,1,Learn,200,OK,Thread Group 1-299,text,true,320,1,1,0
1435134081809,2,Learn,200,OK,Thread Group 1-300,text,true,320,1,1,0
1435134081812,2,Learn,200,OK,Thread Group 1-301,text,true,320,1,1,0
1435134081825,2,Learn,200,OK,Thread Group 1-302,text,true,320,1,1,0
1435134081844,1,Learn,200,OK,Thread Group 1-304,text,true,320,2,2,0
1435134081842,8,Learn,200,OK,Thread Group 1-303,text,true,320,1,1,0
1435134081865,10,Learn,200,OK,Thread Group 1-305,text,true,320,3,3,0
1435134081874,1,Learn,200,OK,Thread Group 1-307,text,true,320,2,2,0
1435134081865,13,Learn,200,OK,Thread Group 1-306,text,true,320,1,1,0
1435134081890,2,Learn,200,OK,Thread Group 1-308,text,true,320,1,1,0
1435134081896,1,Learn,200,OK,Thread Group 1-309,text,true,320,1,1,0
1435134081907,1,Learn,200,OK,Thread Group 1-310,text,true,320,1,1,0
1435134081923,4,Learn,200,OK,Thread Group 1-311,text,true,320,2,2,0
1435134081927,1,Learn,200,OK,Thread Group 1-312,text,true,320,1,1,0
1435134081939,1,Learn,200,OK,Thread Group 1-313,text,true,320,1,1,0
1435134081955,2,Learn,200,OK,Thread Group 1-314,text,true,320,1,1,0
1435134081958,1,Learn,200,OK,Thread Group 1-315,text,true,320,1,1,0
1435134081975,2,Learn,200,OK,Thread Group 1-316,text,true,320,1,1,0
1435134081978,1,Learn,200,OK,Thread Group 1-317,text,true,320,1,1,0
1435134081989,1,Learn,200,OK,Thread Group 1-318,text,true,320,1,1,0
1435134081999,1,Learn,200,OK,Thread Group 1-319,text,true,320,1,1,0
1435134082009,1,Learn,200,OK,Thread Group 1-320,text,true,320,1,1,0
1435134082020,1,Learn,200,OK,Thread Group 1-321,text,true,320,1,1,0
1435134082030,1,Learn,200,OK,Thread Group 1-322,text,true,320,1,1,0
1435134082040,1,Learn,200,OK,Thread Group 1-323,text,true,320,1,1,0
1435134082051,1,Learn,200,OK,Thread Group 1-324,text,true,320,1,1,0
1435134082061,1,Learn,200,OK,Thread Group 1-325,text,true,320,1,1,0
1435134082071,1,Learn,200,OK,Thread Group 1-326,text,true,320,1,1,0
1435134082082,1,Learn,200,OK,Thread Group 1-327,text,true,320,1,1,0
1435134082092,1,Learn,200,OK,Thread Group 1-328,text,true,320,1,1,0
1435134082102,1,Learn,200,OK,Thread Group 1-329,text,true,320,1,1,0
1435134082113,1,Learn,200,OK,Thread Group 1-330,text,true,320,1,1,0
1435134082123,1,Learn,200,OK,Thread Group 1-331,text,true,320,1,1,0
1435134082133,1,Learn,200,OK,Thread Group 1-332,text,true,320,1,1,0
1435134082144,1,Learn,200,OK,Thread Group 1-333,text,true,320,1,1,0
1435134082169,1,Learn,200,OK,Thread Group 1-334,text,true,320,1,1,0
1435134082177,2,Learn,200,OK,Thread Group 1-335,text,true,320,1,1,0
1435134082187,1,Learn,200,OK,Thread Group 1-336,text,true,320,1,1,0
1435134082197,1,Learn,200,OK,Thread Group 1-337,text,true,320,1,1,0
1435134082207,2,Learn,200,OK,Thread Group 1-338,text,true,320,1,1,1
1435134082217,2,Learn,200,OK,Thread Group 1-339,text,true,320,1,1,0
1435134082227,2,Learn,200,OK,Thread Group 1-340,text,true,320,1,1,1
1435134082239,1,Learn,200,OK,Thread Group 1-341,text,true,320,1,1,0
1435134082249,1,Learn,200,OK,Thread Group 1-342,text,true,320,1,1,0
1435134082259,1,Learn,200,OK,Thread Group 1-343,text,true,320,1,1,0
1435134082270,1,Learn,200,OK,Thread Group 1-344,text,true,320,1,1,0
1435134082280,1,Learn,200,OK,Thread Group 1-345,text,true,320,1,1,0
1435134082292,2,Learn,200,OK,Thread Group 1-346,text,true,320,1,1,0
1435134082303,2,Learn,200,OK,Thread Group 1-347,text,true,320,1,1,0
1435134082313,2,Learn,200,OK,Thread Group 1-348,text,true,320,1,1,0
1435134082323,2,Learn,200,OK,Thread Group 1-349,text,true,320,1,1,0
1435134082334,2,Learn,200,OK,Thread Group 1-350,text,true,320,1,1,0
1435134082344,2,Learn,200,OK,Thread Group 1-351,text,true,320,1,1,0
1435134082354,2,Learn,200,OK,Thread Group 1-352,text,true,320,1,1,0
1435134082365,2,Learn,200,OK,Thread Group 1-353,text,true,320,1,1,0
1435134082375,2,Learn,200,OK,Thread Group 1-354,text,true,320,1,1,0
1435134082385,2,Learn,200,OK,Thread Group 1-355,text,true,320,1,1,0
1435134082396,2,Learn,200,OK,Thread Group 1-356,text,true,320,1,1,0
1435134082407,2,Learn,200,OK,Thread Group 1-357,text,true,320,1,1,0
1435134082430,2,Learn,200,OK,Thread Group 1-358,text,true,320,1,1,0
1435134082440,2,Learn,200,OK,Thread Group 1-359,text,true,320,1,1,0
1435134082450,2,Learn,200,OK,Thread Group 1-360,text,true,320,1,1,0
1435134082461,2,Learn,200,OK,Thread Group 1-361,text,true,320,1,1,0
1435134082471,2,Learn,200,OK,Thread Group 1-362,text,true,320,1,1,0
1435134082482,2,Learn,200,OK,Thread Group 1-363,text,true,320,1,1,0
1435134082495,2,Learn,200,OK,Thread Group 1-364,text,true,320,1,1,0
1435134082505,2,Learn,200,OK,Thread Group 1-365,text,true,320,1,1,0
1435134082516,2,Learn,200,OK,Thread Group 1-366,text,true,320,1,1,0
1435134082536,2,Learn,200,OK,Thread Group 1-367,text,true,320,1,1,0
1435134082546,1,Learn,200,OK,Thread Group 1-368,text,true,320,1,1,0
1435134082557,1,Learn,200,OK,Thread Group 1-369,text,true,320,1,1,0
1435134082567,2,Learn,200,OK,Thread Group 1-370,text,true,320,1,1,0
1435134082577,1,Learn,200,OK,Thread Group 1-371,text,true,320,1,1,0
1435134082588,1,Learn,200,OK,Thread Group 1-372,text,true,320,1,1,0
1435134082598,1,Learn,200,OK,Thread Group 1-373,text,true,320,1,1,0
1435134082608,2,Learn,200,OK,Thread Group 1-374,text,true,320,1,1,0
1435134082622,2,Learn,200,OK,Thread Group 1-375,text,true,320,1,1,0
1435134082632,2,Learn,200,OK,Thread Group 1-376,text,true,320,1,1,0
1435134082642,2,Learn,200,OK,Thread Group 1-377,text,true,320,1,1,0
1435134082653,2,Learn,200,OK,Thread Group 1-378,text,true,320,1,1,0
1435134082663,2,Learn,200,OK,Thread Group 1-379,text,true,320,1,1,0
1435134082673,2,Learn,200,OK,Thread Group 1-380,text,true,320,1,1,0
1435134082684,2,Learn,200,OK,Thread Group 1-381,text,true,320,1,1,0
1435134082694,2,Learn,200,OK,Thread Group 1-382,text,true,320,1,1,0
1435134082704,2,Learn,200,OK,Thread Group 1-383,text,true,320,1,1,0
1435134082715,2,Learn,200,OK,Thread Group 1-384,text,true,320,1,1,0
1435134082725,2,Learn,200,OK,Thread Group 1-385,text,true,320,1,1,0
1435134082735,2,Learn,200,OK,Thread Group 1-386,text,true,320,1,1,0
1435134082746,2,Learn,200,OK,Thread Group 1-387,text,true,320,1,1,0
1435134082756,2,Learn,200,OK,Thread Group 1-388,text,true,320,1,1,0
1435134082766,2,Learn,200,OK,Thread Group 1-389,text,true,320,1,1,0
1435134082778,2,Learn,200,OK,Thread Group 1-390,text,true,320,1,1,0
1435134082788,2,Learn,200,OK,Thread Group 1-391,text,true,320,1,1,0
1435134082798,2,Learn,200,OK,Thread Group 1-392,text,true,320,1,1,0
1435134082825,1,Learn,200,OK,Thread Group 1-393,text,true,320,1,1,0
1435134082832,1,Learn,200,OK,Thread Group 1-394,text,true,320,1,1,0
1435134082843,1,Learn,200,OK,Thread Group 1-395,text,true,320,1,1,0
1435134082853,1,Learn,200,OK,Thread Group 1-396,text,true,320,1,1,0
1435134082863,1,Learn,200,OK,Thread Group 1-397,text,true,320,1,1,0
1435134082874,1,Learn,200,OK,Thread Group 1-398,text,true,320,1,1,0
1435134082884,1,Learn,200,OK,Thread Group 1-399,text,true,320,1,1,0
1435134082900,1,Learn,200,OK,Thread Group 1-400,text,true,320,1,1,0
1435134082912,1,Learn,200,OK,Thread Group 1-401,text,true,320,1,1,0
1435134082914,2,Learn,200,OK,Thread Group 1-402,text,true,320,1,1,0
1435134082928,2,Learn,200,OK,Thread Group 1-403,text,true,320,1,1,0
1435134082935,10,Learn,200,OK,Thread Group 1-404,text,true,320,1,1,0
1435134082945,2,Learn,200,OK,Thread Group 1-405,text,true,320,1,1,0
1435134082956,2,Learn,200,OK,Thread Group 1-406,text,true,320,1,1,0
1435134082966,2,Learn,200,OK,Thread Group 1-407,text,true,320,1,1,0
1435134082976,2,Learn,200,OK,Thread Group 1-408,text,true,320,1,1,0
1435134082988,2,Learn,200,OK,Thread Group 1-409,text,true,320,1,1,0
1435134082998,2,Learn,200,OK,Thread Group 1-410,text,true,320,1,1,0
1435134083008,2,Learn,200,OK,Thread Group 1-411,text,true,320,1,1,0
1435134083019,2,Learn,200,OK,Thread Group 1-412,text,true,320,1,1,0
1435134083037,2,Learn,200,OK,Thread Group 1-413,text,true,320,1,1,0
1435134083048,2,Learn,200,OK,Thread Group 1-414,text,true,320,1,1,0
1435134083058,2,Learn,200,OK,Thread Group 1-415,text,true,320,1,1,0
1435134083068,2,Learn,200,OK,Thread Group 1-416,text,true,320,1,1,0
1435134083079,2,Learn,200,OK,Thread Group 1-417,text,true,320,1,1,0
1435134083089,2,Learn,200,OK,Thread Group 1-418,text,true,320,1,1,0
1435134083099,2,Learn,200,OK,Thread Group 1-419,text,true,320,1,1,0
1435134083110,2,Learn,200,OK,Thread Group 1-420,text,true,320,1,1,0
1435134083120,2,Learn,200,OK,Thread Group 1-421,text,true,320,1,1,0
1435134083130,2,Learn,200,OK,Thread Group 1-422,text,true,320,1,1,0
1435134083141,2,Learn,200,OK,Thread Group 1-423,text,true,320,1,1,0
1435134083152,1,Learn,200,OK,Thread Group 1-424,text,true,320,1,1,0
1435134083162,1,Learn,200,OK,Thread Group 1-425,text,true,320,1,1,0
1435134083175,1,Learn,200,OK,Thread Group 1-426,text,true,320,1,1,0
1435134083195,2,Learn,200,OK,Thread Group 1-427,text,true,320,1,1,0
1435134083205,2,Learn,200,OK,Thread Group 1-428,text,true,320,1,1,0
1435134083216,2,Learn,200,OK,Thread Group 1-429,text,true,320,1,1,0
1435134083226,2,Learn,200,OK,Thread Group 1-430,text,true,320,1,1,0
1435134083236,2,Learn,200,OK,Thread Group 1-431,text,true,320,1,1,0
1435134083248,2,Learn,200,OK,Thread Group 1-432,text,true,320,1,1,0
1435134083258,2,Learn,200,OK,Thread Group 1-433,text,true,320,1,1,0
1435134083269,2,Learn,200,OK,Thread Group 1-434,text,true,320,1,1,0
1435134083279,2,Learn,200,OK,Thread Group 1-435,text,true,320,1,1,0
1435134083289,2,Learn,200,OK,Thread Group 1-436,text,true,320,1,1,0
1435134083299,2,Learn,200,OK,Thread Group 1-437,text,true,320,1,1,0
1435134083310,2,Learn,200,OK,Thread Group 1-438,text,true,320,1,1,0
1435134083320,10,Learn,200,OK,Thread Group 1-439,text,true,320,1,1,0
1435134083330,2,Learn,200,OK,Thread Group 1-440,text,true,320,1,1,0
1435134083346,1,Learn,200,OK,Thread Group 1-441,text,true,320,1,1,0
1435134083351,2,Learn,200,OK,Thread Group 1-442,text,true,320,1,1,0
1435134083381,1,Learn,200,OK,Thread Group 1-444,text,true,320,2,2,0
1435134083394,1,Learn,200,OK,Thread Group 1-445,text,true,320,2,2,0
1435134083378,18,Learn,200,OK,Thread Group 1-443,text,true,320,1,1,0
1435134083402,1,Learn,200,OK,Thread Group 1-446,text,true,320,1,1,0
1435134083412,1,Learn,200,OK,Thread Group 1-447,text,true,320,1,1,0
1435134083423,1,Learn,200,OK,Thread Group 1-448,text,true,320,1,1,0
1435134083433,1,Learn,200,OK,Thread Group 1-449,text,true,320,1,1,0
1435134083443,1,Learn,200,OK,Thread Group 1-450,text,true,320,1,1,0
1435134083454,1,Learn,200,OK,Thread Group 1-451,text,true,320,1,1,0
1435134083464,1,Learn,200,OK,Thread Group 1-452,text,true,320,1,1,0
1435134083474,1,Learn,200,OK,Thread Group 1-453,text,true,320,1,1,0
1435134083485,1,Learn,200,OK,Thread Group 1-454,text,true,320,1,1,0
1435134083495,1,Learn,200,OK,Thread Group 1-455,text,true,320,1,1,0
1435134083505,1,Learn,200,OK,Thread Group 1-456,text,true,320,1,1,0
1435134083516,1,Learn,200,OK,Thread Group 1-457,text,true,320,1,1,0
1435134083526,1,Learn,200,OK,Thread Group 1-458,text,true,320,1,1,0
1435134083537,1,Learn,200,OK,Thread Group 1-459,text,true,320,1,1,0
1435134083547,1,Learn,200,OK,Thread Group 1-460,text,true,320,1,1,0
1435134083557,1,Learn,200,OK,Thread Group 1-461,text,true,320,1,1,0
1435134083568,1,Learn,200,OK,Thread Group 1-462,text,true,320,1,1,0
1435134083578,1,Learn,200,OK,Thread Group 1-463,text,true,320,1,1,0
1435134083588,1,Learn,200,OK,Thread Group 1-464,text,true,320,1,1,0
1435134083601,1,Learn,200,OK,Thread Group 1-465,text,true,320,1,1,0
1435134083618,1,Learn,200,OK,Thread Group 1-466,text,true,320,1,1,0
1435134083628,1,Learn,200,OK,Thread Group 1-467,text,true,320,1,1,0
1435134083639,1,Learn,200,OK,Thread Group 1-468,text,true,320,1,1,0
1435134083650,1,Learn,200,OK,Thread Group 1-469,text,true,320,1,1,0
1435134083673,1,Learn,200,OK,Thread Group 1-470,text,true,320,1,1,0
1435134083690,1,Learn,200,OK,Thread Group 1-471,text,true,320,1,1,0
1435134083697,1,Learn,200,OK,Thread Group 1-472,text,true,320,1,1,0
1435134083707,1,Learn,200,OK,Thread Group 1-473,text,true,320,1,1,0
1435134083718,1,Learn,200,OK,Thread Group 1-474,text,true,320,1,1,0
1435134083727,2,Learn,200,OK,Thread Group 1-475,text,true,320,1,1,0
1435134083738,1,Learn,200,OK,Thread Group 1-476,text,true,320,1,1,0
1435134083750,1,Learn,200,OK,Thread Group 1-477,text,true,320,1,1,0
1435134083761,1,Learn,200,OK,Thread Group 1-478,text,true,320,1,1,0
1435134083771,1,Learn,200,OK,Thread Group 1-479,text,true,320,1,1,0
1435134083781,1,Learn,200,OK,Thread Group 1-480,text,true,320,1,1,0
1435134083791,1,Learn,200,OK,Thread Group 1-481,text,true,320,1,1,0
1435134083801,1,Learn,200,OK,Thread Group 1-482,text,true,320,1,1,0
1435134083811,1,Learn,200,OK,Thread Group 1-483,text,true,320,1,1,0
1435134083821,2,Learn,200,OK,Thread Group 1-484,text,true,320,1,1,0
1435134083832,2,Learn,200,OK,Thread Group 1-485,text,true,320,1,1,0
1435134083842,1,Learn,200,OK,Thread Group 1-486,text,true,320,1,1,0
1435134083852,1,Learn,200,OK,Thread Group 1-487,text,true,320,1,1,0
1435134083862,1,Learn,200,OK,Thread Group 1-488,text,true,320,1,1,0
1435134083874,1,Learn,200,OK,Thread Group 1-489,text,true,320,1,1,0
1435134083884,1,Learn,200,OK,Thread Group 1-490,text,true,320,1,1,0
1435134083913,1,Learn,200,OK,Thread Group 1-491,text,true,320,1,1,0
1435134083918,1,Learn,200,OK,Thread Group 1-492,text,true,320,1,1,0
1435134083928,1,Learn,200,OK,Thread Group 1-493,text,true,320,1,1,0
1435134083941,1,Learn,200,OK,Thread Group 1-494,text,true,320,1,1,0
1435134083951,1,Learn,200,OK,Thread Group 1-495,text,true,320,1,1,0
1435134083961,1,Learn,200,OK,Thread Group 1-496,text,true,320,1,1,0
1435134083972,1,Learn,200,OK,Thread Group 1-497,text,true,320,1,1,0
1435134083982,1,Learn,200,OK,Thread Group 1-498,text,true,320,1,1,0
1435134083992,1,Learn,200,OK,Thread Group 1-499,text,true,320,1,1,0
1435134084003,1,Learn,200,OK,Thread Group 1-500,text,true,320,1,1,0
1435134084013,1,Learn,200,OK,Thread Group 1-501,text,true,320,1,1,0
1435134084023,1,Learn,200,OK,Thread Group 1-502,text,true,320,1,1,0
1435134084034,1,Learn,200,OK,Thread Group 1-503,text,true,320,1,1,0
1435134084044,1,Learn,200,OK,Thread Group 1-504,text,true,320,1,1,0
1435134084054,1,Learn,200,OK,Thread Group 1-505,text,true,320,1,1,0
1435134084064,1,Learn,200,OK,Thread Group 1-506,text,true,320,1,1,0
1435134084075,1,Learn,200,OK,Thread Group 1-507,text,true,320,1,1,0
1435134084085,1,Learn,200,OK,Thread Group 1-508,text,true,320,1,1,0
1435134084104,1,Learn,200,OK,Thread Group 1-509,text,true,320,1,1,0
1435134084114,1,Learn,200,OK,Thread Group 1-510,text,true,320,1,1,0
1435134084124,1,Learn,200,OK,Thread Group 1-511,text,true,320,1,1,0
1435134084134,1,Learn,200,OK,Thread Group 1-512,text,true,320,1,1,0
1435134084145,1,Learn,200,OK,Thread Group 1-513,text,true,320,1,1,0
1435134084155,1,Learn,200,OK,Thread Group 1-514,text,true,320,1,1,0
1435134084166,1,Learn,200,OK,Thread Group 1-515,text,true,320,1,1,0
1435134084176,1,Learn,200,OK,Thread Group 1-516,text,true,320,1,1,0
1435134084186,1,Learn,200,OK,Thread Group 1-517,text,true,320,1,1,0
1435134084197,1,Learn,200,OK,Thread Group 1-518,text,true,320,1,1,0
1435134084207,3,Learn,200,OK,Thread Group 1-519,text,true,320,1,1,0
1435134084217,1,Learn,200,OK,Thread Group 1-520,text,true,320,1,1,0
1435134084227,1,Learn,200,OK,Thread Group 1-521,text,true,320,1,1,0
1435134084238,1,Learn,200,OK,Thread Group 1-522,text,true,320,1,1,0
1435134084248,1,Learn,200,OK,Thread Group 1-523,text,true,320,1,1,0
1435134084258,1,Learn,200,OK,Thread Group 1-524,text,true,320,1,1,0
1435134084269,1,Learn,200,OK,Thread Group 1-525,text,true,320,1,1,0
1435134084279,1,Learn,200,OK,Thread Group 1-526,text,true,320,1,1,0
1435134084289,1,Learn,200,OK,Thread Group 1-527,text,true,320,1,1,0
1435134084300,1,Learn,200,OK,Thread Group 1-528,text,true,320,1,1,0
1435134084310,1,Learn,200,OK,Thread Group 1-529,text,true,320,1,1,0
1435134084320,1,Learn,200,OK,Thread Group 1-530,text,true,320,1,1,0
1435134084331,1,Learn,200,OK,Thread Group 1-531,text,true,320,1,1,0
1435134084341,1,Learn,200,OK,Thread Group 1-532,text,true,320,1,1,0
1435134084351,1,Learn,200,OK,Thread Group 1-533,text,true,320,1,1,0
1435134084363,1,Learn,200,OK,Thread Group 1-534,text,true,320,1,1,0
1435134084380,1,Learn,200,OK,Thread Group 1-535,text,true,320,1,1,0
1435134084391,1,Learn,200,OK,Thread Group 1-536,text,true,320,1,1,0
1435134084404,1,Learn,200,OK,Thread Group 1-537,text,true,320,1,1,0
1435134084415,1,Learn,200,OK,Thread Group 1-538,text,true,320,1,1,0
1435134084425,1,Learn,200,OK,Thread Group 1-539,text,true,320,1,1,0
1435134084435,2,Learn,200,OK,Thread Group 1-540,text,true,320,1,1,0
1435134084445,1,Learn,200,OK,Thread Group 1-541,text,true,320,1,1,0
1435134084456,1,Learn,200,OK,Thread Group 1-542,text,true,320,1,1,0
1435134084472,5,Learn,200,OK,Thread Group 1-543,text,true,320,2,2,0
1435134084477,1,Learn,200,OK,Thread Group 1-544,text,true,320,1,1,0
1435134084488,1,Learn,200,OK,Thread Group 1-545,text,true,320,1,1,0
1435134084504,7,Learn,200,OK,Thread Group 1-546,text,true,320,1,1,0
1435134084520,2,Learn,200,OK,Thread Group 1-547,text,true,320,1,1,0
1435134084529,1,Learn,200,OK,Thread Group 1-548,text,true,320,1,1,0
1435134084538,1,Learn,200,OK,Thread Group 1-549,text,true,320,1,1,0
1435134084553,1,Learn,200,OK,Thread Group 1-550,text,true,320,1,1,0
1435134084571,2,Learn,200,OK,Thread Group 1-551,text,true,320,1,1,0
1435134084581,1,Learn,200,OK,Thread Group 1-552,text,true,320,1,1,0
1435134084592,1,Learn,200,OK,Thread Group 1-553,text,true,320,1,1,0
1435134084602,1,Learn,200,OK,Thread Group 1-554,text,true,320,1,1,0
1435134084612,1,Learn,200,OK,Thread Group 1-555,text,true,320,1,1,0
1435134084625,2,Learn,200,OK,Thread Group 1-556,text,true,320,1,1,0
1435134084635,1,Learn,200,OK,Thread Group 1-557,text,true,320,1,1,0
1435134084645,1,Learn,200,OK,Thread Group 1-558,text,true,320,1,1,0
1435134084656,1,Learn,200,OK,Thread Group 1-559,text,true,320,1,1,0
1435134084666,1,Learn,200,OK,Thread Group 1-560,text,true,320,1,1,0
1435134084676,1,Learn,200,OK,Thread Group 1-561,text,true,320,1,1,0
1435134084687,1,Learn,200,OK,Thread Group 1-562,text,true,320,1,1,0
1435134084697,1,Learn,200,OK,Thread Group 1-563,text,true,320,1,1,0
1435134084707,2,Learn,200,OK,Thread Group 1-564,text,true,320,1,1,0
1435134084717,1,Learn,200,OK,Thread Group 1-565,text,true,320,1,1,0
1435134084728,2,Learn,200,OK,Thread Group 1-566,text,true,320,1,1,0
1435134084749,1,Learn,200,OK,Thread Group 1-567,text,true,320,1,1,0
1435134084763,1,Learn,200,OK,Thread Group 1-568,text,true,320,1,1,0
1435134084773,1,Learn,200,OK,Thread Group 1-569,text,true,320,1,1,0
1435134084784,1,Learn,200,OK,Thread Group 1-570,text,true,320,1,1,0
1435134084794,1,Learn,200,OK,Thread Group 1-571,text,true,320,1,1,0
1435134084804,1,Learn,200,OK,Thread Group 1-572,text,true,320,1,1,0
1435134084816,1,Learn,200,OK,Thread Group 1-573,text,true,320,1,1,0
1435134084826,1,Learn,200,OK,Thread Group 1-574,text,true,320,1,1,0
1435134084845,1,Learn,200,OK,Thread Group 1-575,text,true,320,1,1,0
1435134084856,1,Learn,200,OK,Thread Group 1-576,text,true,320,1,1,0
1435134084866,1,Learn,200,OK,Thread Group 1-577,text,true,320,1,1,0
1435134084881,1,Learn,200,OK,Thread Group 1-578,text,true,320,1,1,0
1435134084892,1,Learn,200,OK,Thread Group 1-579,text,true,320,1,1,0
1435134084910,2,Learn,200,OK,Thread Group 1-580,text,true,320,1,1,0
1435134084920,2,Learn,200,OK,Thread Group 1-581,text,true,320,1,1,0
1435134084931,2,Learn,200,OK,Thread Group 1-582,text,true,320,1,1,0
1435134084941,2,Learn,200,OK,Thread Group 1-583,text,true,320,1,1,0
1435134084951,2,Learn,200,OK,Thread Group 1-584,text,true,320,1,1,0
1435134084962,2,Learn,200,OK,Thread Group 1-585,text,true,320,1,1,0
1435134084972,2,Learn,200,OK,Thread Group 1-586,text,true,320,1,1,0
1435134084985,2,Learn,200,OK,Thread Group 1-587,text,true,320,1,1,0
1435134084996,2,Learn,200,OK,Thread Group 1-588,text,true,320,1,1,1
1435134085006,2,Learn,200,OK,Thread Group 1-589,text,true,320,1,1,1
1435134085018,1,Learn,200,OK,Thread Group 1-590,text,true,320,1,1,0
1435134085028,1,Learn,200,OK,Thread Group 1-591,text,true,320,1,1,0
1435134085038,1,Learn,200,OK,Thread Group 1-592,text,true,320,1,1,0
1435134085049,1,Learn,200,OK,Thread Group 1-593,text,true,320,1,1,0
1435134085059,1,Learn,200,OK,Thread Group 1-594,text,true,320,1,1,0
1435134085078,1,Learn,200,OK,Thread Group 1-595,text,true,320,1,1,0
1435134085088,1,Learn,200,OK,Thread Group 1-596,text,true,320,1,1,0
1435134085099,1,Learn,200,OK,Thread Group 1-597,text,true,320,1,1,0
1435134085109,1,Learn,200,OK,Thread Group 1-598,text,true,320,1,1,0
1435134085124,1,Learn,200,OK,Thread Group 1-599,text,true,320,1,1,0
1435134085135,1,Learn,200,OK,Thread Group 1-600,text,true,320,1,1,0
1435134085145,1,Learn,200,OK,Thread Group 1-601,text,true,320,1,1,0
1435134085171,1,Learn,200,OK,Thread Group 1-602,text,true,320,1,1,0
1435134085177,1,Learn,200,OK,Thread Group 1-603,text,true,320,1,1,0
1435134085188,2,Learn,200,OK,Thread Group 1-604,text,true,320,1,1,0
1435134085198,1,Learn,200,OK,Thread Group 1-605,text,true,320,1,1,0
1435134085208,1,Learn,200,OK,Thread Group 1-606,text,true,320,1,1,0
1435134085218,1,Learn,200,OK,Thread Group 1-607,text,true,320,1,1,0
1435134085229,1,Learn,200,OK,Thread Group 1-608,text,true,320,1,1,0
1435134085239,1,Learn,200,OK,Thread Group 1-609,text,true,320,1,1,0
1435134085249,1,Learn,200,OK,Thread Group 1-610,text,true,320,1,1,0
1435134085260,1,Learn,200,OK,Thread Group 1-611,text,true,320,1,1,0
1435134085270,2,Learn,200,OK,Thread Group 1-612,text,true,320,1,1,0
1435134085280,2,Learn,200,OK,Thread Group 1-613,text,true,320,1,1,0
1435134085290,2,Learn,200,OK,Thread Group 1-614,text,true,320,1,1,0
1435134085301,2,Learn,200,OK,Thread Group 1-615,text,true,320,1,1,1
1435134085311,2,Learn,200,OK,Thread Group 1-616,text,true,320,1,1,0
1435134085321,2,Learn,200,OK,Thread Group 1-617,text,true,320,1,1,0
1435134085331,2,Learn,200,OK,Thread Group 1-618,text,true,320,1,1,0
1435134085342,2,Learn,200,OK,Thread Group 1-619,text,true,320,1,1,0
1435134085352,2,Learn,200,OK,Thread Group 1-620,text,true,320,1,1,0
1435134085363,2,Learn,200,OK,Thread Group 1-621,text,true,320,1,1,0
1435134085373,2,Learn,200,OK,Thread Group 1-622,text,true,320,1,1,1
1435134085384,1,Learn,200,OK,Thread Group 1-623,text,true,320,1,1,0
1435134085394,1,Learn,200,OK,Thread Group 1-624,text,true,320,1,1,0
1435134085405,1,Learn,200,OK,Thread Group 1-625,text,true,320,1,1,0
1435134085415,1,Learn,200,OK,Thread Group 1-626,text,true,320,1,1,0
1435134085425,1,Learn,200,OK,Thread Group 1-627,text,true,320,1,1,0
1435134085435,1,Learn,200,OK,Thread Group 1-628,text,true,320,1,1,0
1435134085446,1,Learn,200,OK,Thread Group 1-629,text,true,320,1,1,0
1435134085456,1,Learn,200,OK,Thread Group 1-630,text,true,320,1,1,0
1435134085466,1,Learn,200,OK,Thread Group 1-631,text,true,320,1,1,0
1435134085476,1,Learn,200,OK,Thread Group 1-632,text,true,320,1,1,0
1435134085486,5,Learn,200,OK,Thread Group 1-633,text,true,320,1,1,0
1435134085497,1,Learn,200,OK,Thread Group 1-634,text,true,320,1,1,0
1435134085507,1,Learn,200,OK,Thread Group 1-635,text,true,320,1,1,0
1435134085517,1,Learn,200,OK,Thread Group 1-636,text,true,320,1,1,0
1435134085528,1,Learn,200,OK,Thread Group 1-637,text,true,320,1,1,0
1435134085538,1,Learn,200,OK,Thread Group 1-638,text,true,320,1,1,0
1435134085548,1,Learn,200,OK,Thread Group 1-639,text,true,320,1,1,0
1435134085558,1,Learn,200,OK,Thread Group 1-640,text,true,320,1,1,0
1435134085568,1,Learn,200,OK,Thread Group 1-641,text,true,320,1,1,0
1435134085579,1,Learn,200,OK,Thread Group 1-642,text,true,320,1,1,0
1435134085589,1,Learn,200,OK,Thread Group 1-643,text,true,320,1,1,0
1435134085599,1,Learn,200,OK,Thread Group 1-644,text,true,320,1,1,0
1435134085621,2,Learn,200,OK,Thread Group 1-645,text,true,320,1,1,0
1435134085632,2,Learn,200,OK,Thread Group 1-646,text,true,320,1,1,0
1435134085643,1,Learn,200,OK,Thread Group 1-647,text,true,320,1,1,0
1435134085676,1,Learn,200,OK,Thread Group 1-648,text,true,320,1,1,0
1435134085692,1,Learn,200,OK,Thread Group 1-649,text,true,320,1,1,0
1435134085702,1,Learn,200,OK,Thread Group 1-650,text,true,320,1,1,0
1435134085727,1,Learn,200,OK,Thread Group 1-651,text,true,320,1,1,0
1435134085737,1,Learn,200,OK,Thread Group 1-652,text,true,320,1,1,0
1435134085747,1,Learn,200,OK,Thread Group 1-653,text,true,320,1,1,0
1435134085757,1,Learn,200,OK,Thread Group 1-654,text,true,320,1,1,0
1435134085768,1,Learn,200,OK,Thread Group 1-655,text,true,320,1,1,0
1435134085780,1,Learn,200,OK,Thread Group 1-656,text,true,320,1,1,0
1435134085789,1,Learn,200,OK,Thread Group 1-657,text,true,320,1,1,0
1435134085800,1,Learn,200,OK,Thread Group 1-658,text,true,320,1,1,0
1435134085810,2,Learn,200,OK,Thread Group 1-659,text,true,320,1,1,0
1435134085820,1,Learn,200,OK,Thread Group 1-660,text,true,320,1,1,0
1435134085832,1,Learn,200,OK,Thread Group 1-661,text,true,320,1,1,0
1435134085842,1,Learn,200,OK,Thread Group 1-662,text,true,320,1,1,0
1435134085852,2,Learn,200,OK,Thread Group 1-663,text,true,320,1,1,0
1435134085863,1,Learn,200,OK,Thread Group 1-664,text,true,320,1,1,0
1435134085873,2,Learn,200,OK,Thread Group 1-665,text,true,320,1,1,0
1435134085883,2,Learn,200,OK,Thread Group 1-666,text,true,320,1,1,0
1435134085906,1,Learn,200,OK,Thread Group 1-667,text,true,320,1,1,0
1435134085917,1,Learn,200,OK,Thread Group 1-668,text,true,320,1,1,0
1435134085928,1,Learn,200,OK,Thread Group 1-669,text,true,320,1,1,0
1435134085940,1,Learn,200,OK,Thread Group 1-670,text,true,320,1,1,0
1435134085950,1,Learn,200,OK,Thread Group 1-671,text,true,320,1,1,0
1435134085962,1,Learn,200,OK,Thread Group 1-672,text,true,320,1,1,0
1435134085972,1,Learn,200,OK,Thread Group 1-673,text,true,320,1,1,0
1435134085982,1,Learn,200,OK,Thread Group 1-674,text,true,320,1,1,0
1435134085993,1,Learn,200,OK,Thread Group 1-675,text,true,320,1,1,0
1435134086003,1,Learn,200,OK,Thread Group 1-676,text,true,320,1,1,0
1435134086013,1,Learn,200,OK,Thread Group 1-677,text,true,320,1,1,0
1435134086023,1,Learn,200,OK,Thread Group 1-678,text,true,320,1,1,0
1435134086034,1,Learn,200,OK,Thread Group 1-679,text,true,320,1,1,0
1435134086044,1,Learn,200,OK,Thread Group 1-680,text,true,320,1,1,0
1435134086054,1,Learn,200,OK,Thread Group 1-681,text,true,320,1,1,0
1435134086064,1,Learn,200,OK,Thread Group 1-682,text,true,320,1,1,0
1435134086083,1,Learn,200,OK,Thread Group 1-683,text,true,320,1,1,0
1435134086094,1,Learn,200,OK,Thread Group 1-684,text,true,320,1,1,0
1435134086105,1,Learn,200,OK,Thread Group 1-685,text,true,320,1,1,0
1435134086115,1,Learn,200,OK,Thread Group 1-686,text,true,320,1,1,0
1435134086125,1,Learn,200,OK,Thread Group 1-687,text,true,320,1,1,0
1435134086136,1,Learn,200,OK,Thread Group 1-688,text,true,320,1,1,0
1435134086146,1,Learn,200,OK,Thread Group 1-689,text,true,320,1,1,0
1435134086157,1,Learn,200,OK,Thread Group 1-690,text,true,320,1,1,0
1435134086167,2,Learn,200,OK,Thread Group 1-691,text,true,320,1,1,1
1435134086177,1,Learn,200,OK,Thread Group 1-692,text,true,320,1,1,0
1435134086188,1,Learn,200,OK,Thread Group 1-693,text,true,320,1,1,0
1435134086198,1,Learn,200,OK,Thread Group 1-694,text,true,320,1,1,0
1435134086208,2,Learn,200,OK,Thread Group 1-695,text,true,320,1,1,0
1435134086219,1,Learn,200,OK,Thread Group 1-696,text,true,320,1,1,0
1435134086229,2,Learn,200,OK,Thread Group 1-697,text,true,320,1,1,0
1435134086239,1,Learn,200,OK,Thread Group 1-698,text,true,320,1,1,0
1435134086249,2,Learn,200,OK,Thread Group 1-699,text,true,320,1,1,1
1435134086260,1,Learn,200,OK,Thread Group 1-700,text,true,320,1,1,0
1435134086280,2,Learn,200,OK,Thread Group 1-701,text,true,320,1,1,0
1435134086288,2,Learn,200,OK,Thread Group 1-702,text,true,320,1,1,0
1435134086298,2,Learn,200,OK,Thread Group 1-703,text,true,320,1,1,0
1435134086309,2,Learn,200,OK,Thread Group 1-704,text,true,320,1,1,0
1435134086319,2,Learn,200,OK,Thread Group 1-705,text,true,320,1,1,0
1435134086329,2,Learn,200,OK,Thread Group 1-706,text,true,320,1,1,0
1435134086339,2,Learn,200,OK,Thread Group 1-707,text,true,320,1,1,0
1435134086350,2,Learn,200,OK,Thread Group 1-708,text,true,320,1,1,0
1435134086360,2,Learn,200,OK,Thread Group 1-709,text,true,320,1,1,1
1435134086370,2,Learn,200,OK,Thread Group 1-710,text,true,320,1,1,1
1435134086382,1,Learn,200,OK,Thread Group 1-711,text,true,320,1,1,0
1435134086392,1,Learn,200,OK,Thread Group 1-712,text,true,320,1,1,0
1435134086402,1,Learn,200,OK,Thread Group 1-713,text,true,320,1,1,0
1435134086416,1,Learn,200,OK,Thread Group 1-714,text,true,320,1,1,0
1435134086431,2,Learn,200,OK,Thread Group 1-715,text,true,320,1,1,0
1435134086452,1,Learn,200,OK,Thread Group 1-716,text,true,320,1,1,0
1435134086454,1,Learn,200,OK,Thread Group 1-717,text,true,320,1,1,0
1435134086468,1,Learn,200,OK,Thread Group 1-718,text,true,320,1,1,0
1435134086475,2,Learn,200,OK,Thread Group 1-719,text,true,320,1,1,0
1435134086488,1,Learn,200,OK,Thread Group 1-720,text,true,320,1,1,0
1435134086496,1,Learn,200,OK,Thread Group 1-721,text,true,320,1,1,0
1435134086507,1,Learn,200,OK,Thread Group 1-722,text,true,320,1,1,0
1435134086517,1,Learn,200,OK,Thread Group 1-723,text,true,320,1,1,0
1435134086527,1,Learn,200,OK,Thread Group 1-724,text,true,320,1,1,0
1435134086537,1,Learn,200,OK,Thread Group 1-725,text,true,320,1,1,0
1435134086547,1,Learn,200,OK,Thread Group 1-726,text,true,320,1,1,0
1435134086557,1,Learn,200,OK,Thread Group 1-727,text,true,320,1,1,0
1435134086568,1,Learn,200,OK,Thread Group 1-728,text,true,320,1,1,0
1435134086578,1,Learn,200,OK,Thread Group 1-729,text,true,320,1,1,0
1435134086588,1,Learn,200,OK,Thread Group 1-730,text,true,320,1,1,0
1435134086598,1,Learn,200,OK,Thread Group 1-731,text,true,320,1,1,0
1435134086608,2,Learn,200,OK,Thread Group 1-732,text,true,320,1,1,0
1435134086618,1,Learn,200,OK,Thread Group 1-733,text,true,320,1,1,0
1435134086629,1,Learn,200,OK,Thread Group 1-734,text,true,320,1,1,0
1435134086639,2,Learn,200,OK,Thread Group 1-735,text,true,320,1,1,0
1435134086650,1,Learn,200,OK,Thread Group 1-736,text,true,320,1,1,0
1435134086660,1,Learn,200,OK,Thread Group 1-737,text,true,320,1,1,0
1435134086671,1,Learn,200,OK,Thread Group 1-738,text,true,320,1,1,0
1435134086681,1,Learn,200,OK,Thread Group 1-739,text,true,320,1,1,0
1435134086691,1,Learn,200,OK,Thread Group 1-740,text,true,320,1,1,0
1435134086701,1,Learn,200,OK,Thread Group 1-741,text,true,320,1,1,0
1435134086712,1,Learn,200,OK,Thread Group 1-742,text,true,320,1,1,0
1435134086722,1,Learn,200,OK,Thread Group 1-743,text,true,320,1,1,0
1435134086732,1,Learn,200,OK,Thread Group 1-744,text,true,320,1,1,0
1435134086742,1,Learn,200,OK,Thread Group 1-745,text,true,320,1,1,0
1435134086753,1,Learn,200,OK,Thread Group 1-746,text,true,320,1,1,0
1435134086763,1,Learn,200,OK,Thread Group 1-747,text,true,320,1,1,0
1435134086781,1,Learn,200,OK,Thread Group 1-748,text,true,320,1,1,0
1435134086792,1,Learn,200,OK,Thread Group 1-749,text,true,320,1,1,0
1435134086802,1,Learn,200,OK,Thread Group 1-750,text,true,320,1,1,0
1435134086812,1,Learn,200,OK,Thread Group 1-751,text,true,320,1,1,0
1435134086822,1,Learn,200,OK,Thread Group 1-752,text,true,320,1,1,0
1435134086833,1,Learn,200,OK,Thread Group 1-753,text,true,320,1,1,0
1435134086843,1,Learn,200,OK,Thread Group 1-754,text,true,320,1,1,0
1435134086853,1,Learn,200,OK,Thread Group 1-755,text,true,320,1,1,0
1435134086863,1,Learn,200,OK,Thread Group 1-756,text,true,320,1,1,0
1435134086874,1,Learn,200,OK,Thread Group 1-757,text,true,320,1,1,0
1435134086884,1,Learn,200,OK,Thread Group 1-758,text,true,320,1,1,0
1435134086894,1,Learn,200,OK,Thread Group 1-759,text,true,320,1,1,0
1435134086904,1,Learn,200,OK,Thread Group 1-760,text,true,320,1,1,0
1435134086915,1,Learn,200,OK,Thread Group 1-761,text,true,320,1,1,0
1435134086925,1,Learn,200,OK,Thread Group 1-762,text,true,320,1,1,0
1435134086935,1,Learn,200,OK,Thread Group 1-763,text,true,320,1,1,0
1435134086945,1,Learn,200,OK,Thread Group 1-764,text,true,320,1,1,0
1435134086956,1,Learn,200,OK,Thread Group 1-765,text,true,320,1,1,0
1435134086966,1,Learn,200,OK,Thread Group 1-766,text,true,320,1,1,0
1435134086976,1,Learn,200,OK,Thread Group 1-767,text,true,320,1,1,0
1435134086996,2,Learn,200,OK,Thread Group 1-768,text,true,320,1,1,1
1435134087008,1,Learn,200,OK,Thread Group 1-769,text,true,320,1,1,0
1435134087018,1,Learn,200,OK,Thread Group 1-770,text,true,320,1,1,0
1435134087028,1,Learn,200,OK,Thread Group 1-771,text,true,320,1,1,0
1435134087039,1,Learn,200,OK,Thread Group 1-772,text,true,320,1,1,0
1435134087049,1,Learn,200,OK,Thread Group 1-773,text,true,320,1,1,0
1435134087059,1,Learn,200,OK,Thread Group 1-774,text,true,320,1,1,0
1435134087070,1,Learn,200,OK,Thread Group 1-775,text,true,320,1,1,0
1435134087080,1,Learn,200,OK,Thread Group 1-776,text,true,320,1,1,0
1435134087090,1,Learn,200,OK,Thread Group 1-777,text,true,320,1,1,0
1435134087100,1,Learn,200,OK,Thread Group 1-778,text,true,320,1,1,0
1435134087111,1,Learn,200,OK,Thread Group 1-779,text,true,320,1,1,0
1435134087121,1,Learn,200,OK,Thread Group 1-780,text,true,320,1,1,0
1435134087131,1,Learn,200,OK,Thread Group 1-781,text,true,320,1,1,0
1435134087141,1,Learn,200,OK,Thread Group 1-782,text,true,320,1,1,0
1435134087152,1,Learn,200,OK,Thread Group 1-783,text,true,320,1,1,0
1435134087162,1,Learn,200,OK,Thread Group 1-784,text,true,320,1,1,0
1435134087172,1,Learn,200,OK,Thread Group 1-785,text,true,320,1,1,0
1435134087182,1,Learn,200,OK,Thread Group 1-786,text,true,320,1,1,0
1435134087203,1,Learn,200,OK,Thread Group 1-788,text,true,320,2,2,0
1435134087201,7,Learn,200,OK,Thread Group 1-787,text,true,320,1,1,0
1435134087217,1,Learn,200,OK,Thread Group 1-789,text,true,320,1,1,0
1435134087223,1,Learn,200,OK,Thread Group 1-790,text,true,320,1,1,0
1435134087234,1,Learn,200,OK,Thread Group 1-791,text,true,320,1,1,0
1435134087244,1,Learn,200,OK,Thread Group 1-792,text,true,320,1,1,0
1435134087254,1,Learn,200,OK,Thread Group 1-793,text,true,320,1,1,0
1435134087264,1,Learn,200,OK,Thread Group 1-794,text,true,320,1,1,0
1435134087275,1,Learn,200,OK,Thread Group 1-795,text,true,320,1,1,0
1435134087285,1,Learn,200,OK,Thread Group 1-796,text,true,320,1,1,0
1435134087294,1,Learn,200,OK,Thread Group 1-797,text,true,320,1,1,0
1435134087304,1,Learn,200,OK,Thread Group 1-798,text,true,320,1,1,0
1435134087324,1,Learn,200,OK,Thread Group 1-799,text,true,320,1,1,0
1435134087334,1,Learn,200,OK,Thread Group 1-800,text,true,320,1,1,0
1435134087344,1,Learn,200,OK,Thread Group 1-801,text,true,320,1,1,0
1435134087355,1,Learn,200,OK,Thread Group 1-802,text,true,320,1,1,0
1435134087365,1,Learn,200,OK,Thread Group 1-803,text,true,320,1,1,0
1435134087375,1,Learn,200,OK,Thread Group 1-804,text,true,320,1,1,0
1435134087385,1,Learn,200,OK,Thread Group 1-805,text,true,320,1,1,0
1435134087396,1,Learn,200,OK,Thread Group 1-806,text,true,320,1,1,0
1435134087410,1,Learn,200,OK,Thread Group 1-807,text,true,320,1,1,0
1435134087428,3,Learn,200,OK,Thread Group 1-808,text,true,320,2,2,0
1435134087431,1,Learn,200,OK,Thread Group 1-809,text,true,320,1,1,0
1435134087444,1,Learn,200,OK,Thread Group 1-810,text,true,320,1,1,0
1435134087451,11,Learn,200,OK,Thread Group 1-811,text,true,320,1,1,0
1435134087471,2,Learn,200,OK,Thread Group 1-812,text,true,320,1,1,0
1435134087479,2,Learn,200,OK,Thread Group 1-813,text,true,320,1,1,0
1435134087489,2,Learn,200,OK,Thread Group 1-814,text,true,320,1,1,0
1435134087500,1,Learn,200,OK,Thread Group 1-815,text,true,320,1,1,0
1435134087510,1,Learn,200,OK,Thread Group 1-816,text,true,320,1,1,0
1435134087520,2,Learn,200,OK,Thread Group 1-817,text,true,320,1,1,0
1435134087530,1,Learn,200,OK,Thread Group 1-818,text,true,320,1,1,0
1435134087541,2,Learn,200,OK,Thread Group 1-819,text,true,320,1,1,0
1435134087551,2,Learn,200,OK,Thread Group 1-820,text,true,320,1,1,0
1435134087561,2,Learn,200,OK,Thread Group 1-821,text,true,320,1,1,0
1435134087572,2,Learn,200,OK,Thread Group 1-822,text,true,320,1,1,0
1435134087582,2,Learn,200,OK,Thread Group 1-823,text,true,320,1,1,0
1435134087592,2,Learn,200,OK,Thread Group 1-824,text,true,320,1,1,0
1435134087602,2,Learn,200,OK,Thread Group 1-825,text,true,320,1,1,0
1435134087613,2,Learn,200,OK,Thread Group 1-826,text,true,320,1,1,0
1435134087623,2,Learn,200,OK,Thread Group 1-827,text,true,320,1,1,0
1435134087633,2,Learn,200,OK,Thread Group 1-828,text,true,320,1,1,0
1435134087645,1,Learn,200,OK,Thread Group 1-829,text,true,320,1,1,0
1435134087655,1,Learn,200,OK,Thread Group 1-830,text,true,320,1,1,0
1435134087665,1,Learn,200,OK,Thread Group 1-831,text,true,320,1,1,0
1435134087674,2,Learn,200,OK,Thread Group 1-832,text,true,320,1,1,0
1435134087687,1,Learn,200,OK,Thread Group 1-833,text,true,320,1,1,0
1435134087707,1,Learn,200,OK,Thread Group 1-834,text,true,320,1,1,0
1435134087718,1,Learn,200,OK,Thread Group 1-835,text,true,320,1,1,0
1435134087729,1,Learn,200,OK,Thread Group 1-836,text,true,320,1,1,0
1435134087739,1,Learn,200,OK,Thread Group 1-837,text,true,320,1,1,0
1435134087751,1,Learn,200,OK,Thread Group 1-838,text,true,320,1,1,0
1435134087761,1,Learn,200,OK,Thread Group 1-839,text,true,320,1,1,0
1435134087771,1,Learn,200,OK,Thread Group 1-840,text,true,320,1,1,0
1435134087782,1,Learn,200,OK,Thread Group 1-841,text,true,320,1,1,0
1435134087792,2,Learn,200,OK,Thread Group 1-842,text,true,320,1,1,0
1435134087803,1,Learn,200,OK,Thread Group 1-843,text,true,320,1,1,0
1435134087813,1,Learn,200,OK,Thread Group 1-844,text,true,320,1,1,0
1435134087824,1,Learn,200,OK,Thread Group 1-845,text,true,320,1,1,0
1435134087834,1,Learn,200,OK,Thread Group 1-846,text,true,320,1,1,0
1435134087853,1,Learn,200,OK,Thread Group 1-847,text,true,320,1,1,0
1435134087863,1,Learn,200,OK,Thread Group 1-848,text,true,320,1,1,0
1435134087873,1,Learn,200,OK,Thread Group 1-849,text,true,320,1,1,0
1435134087882,1,Learn,200,OK,Thread Group 1-850,text,true,320,1,1,0
1435134087892,1,Learn,200,OK,Thread Group 1-851,text,true,320,1,1,0
1435134087903,1,Learn,200,OK,Thread Group 1-852,text,true,320,1,1,0
1435134087913,1,Learn,200,OK,Thread Group 1-853,text,true,320,1,1,0
1435134087923,1,Learn,200,OK,Thread Group 1-854,text,true,320,1,1,0
1435134087933,1,Learn,200,OK,Thread Group 1-855,text,true,320,1,1,0
1435134087944,1,Learn,200,OK,Thread Group 1-856,text,true,320,1,1,0
1435134087954,1,Learn,200,OK,Thread Group 1-857,text,true,320,1,1,0
1435134087964,1,Learn,200,OK,Thread Group 1-858,text,true,320,1,1,0
1435134087974,1,Learn,200,OK,Thread Group 1-859,text,true,320,1,1,0
1435134087984,1,Learn,200,OK,Thread Group 1-860,text,true,320,1,1,0
1435134087995,1,Learn,200,OK,Thread Group 1-861,text,true,320,1,1,0
1435134088005,2,Learn,200,OK,Thread Group 1-862,text,true,320,1,1,0
1435134088015,2,Learn,200,OK,Thread Group 1-863,text,true,320,1,1,0
1435134088025,2,Learn,200,OK,Thread Group 1-864,text,true,320,1,1,0
1435134088036,1,Learn,200,OK,Thread Group 1-865,text,true,320,1,1,0
1435134088046,1,Learn,200,OK,Thread Group 1-866,text,true,320,1,1,0
1435134088057,2,Learn,200,OK,Thread Group 1-867,text,true,320,1,1,0
1435134088068,1,Learn,200,OK,Thread Group 1-868,text,true,320,1,1,0
1435134088077,2,Learn,200,OK,Thread Group 1-869,text,true,320,1,1,0
1435134088088,2,Learn,200,OK,Thread Group 1-870,text,true,320,1,1,0
1435134088098,1,Learn,200,OK,Thread Group 1-871,text,true,320,1,1,0
1435134088109,1,Learn,200,OK,Thread Group 1-872,text,true,320,1,1,0
1435134088118,1,Learn,200,OK,Thread Group 1-873,text,true,320,1,1,0
1435134088129,1,Learn,200,OK,Thread Group 1-874,text,true,320,1,1,0
1435134088139,1,Learn,200,OK,Thread Group 1-875,text,true,320,1,1,0
1435134088150,1,Learn,200,OK,Thread Group 1-876,text,true,320,1,1,0
1435134088160,1,Learn,200,OK,Thread Group 1-877,text,true,320,1,1,0
1435134088179,1,Learn,200,OK,Thread Group 1-878,text,true,320,1,1,0
1435134088189,1,Learn,200,OK,Thread Group 1-879,text,true,320,1,1,0
1435134088199,1,Learn,200,OK,Thread Group 1-880,text,true,320,1,1,0
1435134088209,1,Learn,200,OK,Thread Group 1-881,text,true,320,1,1,0
1435134088220,1,Learn,200,OK,Thread Group 1-882,text,true,320,1,1,0
1435134088229,1,Learn,200,OK,Thread Group 1-883,text,true,320,1,1,0
1435134088239,1,Learn,200,OK,Thread Group 1-884,text,true,320,1,1,0
1435134088249,1,Learn,200,OK,Thread Group 1-885,text,true,320,1,1,0
1435134088259,1,Learn,200,OK,Thread Group 1-886,text,true,320,1,1,0
1435134088270,1,Learn,200,OK,Thread Group 1-887,text,true,320,1,1,0
1435134088280,1,Learn,200,OK,Thread Group 1-888,text,true,320,1,1,0
1435134088290,1,Learn,200,OK,Thread Group 1-889,text,true,320,1,1,0
1435134088300,1,Learn,200,OK,Thread Group 1-890,text,true,320,1,1,0
1435134088311,1,Learn,200,OK,Thread Group 1-891,text,true,320,1,1,0
1435134088321,1,Learn,200,OK,Thread Group 1-892,text,true,320,1,1,0
1435134088331,1,Learn,200,OK,Thread Group 1-893,text,true,320,1,1,0
1435134088341,1,Learn,200,OK,Thread Group 1-894,text,true,320,1,1,0
1435134088352,1,Learn,200,OK,Thread Group 1-895,text,true,320,1,1,0
1435134088362,1,Learn,200,OK,Thread Group 1-896,text,true,320,1,1,0
1435134088385,1,Learn,200,OK,Thread Group 1-897,text,true,320,1,1,0
1435134088395,1,Learn,200,OK,Thread Group 1-898,text,true,320,1,1,0
1435134088405,1,Learn,200,OK,Thread Group 1-899,text,true,320,1,1,0
1435134088418,1,Learn,200,OK,Thread Group 1-900,text,true,320,1,1,0
1435134088430,1,Learn,200,OK,Thread Group 1-901,text,true,320,1,1,0
1435134088440,1,Learn,200,OK,Thread Group 1-902,text,true,320,1,1,0
1435134088450,1,Learn,200,OK,Thread Group 1-903,text,true,320,1,1,0
1435134088471,1,Learn,200,OK,Thread Group 1-904,text,true,320,1,1,0
1435134088481,1,Learn,200,OK,Thread Group 1-905,text,true,320,1,1,0
1435134088496,1,Learn,200,OK,Thread Group 1-906,text,true,320,1,1,0
1435134088506,2,Learn,200,OK,Thread Group 1-907,text,true,320,1,1,0
1435134088517,2,Learn,200,OK,Thread Group 1-908,text,true,320,1,1,0
1435134088536,1,Learn,200,OK,Thread Group 1-909,text,true,320,1,1,0
1435134088548,2,Learn,200,OK,Thread Group 1-910,text,true,320,1,1,0
1435134088558,1,Learn,200,OK,Thread Group 1-911,text,true,320,1,1,0
1435134088574,1,Learn,200,OK,Thread Group 1-912,text,true,320,1,1,0
1435134088583,1,Learn,200,OK,Thread Group 1-913,text,true,320,1,1,0
1435134088594,1,Learn,200,OK,Thread Group 1-914,text,true,320,1,1,0
1435134088614,1,Learn,200,OK,Thread Group 1-915,text,true,320,1,1,0
1435134088625,1,Learn,200,OK,Thread Group 1-916,text,true,320,1,1,0
1435134088638,1,Learn,200,OK,Thread Group 1-917,text,true,320,1,1,0
1435134088647,1,Learn,200,OK,Thread Group 1-918,text,true,320,1,1,0
1435134088669,1,Learn,200,OK,Thread Group 1-919,text,true,320,1,1,0
1435134088679,1,Learn,200,OK,Thread Group 1-920,text,true,320,1,1,0
1435134088689,1,Learn,200,OK,Thread Group 1-921,text,true,320,1,1,0
1435134088699,2,Learn,200,OK,Thread Group 1-922,text,true,320,1,1,0
1435134088711,1,Learn,200,OK,Thread Group 1-923,text,true,320,1,1,0
1435134088721,1,Learn,200,OK,Thread Group 1-924,text,true,320,1,1,0
1435134088735,1,Learn,200,OK,Thread Group 1-925,text,true,320,1,1,0
1435134088746,1,Learn,200,OK,Thread Group 1-926,text,true,320,1,1,0
1435134088756,1,Learn,200,OK,Thread Group 1-927,text,true,320,1,1,0
1435134088766,1,Learn,200,OK,Thread Group 1-928,text,true,320,1,1,0
1435134088776,1,Learn,200,OK,Thread Group 1-929,text,true,320,1,1,0
1435134088800,1,Learn,200,OK,Thread Group 1-930,text,true,320,1,1,0
1435134088811,1,Learn,200,OK,Thread Group 1-931,text,true,320,1,1,0
1435134088822,1,Learn,200,OK,Thread Group 1-932,text,true,320,1,1,0
1435134088834,1,Learn,200,OK,Thread Group 1-933,text,true,320,1,1,0
1435134088857,1,Learn,200,OK,Thread Group 1-934,text,true,320,1,1,0
1435134088867,2,Learn,200,OK,Thread Group 1-935,text,true,320,1,1,0
1435134088877,2,Learn,200,OK,Thread Group 1-936,text,true,320,1,1,0
1435134088887,2,Learn,200,OK,Thread Group 1-937,text,true,320,1,1,0
1435134088898,2,Learn,200,OK,Thread Group 1-938,text,true,320,1,1,0
1435134088908,1,Learn,200,OK,Thread Group 1-939,text,true,320,1,1,0
1435134088918,2,Learn,200,OK,Thread Group 1-940,text,true,320,1,1,0
1435134088928,2,Learn,200,OK,Thread Group 1-941,text,true,320,1,1,0
1435134088940,1,Learn,200,OK,Thread Group 1-942,text,true,320,1,1,0
1435134088951,1,Learn,200,OK,Thread Group 1-943,text,true,320,1,1,0
1435134088964,1,Learn,200,OK,Thread Group 1-944,text,true,320,1,1,0
1435134088975,2,Learn,200,OK,Thread Group 1-945,text,true,320,1,1,0
1435134088986,1,Learn,200,OK,Thread Group 1-946,text,true,320,1,1,0
1435134088996,1,Learn,200,OK,Thread Group 1-947,text,true,320,1,1,0
1435134089008,1,Learn,200,OK,Thread Group 1-948,text,true,320,1,1,0
1435134089017,2,Learn,200,OK,Thread Group 1-949,text,true,320,1,1,0
1435134089041,1,Learn,200,OK,Thread Group 1-950,text,true,320,1,1,0
1435134089051,1,Learn,200,OK,Thread Group 1-951,text,true,320,1,1,0
1435134089061,1,Learn,200,OK,Thread Group 1-952,text,true,320,1,1,0
1435134089071,1,Learn,200,OK,Thread Group 1-953,text,true,320,1,1,0
1435134089081,1,Learn,200,OK,Thread Group 1-954,text,true,320,1,1,0
1435134089091,2,Learn,200,OK,Thread Group 1-955,text,true,320,1,1,0
1435134089101,1,Learn,200,OK,Thread Group 1-956,text,true,320,1,1,0
1435134089111,1,Learn,200,OK,Thread Group 1-957,text,true,320,1,1,0
1435134089121,1,Learn,200,OK,Thread Group 1-958,text,true,320,1,1,0
1435134089132,2,Learn,200,OK,Thread Group 1-959,text,true,320,1,1,0
1435134089143,1,Learn,200,OK,Thread Group 1-960,text,true,320,1,1,0
1435134089153,1,Learn,200,OK,Thread Group 1-961,text,true,320,1,1,0
1435134089164,1,Learn,200,OK,Thread Group 1-962,text,true,320,1,1,0
1435134089173,2,Learn,200,OK,Thread Group 1-963,text,true,320,1,1,0
1435134089184,1,Learn,200,OK,Thread Group 1-964,text,true,320,1,1,0
1435134089194,1,Learn,200,OK,Thread Group 1-965,text,true,320,1,1,0
1435134089203,1,Learn,200,OK,Thread Group 1-966,text,true,320,1,1,0
1435134089214,1,Learn,200,OK,Thread Group 1-967,text,true,320,1,1,0
1435134089225,1,Learn,200,OK,Thread Group 1-968,text,true,320,1,1,0
1435134089235,1,Learn,200,OK,Thread Group 1-969,text,true,320,1,1,0
1435134089245,1,Learn,200,OK,Thread Group 1-970,text,true,320,1,1,0
1435134089254,1,Learn,200,OK,Thread Group 1-971,text,true,320,1,1,0
1435134089265,2,Learn,200,OK,Thread Group 1-972,text,true,320,1,1,0
1435134089276,1,Learn,200,OK,Thread Group 1-973,text,true,320,1,1,0
1435134089286,1,Learn,200,OK,Thread Group 1-974,text,true,320,1,1,0
1435134089296,1,Learn,200,OK,Thread Group 1-975,text,true,320,1,1,0
1435134089306,1,Learn,200,OK,Thread Group 1-976,text,true,320,1,1,0
1435134089316,2,Learn,200,OK,Thread Group 1-977,text,true,320,1,1,1
1435134089326,2,Learn,200,OK,Thread Group 1-978,text,true,320,1,1,1
1435134089337,1,Learn,200,OK,Thread Group 1-979,text,true,320,1,1,0
1435134089347,1,Learn,200,OK,Thread Group 1-980,text,true,320,1,1,0
1435134089357,1,Learn,200,OK,Thread Group 1-981,text,true,320,1,1,0
1435134089369,1,Learn,200,OK,Thread Group 1-982,text,true,320,1,1,0
1435134089378,1,Learn,200,OK,Thread Group 1-983,text,true,320,1,1,0
1435134089388,1,Learn,200,OK,Thread Group 1-984,text,true,320,1,1,0
1435134089398,1,Learn,200,OK,Thread Group 1-985,text,true,320,1,1,0
1435134089409,1,Learn,200,OK,Thread Group 1-986,text,true,320,1,1,0
1435134089418,1,Learn,200,OK,Thread Group 1-987,text,true,320,1,1,0
1435134089428,1,Learn,200,OK,Thread Group 1-988,text,true,320,1,1,0
1435134089438,1,Learn,200,OK,Thread Group 1-989,text,true,320,1,1,0
1435134089449,1,Learn,200,OK,Thread Group 1-990,text,true,320,1,1,0
1435134089459,1,Learn,200,OK,Thread Group 1-991,text,true,320,1,1,0
1435134089469,1,Learn,200,OK,Thread Group 1-992,text,true,320,1,1,0
1435134089479,2,Learn,200,OK,Thread Group 1-993,text,true,320,1,1,0
1435134089489,1,Learn,200,OK,Thread Group 1-994,text,true,320,1,1,0
1435134089500,1,Learn,200,OK,Thread Group 1-995,text,true,320,1,1,0
1435134089510,1,Learn,200,OK,Thread Group 1-996,text,true,320,1,1,0
1435134089520,3,Learn,200,OK,Thread Group 1-997,text,true,320,1,1,0
1435134089531,2,Learn,200,OK,Thread Group 1-998,text,true,320,1,1,0
1435134089542,2,Learn,200,OK,Thread Group 1-999,text,true,320,1,1,0
1435134089565,1,Learn,200,OK,Thread Group 1-1000,text,true,320,1,1,0
