1435219450955,624,Learn,200,OK,Thread Group 1-3,text,true,320,30,30,148
1435219451068,511,Learn,200,OK,Thread Group 1-11,text,true,320,30,30,399
1435219451075,872,Learn,200,OK,Thread Group 1-12,text,true,320,55,55,371
1435219450940,1056,Learn,200,OK,Thread Group 1-2,text,true,320,55,55,384
1435219451182,816,Learn,200,OK,Thread Group 1-14,text,true,320,54,54,244
1435219450979,1019,Learn,200,OK,Thread Group 1-4,text,true,320,53,53,90
1435219450982,1016,Learn,200,OK,Thread Group 1-5,text,true,320,52,52,50
1435219451101,898,Learn,200,OK,Thread Group 1-13,text,true,320,51,51,39
1435219450930,1068,Learn,200,OK,Thread Group 1-1,text,true,320,50,50,69
1435219451324,675,Learn,200,OK,Thread Group 1-17,text,true,320,49,49,53
1435219451307,693,Learn,200,OK,Thread Group 1-16,text,true,320,49,49,92
1435219451048,952,Learn,200,OK,Thread Group 1-10,text,true,320,49,49,434
1435219451044,956,Learn,200,OK,Thread Group 1-9,text,true,320,49,49,455
1435219451437,871,Learn,200,OK,Thread Group 1-22,text,true,320,47,47,572
1435219451421,888,Learn,200,OK,Thread Group 1-21,text,true,320,46,46,588
1435219451397,912,Learn,200,OK,Thread Group 1-19,text,true,320,45,45,613
1435219451405,904,Learn,200,OK,Thread Group 1-20,text,true,320,44,44,605
1435219451494,816,Learn,200,OK,Thread Group 1-26,text,true,320,43,43,514
1435219451478,832,Learn,200,OK,Thread Group 1-25,text,true,320,42,42,531
1435219451461,849,Learn,200,OK,Thread Group 1-24,text,true,320,41,41,548
1435219451533,778,Learn,200,OK,Thread Group 1-29,text,true,320,40,40,482
1435219451511,800,Learn,200,OK,Thread Group 1-27,text,true,320,39,39,497
1435219451444,867,Learn,200,OK,Thread Group 1-23,text,true,320,38,38,565
1435219451527,784,Learn,200,OK,Thread Group 1-28,text,true,320,37,37,472
1435219451947,365,Learn,200,OK,Thread Group 1-56,text,true,320,36,36,0
1435219451544,769,Learn,200,OK,Thread Group 1-30,text,true,320,35,35,384
1435219451028,1286,Learn,200,OK,Thread Group 1-8,text,true,320,34,34,488
1435219451301,1014,Learn,200,OK,Thread Group 1-15,text,true,320,33,33,107
1435219451582,733,Learn,200,OK,Thread Group 1-33,text,true,320,32,32,0
1435219451012,1303,Learn,200,OK,Thread Group 1-6,text,true,320,31,31,579
1435219451016,2420,Learn,200,OK,Thread Group 1-7,text,true,320,132,132,578
1435219451624,1813,Learn,200,OK,Thread Group 1-35,text,true,320,131,131,1805
1435219451656,1781,Learn,200,OK,Thread Group 1-36,text,true,320,130,130,1759
1435219451663,1775,Learn,200,OK,Thread Group 1-37,text,true,320,129,129,1736
1435219451676,1763,Learn,200,OK,Thread Group 1-38,text,true,320,128,128,1714
1435219451685,1754,Learn,200,OK,Thread Group 1-39,text,true,320,127,127,1692
1435219451710,1730,Learn,200,OK,Thread Group 1-41,text,true,320,126,126,1650
1435219451735,1705,Learn,200,OK,Thread Group 1-42,text,true,320,125,125,1617
1435219451700,1740,Learn,200,OK,Thread Group 1-40,text,true,320,126,126,1667
1435219453415,50,Learn,200,OK,Thread Group 1-160,text,true,320,126,126,7
1435219452908,850,Learn,200,OK,Thread Group 1-109,text,true,320,148,148,129
1435219451749,2115,Learn,200,OK,Thread Group 1-43,text,true,320,152,152,1158
1435219451879,2033,Learn,200,OK,Thread Group 1-48,text,true,320,156,156,434
1435219451897,2116,Learn,200,OK,Thread Group 1-53,text,true,320,161,161,416
1435219451862,2152,Learn,200,OK,Thread Group 1-52,text,true,320,160,160,451
1435219451883,2131,Learn,200,OK,Thread Group 1-54,text,true,320,159,159,430
1435219451896,2264,Learn,200,OK,Thread Group 1-55,text,true,320,165,165,417
1435219451753,2407,Learn,200,OK,Thread Group 1-32,text,true,320,164,164,829
1435219451813,2386,Learn,200,OK,Thread Group 1-49,text,true,320,165,165,503
1435219451348,2866,Learn,200,OK,Thread Group 1-18,text,true,320,166,166,982
1435219451766,2524,Learn,200,OK,Thread Group 1-44,text,true,320,172,172,562
1435219451756,2534,Learn,200,OK,Thread Group 1-31,text,true,320,171,171,573
1435219451849,2441,Learn,200,OK,Thread Group 1-47,text,true,320,170,170,465
1435219451823,2467,Learn,200,OK,Thread Group 1-50,text,true,320,169,169,493
1435219451849,2442,Learn,200,OK,Thread Group 1-51,text,true,320,168,168,465
1435219452048,2243,Learn,200,OK,Thread Group 1-59,text,true,320,167,167,262
1435219452189,2102,Learn,200,OK,Thread Group 1-60,text,true,320,166,166,120
1435219451947,2345,Learn,200,OK,Thread Group 1-58,text,true,320,165,165,366
1435219451947,2345,Learn,200,OK,Thread Group 1-57,text,true,320,164,164,365
1435219451851,2441,Learn,200,OK,Thread Group 1-45,text,true,320,163,163,463
1435219451849,2444,Learn,200,OK,Thread Group 1-46,text,true,320,162,162,465
1435219452462,1831,Learn,200,OK,Thread Group 1-64,text,true,320,161,161,1809
1435219452442,1852,Learn,200,OK,Thread Group 1-62,text,true,320,160,160,1843
1435219452486,1808,Learn,200,OK,Thread Group 1-66,text,true,320,159,159,1774
1435219452511,1783,Learn,200,OK,Thread Group 1-68,text,true,320,158,158,1736
1435219452521,1774,Learn,200,OK,Thread Group 1-70,text,true,320,157,157,1714
1435219452430,1866,Learn,200,OK,Thread Group 1-61,text,true,320,156,156,1863
1435219452511,1785,Learn,200,OK,Thread Group 1-69,text,true,320,155,155,1730
1435219452489,1807,Learn,200,OK,Thread Group 1-67,text,true,320,154,154,1765
1435219452449,1845,Learn,200,OK,Thread Group 1-63,text,true,320,160,160,1828
1435219452469,1828,Learn,200,OK,Thread Group 1-65,text,true,320,154,154,1797
1435219452535,1782,Learn,200,OK,Thread Group 1-71,text,true,320,153,153,1694
1435219452539,1779,Learn,200,OK,Thread Group 1-72,text,true,320,153,153,1676
1435219452576,1753,Learn,200,OK,Thread Group 1-75,text,true,320,153,153,1608
1435219452562,1768,Learn,200,OK,Thread Group 1-74,text,true,320,152,152,1638
1435219452552,1778,Learn,200,OK,Thread Group 1-73,text,true,320,151,151,1648
1435219452599,1731,Learn,200,OK,Thread Group 1-78,text,true,320,150,150,1561
1435219452579,1751,Learn,200,OK,Thread Group 1-76,text,true,320,149,149,1599
1435219452592,1739,Learn,200,OK,Thread Group 1-77,text,true,320,148,148,1569
1435219452639,1692,Learn,200,OK,Thread Group 1-82,text,true,320,147,147,1522
1435219452649,1682,Learn,200,OK,Thread Group 1-83,text,true,320,146,146,1505
1435219452658,1674,Learn,200,OK,Thread Group 1-84,text,true,320,146,146,1489
1435219452673,1659,Learn,200,OK,Thread Group 1-85,text,true,320,145,145,1468
1435219452678,1655,Learn,200,OK,Thread Group 1-86,text,true,320,144,144,1457
1435219452689,1644,Learn,200,OK,Thread Group 1-87,text,true,320,143,143,1440
1435219452698,1635,Learn,200,OK,Thread Group 1-88,text,true,320,142,142,1425
1435219452713,1620,Learn,200,OK,Thread Group 1-89,text,true,320,141,141,1405
1435219452730,1612,Learn,200,OK,Thread Group 1-91,text,true,320,140,140,1337
1435219452718,1624,Learn,200,OK,Thread Group 1-90,text,true,320,139,139,1367
1435219452746,1597,Learn,200,OK,Thread Group 1-92,text,true,320,138,138,1315
1435219452748,1595,Learn,200,OK,Thread Group 1-93,text,true,320,137,137,1307
1435219452762,1581,Learn,200,OK,Thread Group 1-94,text,true,320,136,136,1287
1435219452768,1575,Learn,200,OK,Thread Group 1-95,text,true,320,135,135,1275
1435219452778,1566,Learn,200,OK,Thread Group 1-81,text,true,320,134,134,1258
1435219452778,1566,Learn,200,OK,Thread Group 1-96,text,true,320,133,133,1244
1435219452798,1546,Learn,200,OK,Thread Group 1-98,text,true,320,132,132,1217
1435219452796,1548,Learn,200,OK,Thread Group 1-97,text,true,320,131,131,1218
1435219452778,1566,Learn,200,OK,Thread Group 1-80,text,true,320,130,130,1236
1435219452779,1566,Learn,200,OK,Thread Group 1-79,text,true,320,129,129,1235
1435219452811,1534,Learn,200,OK,Thread Group 1-99,text,true,320,128,128,1196
1435219452818,1527,Learn,200,OK,Thread Group 1-100,text,true,320,127,127,1183
1435219452828,1517,Learn,200,OK,Thread Group 1-101,text,true,320,126,126,1167
1435219452843,1503,Learn,200,OK,Thread Group 1-102,text,true,320,125,125,1146
1435219452848,1498,Learn,200,OK,Thread Group 1-103,text,true,320,124,124,1127
1435219452905,1441,Learn,200,OK,Thread Group 1-108,text,true,320,123,123,1008
1435219452859,1487,Learn,200,OK,Thread Group 1-104,text,true,320,122,122,1096
1435219452880,1467,Learn,200,OK,Thread Group 1-105,text,true,320,121,121,1059
1435219452880,1467,Learn,200,OK,Thread Group 1-106,text,true,320,120,120,1045
1435219452896,1452,Learn,200,OK,Thread Group 1-107,text,true,320,119,119,1016
1435219452920,1428,Learn,200,OK,Thread Group 1-110,text,true,320,118,118,986
1435219452928,1421,Learn,200,OK,Thread Group 1-111,text,true,320,117,117,953
1435219452947,1402,Learn,200,OK,Thread Group 1-113,text,true,320,116,116,918
1435219452969,1381,Learn,200,OK,Thread Group 1-114,text,true,320,115,115,896
1435219452969,1389,Learn,200,OK,Thread Group 1-112,text,true,320,114,114,872
1435219452976,1383,Learn,200,OK,Thread Group 1-116,text,true,320,114,114,858
1435219452993,1366,Learn,200,OK,Thread Group 1-117,text,true,320,113,113,834
1435219452996,1363,Learn,200,OK,Thread Group 1-118,text,true,320,112,112,825
1435219453017,1343,Learn,200,OK,Thread Group 1-119,text,true,320,111,111,797
1435219453017,1343,Learn,200,OK,Thread Group 1-120,text,true,320,110,110,791
1435219453034,1326,Learn,200,OK,Thread Group 1-121,text,true,320,109,109,768
1435219453036,1325,Learn,200,OK,Thread Group 1-122,text,true,320,108,108,745
1435219453058,1303,Learn,200,OK,Thread Group 1-123,text,true,320,107,107,717
1435219453074,1288,Learn,200,OK,Thread Group 1-125,text,true,320,106,106,685
1435219453058,1304,Learn,200,OK,Thread Group 1-124,text,true,320,105,105,700
1435219453076,1287,Learn,200,OK,Thread Group 1-126,text,true,320,104,104,675
1435219453090,1273,Learn,200,OK,Thread Group 1-127,text,true,320,103,103,655
1435219453096,1268,Learn,200,OK,Thread Group 1-128,text,true,320,102,102,642
1435219453115,1249,Learn,200,OK,Thread Group 1-129,text,true,320,101,101,617
1435219453165,1199,Learn,200,OK,Thread Group 1-134,text,true,320,100,100,560
1435219453166,1199,Learn,200,OK,Thread Group 1-133,text,true,320,100,100,552
1435219453166,1200,Learn,200,OK,Thread Group 1-132,text,true,320,99,99,537
1435219453166,1209,Learn,200,OK,Thread Group 1-135,text,true,320,98,98,530
1435219453179,1196,Learn,200,OK,Thread Group 1-136,text,true,320,97,97,508
1435219453187,1188,Learn,200,OK,Thread Group 1-137,text,true,320,96,96,481
1435219453200,1176,Learn,200,OK,Thread Group 1-138,text,true,320,95,95,430
1435219453216,1160,Learn,200,OK,Thread Group 1-140,text,true,320,94,94,398
1435219453212,1165,Learn,200,OK,Thread Group 1-139,text,true,320,93,93,411
1435219453228,1149,Learn,200,OK,Thread Group 1-141,text,true,320,92,92,377
1435219453264,1114,Learn,200,OK,Thread Group 1-144,text,true,320,91,91,334
1435219453264,1115,Learn,200,OK,Thread Group 1-142,text,true,320,91,91,327
1435219453264,1115,Learn,200,OK,Thread Group 1-143,text,true,320,90,90,321
1435219453266,1113,Learn,200,OK,Thread Group 1-145,text,true,320,89,89,312
1435219453281,1099,Learn,200,OK,Thread Group 1-146,text,true,320,88,88,291
1435219453286,1094,Learn,200,OK,Thread Group 1-147,text,true,320,87,87,279
1435219453305,1076,Learn,200,OK,Thread Group 1-148,text,true,320,86,86,241
1435219453305,1076,Learn,200,OK,Thread Group 1-149,text,true,320,85,85,223
1435219453325,1057,Learn,200,OK,Thread Group 1-151,text,true,320,84,84,168
1435219453321,1061,Learn,200,OK,Thread Group 1-150,text,true,320,83,83,190
1435219453330,1061,Learn,200,OK,Thread Group 1-131,text,true,320,83,83,156
1435219451607,2784,Learn,200,OK,Thread Group 1-34,text,true,320,82,82,1830
1435219453330,1062,Learn,200,OK,Thread Group 1-130,text,true,320,81,81,136
1435219453346,1047,Learn,200,OK,Thread Group 1-152,text,true,320,80,80,95
1435219453364,1029,Learn,200,OK,Thread Group 1-155,text,true,320,79,79,76
1435219453374,1019,Learn,200,OK,Thread Group 1-156,text,true,320,78,78,65
1435219453386,1008,Learn,200,OK,Thread Group 1-157,text,true,320,77,77,53
1435219453423,971,Learn,200,OK,Thread Group 1-161,text,true,320,76,76,14
1435219453346,1048,Learn,200,OK,Thread Group 1-153,text,true,320,75,75,94
1435219453355,1039,Learn,200,OK,Thread Group 1-154,text,true,320,74,74,85
1435219453396,999,Learn,200,OK,Thread Group 1-158,text,true,320,73,73,42
1435219453434,961,Learn,200,OK,Thread Group 1-162,text,true,320,72,72,3
1435219453403,992,Learn,200,OK,Thread Group 1-159,text,true,320,71,71,34
1435219453891,505,Learn,200,OK,Thread Group 1-197,text,true,320,71,71,457
1435219453944,453,Learn,200,OK,Thread Group 1-202,text,true,320,71,71,403
1435219453937,460,Learn,200,OK,Thread Group 1-201,text,true,320,71,71,410
1435219453954,444,Learn,200,OK,Thread Group 1-203,text,true,320,71,71,393
1435219454128,270,Learn,200,OK,Thread Group 1-209,text,true,320,71,71,205
1435219454081,326,Learn,200,OK,Thread Group 1-206,text,true,320,71,71,262
1435219454143,265,Learn,200,OK,Thread Group 1-210,text,true,320,71,71,189
1435219453970,438,Learn,200,OK,Thread Group 1-204,text,true,320,71,71,376
1435219454117,292,Learn,200,OK,Thread Group 1-208,text,true,320,71,71,217
1435219454153,256,Learn,200,OK,Thread Group 1-211,text,true,320,71,71,179
1435219454164,246,Learn,200,OK,Thread Group 1-212,text,true,320,71,71,167
1435219453913,497,Learn,200,OK,Thread Group 1-199,text,true,320,71,71,435
1435219454017,394,Learn,200,OK,Thread Group 1-205,text,true,320,71,71,328
1435219453922,489,Learn,200,OK,Thread Group 1-200,text,true,320,71,71,425
1435219453905,507,Learn,200,OK,Thread Group 1-198,text,true,320,71,71,443
1435219454174,238,Learn,200,OK,Thread Group 1-213,text,true,320,71,71,157
1435219454213,200,Learn,200,OK,Thread Group 1-215,text,true,320,71,71,117
1435219454332,83,Learn,200,OK,Thread Group 1-226,text,true,320,70,70,0
1435219454232,193,Learn,200,OK,Thread Group 1-217,text,true,320,70,70,85
1435219454229,196,Learn,200,OK,Thread Group 1-216,text,true,320,70,70,88
1435219454200,227,Learn,200,OK,Thread Group 1-214,text,true,320,70,70,14
1435219453700,801,Learn,200,OK,Thread Group 1-183,text,true,320,70,70,674
1435219453631,870,Learn,200,OK,Thread Group 1-179,text,true,320,70,70,745
1435219453800,702,Learn,200,OK,Thread Group 1-191,text,true,320,70,70,561
1435219453550,962,Learn,200,OK,Thread Group 1-171,text,true,320,70,70,831
1435219453722,791,Learn,200,OK,Thread Group 1-185,text,true,320,70,70,643
1435219453601,912,Learn,200,OK,Thread Group 1-176,text,true,320,70,70,777
1435219453483,1031,Learn,200,OK,Thread Group 1-167,text,true,320,70,70,909
1435219453754,760,Learn,200,OK,Thread Group 1-188,text,true,320,70,70,609
1435219453484,1031,Learn,200,OK,Thread Group 1-168,text,true,320,70,70,908
1435219453591,925,Learn,200,OK,Thread Group 1-175,text,true,320,70,70,788
1435219453524,992,Learn,200,OK,Thread Group 1-165,text,true,320,70,70,858
1435219453807,710,Learn,200,OK,Thread Group 1-193,text,true,320,70,70,553
1435219453611,907,Learn,200,OK,Thread Group 1-177,text,true,320,70,70,766
1435219453800,718,Learn,200,OK,Thread Group 1-192,text,true,320,70,70,561
1435219453711,808,Learn,200,OK,Thread Group 1-184,text,true,320,70,70,655
1435219453743,776,Learn,200,OK,Thread Group 1-187,text,true,320,70,70,620
1435219453771,749,Learn,200,OK,Thread Group 1-189,text,true,320,70,70,591
1435219453621,908,Learn,200,OK,Thread Group 1-178,text,true,320,70,70,756
1435219453564,965,Learn,200,OK,Thread Group 1-172,text,true,320,70,70,817
1435219453494,1036,Learn,200,OK,Thread Group 1-169,text,true,320,70,70,897
1435219453464,1066,Learn,200,OK,Thread Group 1-166,text,true,320,70,70,929
1435219453646,885,Learn,200,OK,Thread Group 1-181,text,true,320,70,70,730
1435219453580,951,Learn,200,OK,Thread Group 1-174,text,true,320,70,70,800
1435219454391,140,Learn,200,OK,Thread Group 1-230,text,true,320,70,70,0
1435219453569,963,Learn,200,OK,Thread Group 1-173,text,true,320,70,70,811
1435219453869,663,Learn,200,OK,Thread Group 1-195,text,true,320,70,70,480
1435219454359,174,Learn,200,OK,Thread Group 1-227,text,true,320,70,70,0
1435219454365,168,Learn,200,OK,Thread Group 1-228,text,true,320,70,70,0
1435219454378,156,Learn,200,OK,Thread Group 1-229,text,true,320,70,70,0
1435219452969,1381,Learn,200,OK,Thread Group 1-115,text,true,320,114,114,878
1435219454112,433,Learn,200,OK,Thread Group 1-207,text,true,320,70,70,222
1435219453461,1085,Learn,200,OK,Thread Group 1-164,text,true,320,70,70,934
1435219453775,741,Learn,200,OK,Thread Group 1-190,text,true,320,70,70,587
1435219453881,667,Learn,200,OK,Thread Group 1-196,text,true,320,70,70,468
1435219454287,265,Learn,200,OK,Thread Group 1-222,text,true,320,69,69,6
1435219454263,290,Learn,200,OK,Thread Group 1-220,text,true,320,67,67,31
1435219454277,276,Learn,200,OK,Thread Group 1-221,text,true,320,66,66,16
1435219454253,300,Learn,200,OK,Thread Group 1-219,text,true,320,65,65,41
1435219454242,314,Learn,200,OK,Thread Group 1-218,text,true,320,64,64,53
1435219453443,1113,Learn,200,OK,Thread Group 1-163,text,true,320,63,63,952
1435219454298,271,Learn,200,OK,Thread Group 1-223,text,true,320,63,63,0
1435219453707,863,Learn,200,OK,Thread Group 1-182,text,true,320,63,63,659
1435219453905,667,Learn,200,OK,Thread Group 1-194,text,true,320,63,63,443
1435219453731,842,Learn,200,OK,Thread Group 1-186,text,true,320,63,63,633
1435219454620,2,Learn,200,OK,Thread Group 1-243,text,true,320,21,21,0
1435219454620,4,Learn,200,OK,Thread Group 1-232,text,true,320,20,20,0
1435219454621,3,Learn,200,OK,Thread Group 1-238,text,true,320,19,19,0
1435219454621,4,Learn,200,OK,Thread Group 1-233,text,true,320,18,18,0
1435219454620,19,Learn,200,OK,Thread Group 1-231,text,true,320,18,18,0
1435219454610,45,Learn,200,OK,Thread Group 1-247,text,true,320,17,17,0
1435219454609,46,Learn,200,OK,Thread Group 1-246,text,true,320,17,17,0
1435219453646,1011,Learn,200,OK,Thread Group 1-180,text,true,320,17,17,729
1435219453508,1152,Learn,200,OK,Thread Group 1-170,text,true,320,17,17,874
1435219454328,350,Learn,200,OK,Thread Group 1-225,text,true,320,17,17,97
1435219454326,352,Learn,200,OK,Thread Group 1-224,text,true,320,17,17,99
1435219454702,17,Learn,200,OK,Thread Group 1-255,text,true,320,19,19,0
1435219454701,19,Learn,200,OK,Thread Group 1-252,text,true,320,18,18,0
1435219454620,101,Learn,200,OK,Thread Group 1-248,text,true,320,17,17,0
1435219454621,100,Learn,200,OK,Thread Group 1-234,text,true,320,16,16,0
1435219454621,100,Learn,200,OK,Thread Group 1-235,text,true,320,15,15,0
1435219454621,100,Learn,200,OK,Thread Group 1-239,text,true,320,14,14,0
1435219454621,101,Learn,200,OK,Thread Group 1-240,text,true,320,13,13,0
1435219454621,101,Learn,200,OK,Thread Group 1-241,text,true,320,12,12,0
1435219454597,125,Learn,200,OK,Thread Group 1-237,text,true,320,11,11,0
1435219454596,126,Learn,200,OK,Thread Group 1-236,text,true,320,10,10,0
1435219454596,127,Learn,200,OK,Thread Group 1-242,text,true,320,9,9,0
1435219454743,39,Learn,200,OK,Thread Group 1-258,text,true,320,12,12,0
1435219454780,3,Learn,200,OK,Thread Group 1-259,text,true,320,11,11,0
1435219454791,3,Learn,200,OK,Thread Group 1-261,text,true,320,11,11,0
1435219454778,18,Learn,200,OK,Thread Group 1-260,text,true,320,11,11,0
1435219454702,96,Learn,200,OK,Thread Group 1-251,text,true,320,10,10,0
1435219454796,3,Learn,200,OK,Thread Group 1-262,text,true,320,9,9,0
1435219454704,104,Learn,200,OK,Thread Group 1-249,text,true,320,8,8,0
1435219454719,90,Learn,200,OK,Thread Group 1-256,text,true,320,7,7,0
1435219454718,92,Learn,200,OK,Thread Group 1-253,text,true,320,6,6,0
1435219454704,106,Learn,200,OK,Thread Group 1-250,text,true,320,5,5,0
1435219454703,108,Learn,200,OK,Thread Group 1-245,text,true,320,4,4,0
1435219454751,62,Learn,200,OK,Thread Group 1-257,text,true,320,4,4,0
1435219454702,111,Learn,200,OK,Thread Group 1-254,text,true,320,3,3,0
1435219454702,111,Learn,200,OK,Thread Group 1-244,text,true,320,2,2,0
1435219454812,2,Learn,200,OK,Thread Group 1-263,text,true,320,1,1,0
1435219454850,2,Learn,200,OK,Thread Group 1-265,text,true,320,1,1,0
1435219454868,2,Learn,200,OK,Thread Group 1-266,text,true,320,1,1,0
1435219454884,2,Learn,200,OK,Thread Group 1-267,text,true,320,1,1,0
1435219454894,2,Learn,200,OK,Thread Group 1-268,text,true,320,1,1,0
1435219454904,2,Learn,200,OK,Thread Group 1-269,text,true,320,1,1,0
1435219454914,2,Learn,200,OK,Thread Group 1-270,text,true,320,1,1,0
1435219454921,2,Learn,200,OK,Thread Group 1-264,text,true,320,1,1,0
1435219454924,2,Learn,200,OK,Thread Group 1-271,text,true,320,1,1,0
1435219454935,2,Learn,200,OK,Thread Group 1-272,text,true,320,1,1,0
1435219454945,2,Learn,200,OK,Thread Group 1-273,text,true,320,1,1,0
1435219454956,2,Learn,200,OK,Thread Group 1-274,text,true,320,1,1,0
1435219454966,2,Learn,200,OK,Thread Group 1-275,text,true,320,1,1,0
1435219454976,2,Learn,200,OK,Thread Group 1-276,text,true,320,1,1,0
1435219454987,2,Learn,200,OK,Thread Group 1-277,text,true,320,1,1,0
1435219455010,2,Learn,200,OK,Thread Group 1-278,text,true,320,1,1,0
1435219455020,2,Learn,200,OK,Thread Group 1-279,text,true,320,1,1,1
1435219455031,2,Learn,200,OK,Thread Group 1-280,text,true,320,1,1,0
1435219455041,2,Learn,200,OK,Thread Group 1-281,text,true,320,1,1,0
1435219455052,1,Learn,200,OK,Thread Group 1-282,text,true,320,1,1,0
1435219455062,2,Learn,200,OK,Thread Group 1-283,text,true,320,1,1,0
1435219455072,2,Learn,200,OK,Thread Group 1-284,text,true,320,1,1,0
1435219455083,2,Learn,200,OK,Thread Group 1-285,text,true,320,1,1,0
1435219455093,2,Learn,200,OK,Thread Group 1-286,text,true,320,1,1,0
1435219455104,2,Learn,200,OK,Thread Group 1-287,text,true,320,1,1,0
1435219455126,2,Learn,200,OK,Thread Group 1-288,text,true,320,1,1,0
1435219455137,2,Learn,200,OK,Thread Group 1-289,text,true,320,1,1,0
1435219455152,2,Learn,200,OK,Thread Group 1-290,text,true,320,1,1,0
1435219455158,2,Learn,200,OK,Thread Group 1-291,text,true,320,1,1,0
1435219455168,2,Learn,200,OK,Thread Group 1-292,text,true,320,1,1,0
1435219455180,3,Learn,200,OK,Thread Group 1-293,text,true,320,1,1,0
1435219455199,2,Learn,200,OK,Thread Group 1-295,text,true,320,2,2,0
1435219455196,5,Learn,200,OK,Thread Group 1-294,text,true,320,1,1,0
1435219455213,2,Learn,200,OK,Thread Group 1-296,text,true,320,1,1,0
1435219455220,9,Learn,200,OK,Thread Group 1-297,text,true,320,1,1,0
1435219455245,2,Learn,200,OK,Thread Group 1-298,text,true,320,1,1,0
1435219455252,9,Learn,200,OK,Thread Group 1-299,text,true,320,1,1,0
1435219455262,2,Learn,200,OK,Thread Group 1-300,text,true,320,1,1,0
1435219455277,2,Learn,200,OK,Thread Group 1-301,text,true,320,1,1,0
1435219455284,10,Learn,200,OK,Thread Group 1-302,text,true,320,2,2,0
1435219455294,2,Learn,200,OK,Thread Group 1-303,text,true,320,1,1,0
1435219455310,2,Learn,200,OK,Thread Group 1-304,text,true,320,1,1,0
1435219455315,17,Learn,200,OK,Thread Group 1-305,text,true,320,2,2,0
1435219455330,4,Learn,200,OK,Thread Group 1-306,text,true,320,1,1,0
1435219455336,2,Learn,200,OK,Thread Group 1-307,text,true,320,1,1,0
1435219455386,2,Learn,200,OK,Thread Group 1-309,text,true,320,1,1,0
1435219455427,2,Learn,200,OK,Thread Group 1-310,text,true,320,2,2,0
1435219455428,2,Learn,200,OK,Thread Group 1-308,text,true,320,1,1,0
1435219455432,2,Learn,200,OK,Thread Group 1-311,text,true,320,1,1,0
1435219455452,2,Learn,200,OK,Thread Group 1-312,text,true,320,2,2,0
1435219455453,1,Learn,200,OK,Thread Group 1-313,text,true,320,1,1,0
1435219455468,2,Learn,200,OK,Thread Group 1-314,text,true,320,1,1,0
1435219455472,2,Learn,200,OK,Thread Group 1-315,text,true,320,1,1,0
1435219455493,3,Learn,200,OK,Thread Group 1-317,text,true,320,2,2,1
1435219455508,2,Learn,200,OK,Thread Group 1-318,text,true,320,2,2,0
1435219455492,21,Learn,200,OK,Thread Group 1-316,text,true,320,1,1,0
1435219455515,13,Learn,200,OK,Thread Group 1-319,text,true,320,2,2,0
1435219455526,4,Learn,200,OK,Thread Group 1-320,text,true,320,1,1,0
1435219455541,2,Learn,200,OK,Thread Group 1-321,text,true,320,1,1,0
1435219455547,2,Learn,200,OK,Thread Group 1-322,text,true,320,1,1,0
1435219455580,10,Learn,200,OK,Thread Group 1-323,text,true,320,1,1,0
1435219455654,3,Learn,200,OK,Thread Group 1-325,text,true,320,2,2,0
1435219455638,20,Learn,200,OK,Thread Group 1-324,text,true,320,1,1,0
1435219455661,10,Learn,200,OK,Thread Group 1-326,text,true,320,1,1,0
1435219455671,2,Learn,200,OK,Thread Group 1-327,text,true,320,1,1,0
1435219455691,2,Learn,200,OK,Thread Group 1-328,text,true,320,2,2,0
1435219455692,2,Learn,200,OK,Thread Group 1-329,text,true,320,1,1,0
1435219455717,5,Learn,200,OK,Thread Group 1-331,text,true,320,2,2,0
1435219455702,20,Learn,200,OK,Thread Group 1-330,text,true,320,1,1,0
1435219455727,2,Learn,200,OK,Thread Group 1-332,text,true,320,1,1,0
1435219455738,2,Learn,200,OK,Thread Group 1-333,text,true,320,1,1,0
1435219455768,3,Learn,200,OK,Thread Group 1-335,text,true,320,1,1,0
1435219455772,2,Learn,200,OK,Thread Group 1-334,text,true,320,1,1,0
1435219455778,2,Learn,200,OK,Thread Group 1-336,text,true,320,1,1,0
1435219455790,2,Learn,200,OK,Thread Group 1-337,text,true,320,1,1,0
1435219455803,2,Learn,200,OK,Thread Group 1-338,text,true,320,1,1,0
1435219455827,2,Learn,200,OK,Thread Group 1-339,text,true,320,1,1,0
1435219455832,2,Learn,200,OK,Thread Group 1-340,text,true,320,1,1,0
1435219455842,2,Learn,200,OK,Thread Group 1-341,text,true,320,1,1,0
1435219455853,2,Learn,200,OK,Thread Group 1-342,text,true,320,1,1,0
1435219455863,2,Learn,200,OK,Thread Group 1-343,text,true,320,1,1,0
1435219455873,2,Learn,200,OK,Thread Group 1-344,text,true,320,1,1,0
1435219455884,2,Learn,200,OK,Thread Group 1-345,text,true,320,1,1,0
1435219455897,2,Learn,200,OK,Thread Group 1-346,text,true,320,1,1,0
1435219455907,2,Learn,200,OK,Thread Group 1-347,text,true,320,1,1,0
1435219455917,2,Learn,200,OK,Thread Group 1-348,text,true,320,1,1,0
1435219455928,2,Learn,200,OK,Thread Group 1-349,text,true,320,1,1,0
1435219455938,2,Learn,200,OK,Thread Group 1-350,text,true,320,1,1,0
1435219455948,2,Learn,200,OK,Thread Group 1-351,text,true,320,1,1,0
1435219455959,2,Learn,200,OK,Thread Group 1-352,text,true,320,1,1,0
1435219455969,2,Learn,200,OK,Thread Group 1-353,text,true,320,1,1,0
1435219455995,2,Learn,200,OK,Thread Group 1-354,text,true,320,1,1,0
1435219456002,2,Learn,200,OK,Thread Group 1-355,text,true,320,1,1,0
1435219456012,2,Learn,200,OK,Thread Group 1-356,text,true,320,1,1,0
1435219456023,2,Learn,200,OK,Thread Group 1-357,text,true,320,1,1,0
1435219456033,2,Learn,200,OK,Thread Group 1-358,text,true,320,1,1,0
1435219456043,2,Learn,200,OK,Thread Group 1-359,text,true,320,1,1,0
1435219456054,2,Learn,200,OK,Thread Group 1-360,text,true,320,1,1,0
1435219456064,2,Learn,200,OK,Thread Group 1-361,text,true,320,1,1,0
1435219456074,2,Learn,200,OK,Thread Group 1-362,text,true,320,1,1,0
1435219456085,2,Learn,200,OK,Thread Group 1-363,text,true,320,1,1,0
1435219456095,2,Learn,200,OK,Thread Group 1-364,text,true,320,1,1,0
1435219456105,2,Learn,200,OK,Thread Group 1-365,text,true,320,1,1,0
1435219456116,2,Learn,200,OK,Thread Group 1-366,text,true,320,1,1,0
1435219456126,2,Learn,200,OK,Thread Group 1-367,text,true,320,1,1,0
1435219456136,2,Learn,200,OK,Thread Group 1-368,text,true,320,1,1,0
1435219456147,2,Learn,200,OK,Thread Group 1-369,text,true,320,1,1,0
1435219456157,2,Learn,200,OK,Thread Group 1-370,text,true,320,1,1,0
1435219456167,2,Learn,200,OK,Thread Group 1-371,text,true,320,1,1,0
1435219456178,2,Learn,200,OK,Thread Group 1-372,text,true,320,1,1,0
1435219456188,2,Learn,200,OK,Thread Group 1-373,text,true,320,1,1,0
1435219456198,2,Learn,200,OK,Thread Group 1-374,text,true,320,1,1,0
1435219456209,2,Learn,200,OK,Thread Group 1-375,text,true,320,1,1,0
1435219456219,2,Learn,200,OK,Thread Group 1-376,text,true,320,1,1,0
1435219456230,2,Learn,200,OK,Thread Group 1-377,text,true,320,1,1,0
1435219456240,2,Learn,200,OK,Thread Group 1-378,text,true,320,1,1,0
1435219456250,2,Learn,200,OK,Thread Group 1-379,text,true,320,1,1,0
1435219456262,2,Learn,200,OK,Thread Group 1-380,text,true,320,1,1,0
1435219456286,2,Learn,200,OK,Thread Group 1-381,text,true,320,1,1,1
1435219456297,2,Learn,200,OK,Thread Group 1-382,text,true,320,1,1,1
1435219456308,1,Learn,200,OK,Thread Group 1-383,text,true,320,1,1,0
1435219456318,1,Learn,200,OK,Thread Group 1-384,text,true,320,1,1,0
1435219456329,1,Learn,200,OK,Thread Group 1-385,text,true,320,1,1,0
1435219456339,1,Learn,200,OK,Thread Group 1-386,text,true,320,1,1,0
1435219456349,1,Learn,200,OK,Thread Group 1-387,text,true,320,1,1,0
1435219456360,1,Learn,200,OK,Thread Group 1-388,text,true,320,1,1,0
1435219456370,1,Learn,200,OK,Thread Group 1-389,text,true,320,1,1,0
1435219456380,1,Learn,200,OK,Thread Group 1-390,text,true,320,1,1,0
1435219456393,1,Learn,200,OK,Thread Group 1-391,text,true,320,1,1,0
1435219456404,1,Learn,200,OK,Thread Group 1-392,text,true,320,1,1,0
1435219456414,2,Learn,200,OK,Thread Group 1-393,text,true,320,1,1,0
1435219456426,2,Learn,200,OK,Thread Group 1-394,text,true,320,1,1,0
1435219456437,1,Learn,200,OK,Thread Group 1-395,text,true,320,1,1,0
1435219456447,2,Learn,200,OK,Thread Group 1-396,text,true,320,1,1,0
1435219456472,1,Learn,200,OK,Thread Group 1-397,text,true,320,1,1,0
1435219456483,2,Learn,200,OK,Thread Group 1-398,text,true,320,1,1,0
1435219456493,2,Learn,200,OK,Thread Group 1-399,text,true,320,1,1,0
1435219456503,2,Learn,200,OK,Thread Group 1-400,text,true,320,1,1,0
1435219456513,2,Learn,200,OK,Thread Group 1-401,text,true,320,1,1,0
1435219456523,2,Learn,200,OK,Thread Group 1-402,text,true,320,1,1,1
1435219456534,2,Learn,200,OK,Thread Group 1-403,text,true,320,1,1,0
1435219456545,2,Learn,200,OK,Thread Group 1-404,text,true,320,1,1,0
1435219456555,2,Learn,200,OK,Thread Group 1-405,text,true,320,1,1,0
1435219456566,1,Learn,200,OK,Thread Group 1-406,text,true,320,1,1,0
1435219456576,2,Learn,200,OK,Thread Group 1-407,text,true,320,1,1,0
1435219456587,1,Learn,200,OK,Thread Group 1-408,text,true,320,1,1,0
1435219456598,1,Learn,200,OK,Thread Group 1-409,text,true,320,1,1,0
1435219456608,1,Learn,200,OK,Thread Group 1-410,text,true,320,1,1,0
1435219456618,2,Learn,200,OK,Thread Group 1-411,text,true,320,1,1,0
1435219456629,2,Learn,200,OK,Thread Group 1-412,text,true,320,1,1,0
1435219456639,2,Learn,200,OK,Thread Group 1-413,text,true,320,1,1,0
1435219456649,2,Learn,200,OK,Thread Group 1-414,text,true,320,1,1,0
1435219456662,2,Learn,200,OK,Thread Group 1-415,text,true,320,1,1,0
1435219456686,2,Learn,200,OK,Thread Group 1-416,text,true,320,1,1,0
1435219456696,2,Learn,200,OK,Thread Group 1-417,text,true,320,1,1,0
1435219456707,2,Learn,200,OK,Thread Group 1-418,text,true,320,1,1,0
1435219456717,2,Learn,200,OK,Thread Group 1-419,text,true,320,1,1,0
1435219456727,2,Learn,200,OK,Thread Group 1-420,text,true,320,1,1,0
1435219456738,2,Learn,200,OK,Thread Group 1-421,text,true,320,1,1,0
1435219456748,22,Learn,200,OK,Thread Group 1-422,text,true,320,3,3,0
1435219456769,2,Learn,200,OK,Thread Group 1-424,text,true,320,2,2,0
1435219456765,10,Learn,200,OK,Thread Group 1-423,text,true,320,1,1,0
1435219456789,2,Learn,200,OK,Thread Group 1-425,text,true,320,2,2,0
1435219456789,2,Learn,200,OK,Thread Group 1-426,text,true,320,1,1,0
1435219456805,2,Learn,200,OK,Thread Group 1-427,text,true,320,1,1,0
1435219456809,2,Learn,200,OK,Thread Group 1-428,text,true,320,1,1,0
1435219456821,2,Learn,200,OK,Thread Group 1-429,text,true,320,1,1,0
1435219456831,2,Learn,200,OK,Thread Group 1-430,text,true,320,1,1,0
1435219456841,2,Learn,200,OK,Thread Group 1-431,text,true,320,1,1,0
1435219456851,2,Learn,200,OK,Thread Group 1-432,text,true,320,1,1,0
1435219456862,2,Learn,200,OK,Thread Group 1-433,text,true,320,1,1,0
1435219456872,2,Learn,200,OK,Thread Group 1-434,text,true,320,1,1,0
1435219456882,2,Learn,200,OK,Thread Group 1-435,text,true,320,1,1,0
1435219456892,2,Learn,200,OK,Thread Group 1-436,text,true,320,1,1,0
1435219456922,2,Learn,200,OK,Thread Group 1-437,text,true,320,1,1,0
1435219456949,1,Learn,200,OK,Thread Group 1-438,text,true,320,1,1,0
1435219456959,1,Learn,200,OK,Thread Group 1-439,text,true,320,1,1,0
1435219456969,1,Learn,200,OK,Thread Group 1-440,text,true,320,1,1,0
1435219456980,2,Learn,200,OK,Thread Group 1-441,text,true,320,1,1,0
1435219456990,1,Learn,200,OK,Thread Group 1-442,text,true,320,1,1,0
1435219457001,1,Learn,200,OK,Thread Group 1-443,text,true,320,1,1,0
1435219457012,1,Learn,200,OK,Thread Group 1-444,text,true,320,1,1,0
1435219457022,2,Learn,200,OK,Thread Group 1-445,text,true,320,1,1,0
1435219457033,1,Learn,200,OK,Thread Group 1-446,text,true,320,1,1,0
1435219457043,2,Learn,200,OK,Thread Group 1-447,text,true,320,1,1,0
1435219457054,1,Learn,200,OK,Thread Group 1-448,text,true,320,1,1,0
1435219457064,1,Learn,200,OK,Thread Group 1-449,text,true,320,1,1,0
1435219457150,2,Learn,200,OK,Thread Group 1-451,text,true,320,1,1,0
1435219457160,1,Learn,200,OK,Thread Group 1-452,text,true,320,1,1,0
1435219457170,2,Learn,200,OK,Thread Group 1-453,text,true,320,1,1,0
1435219457181,2,Learn,200,OK,Thread Group 1-454,text,true,320,1,1,0
1435219457192,1,Learn,200,OK,Thread Group 1-455,text,true,320,1,1,0
1435219457201,1,Learn,200,OK,Thread Group 1-456,text,true,320,1,1,0
1435219457213,2,Learn,200,OK,Thread Group 1-457,text,true,320,1,1,0
1435219457223,2,Learn,200,OK,Thread Group 1-458,text,true,320,1,1,0
1435219457238,2,Learn,200,OK,Thread Group 1-459,text,true,320,1,1,0
1435219457263,2,Learn,200,OK,Thread Group 1-460,text,true,320,1,1,0
1435219457268,2,Learn,200,OK,Thread Group 1-450,text,true,320,1,1,0
1435219457273,2,Learn,200,OK,Thread Group 1-461,text,true,320,1,1,0
1435219457284,1,Learn,200,OK,Thread Group 1-462,text,true,320,1,1,0
1435219457299,1,Learn,200,OK,Thread Group 1-463,text,true,320,1,1,0
1435219457310,1,Learn,200,OK,Thread Group 1-464,text,true,320,1,1,0
1435219457320,1,Learn,200,OK,Thread Group 1-465,text,true,320,1,1,0
1435219457330,1,Learn,200,OK,Thread Group 1-466,text,true,320,1,1,0
1435219457350,1,Learn,200,OK,Thread Group 1-467,text,true,320,1,1,0
1435219457364,2,Learn,200,OK,Thread Group 1-468,text,true,320,1,1,0
1435219457371,2,Learn,200,OK,Thread Group 1-469,text,true,320,1,1,0
1435219457388,2,Learn,200,OK,Thread Group 1-470,text,true,320,1,1,0
1435219457391,2,Learn,200,OK,Thread Group 1-471,text,true,320,1,1,0
1435219457400,2,Learn,200,OK,Thread Group 1-472,text,true,320,1,1,0
1435219457415,2,Learn,200,OK,Thread Group 1-473,text,true,320,1,1,0
1435219457425,2,Learn,200,OK,Thread Group 1-474,text,true,320,1,1,0
1435219457435,2,Learn,200,OK,Thread Group 1-475,text,true,320,1,1,0
1435219457449,2,Learn,200,OK,Thread Group 1-476,text,true,320,1,1,0
1435219457460,2,Learn,200,OK,Thread Group 1-477,text,true,320,1,1,0
1435219457470,2,Learn,200,OK,Thread Group 1-478,text,true,320,1,1,0
1435219457494,1,Learn,200,OK,Thread Group 1-479,text,true,320,1,1,0
1435219457505,1,Learn,200,OK,Thread Group 1-480,text,true,320,1,1,0
1435219457515,2,Learn,200,OK,Thread Group 1-481,text,true,320,1,1,0
1435219457525,1,Learn,200,OK,Thread Group 1-482,text,true,320,1,1,0
1435219457538,2,Learn,200,OK,Thread Group 1-483,text,true,320,1,1,0
1435219457548,1,Learn,200,OK,Thread Group 1-484,text,true,320,1,1,0
1435219457559,2,Learn,200,OK,Thread Group 1-485,text,true,320,1,1,0
1435219457569,1,Learn,200,OK,Thread Group 1-486,text,true,320,1,1,0
1435219457578,2,Learn,200,OK,Thread Group 1-487,text,true,320,1,1,0
1435219457589,2,Learn,200,OK,Thread Group 1-488,text,true,320,1,1,0
1435219457599,2,Learn,200,OK,Thread Group 1-489,text,true,320,1,1,0
1435219457610,2,Learn,200,OK,Thread Group 1-490,text,true,320,1,1,0
1435219457629,2,Learn,200,OK,Thread Group 1-491,text,true,320,1,1,0
1435219457641,2,Learn,200,OK,Thread Group 1-492,text,true,320,1,1,0
1435219457651,2,Learn,200,OK,Thread Group 1-493,text,true,320,1,1,0
1435219457665,2,Learn,200,OK,Thread Group 1-494,text,true,320,1,1,0
1435219457676,2,Learn,200,OK,Thread Group 1-495,text,true,320,1,1,0
1435219457687,2,Learn,200,OK,Thread Group 1-496,text,true,320,1,1,0
1435219457697,2,Learn,200,OK,Thread Group 1-497,text,true,320,1,1,0
1435219457716,2,Learn,200,OK,Thread Group 1-498,text,true,320,1,1,0
1435219457726,2,Learn,200,OK,Thread Group 1-499,text,true,320,1,1,0
1435219457738,2,Learn,200,OK,Thread Group 1-500,text,true,320,1,1,0
1435219457752,1,Learn,200,OK,Thread Group 1-501,text,true,320,1,1,0
1435219457763,2,Learn,200,OK,Thread Group 1-502,text,true,320,1,1,0
1435219457772,2,Learn,200,OK,Thread Group 1-503,text,true,320,1,1,0
1435219457792,2,Learn,200,OK,Thread Group 1-504,text,true,320,1,1,0
1435219457806,2,Learn,200,OK,Thread Group 1-505,text,true,320,1,1,0
1435219457816,2,Learn,200,OK,Thread Group 1-506,text,true,320,1,1,0
1435219457827,2,Learn,200,OK,Thread Group 1-507,text,true,320,1,1,0
1435219457837,2,Learn,200,OK,Thread Group 1-508,text,true,320,1,1,0
1435219457847,2,Learn,200,OK,Thread Group 1-509,text,true,320,1,1,0
1435219457858,2,Learn,200,OK,Thread Group 1-510,text,true,320,1,1,0
1435219457868,2,Learn,200,OK,Thread Group 1-511,text,true,320,1,1,0
1435219457918,2,Learn,200,OK,Thread Group 1-513,text,true,320,1,1,0
1435219457928,1,Learn,200,OK,Thread Group 1-514,text,true,320,1,1,0
1435219457939,1,Learn,200,OK,Thread Group 1-515,text,true,320,1,1,0
1435219457949,1,Learn,200,OK,Thread Group 1-516,text,true,320,1,1,0
1435219457959,1,Learn,200,OK,Thread Group 1-517,text,true,320,1,1,0
1435219457970,2,Learn,200,OK,Thread Group 1-518,text,true,320,1,1,0
1435219457980,2,Learn,200,OK,Thread Group 1-519,text,true,320,1,1,0
1435219457990,2,Learn,200,OK,Thread Group 1-520,text,true,320,1,1,0
1435219458000,1,Learn,200,OK,Thread Group 1-521,text,true,320,1,1,0
1435219458006,1,Learn,200,OK,Thread Group 1-512,text,true,320,1,1,0
1435219458011,1,Learn,200,OK,Thread Group 1-522,text,true,320,1,1,0
1435219458021,1,Learn,200,OK,Thread Group 1-523,text,true,320,1,1,0
1435219458031,1,Learn,200,OK,Thread Group 1-524,text,true,320,1,1,0
1435219458041,2,Learn,200,OK,Thread Group 1-525,text,true,320,1,1,0
1435219458052,2,Learn,200,OK,Thread Group 1-526,text,true,320,1,1,0
1435219458062,2,Learn,200,OK,Thread Group 1-527,text,true,320,1,1,0
1435219458073,2,Learn,200,OK,Thread Group 1-528,text,true,320,1,1,0
1435219458083,1,Learn,200,OK,Thread Group 1-529,text,true,320,1,1,0
1435219458100,2,Learn,200,OK,Thread Group 1-530,text,true,320,1,1,0
1435219458112,2,Learn,200,OK,Thread Group 1-531,text,true,320,1,1,0
1435219458122,1,Learn,200,OK,Thread Group 1-532,text,true,320,1,1,0
1435219458132,1,Learn,200,OK,Thread Group 1-533,text,true,320,1,1,0
1435219458142,2,Learn,200,OK,Thread Group 1-534,text,true,320,1,1,0
1435219458153,2,Learn,200,OK,Thread Group 1-535,text,true,320,1,1,0
1435219458163,1,Learn,200,OK,Thread Group 1-536,text,true,320,1,1,0
1435219458173,1,Learn,200,OK,Thread Group 1-537,text,true,320,1,1,0
1435219458184,1,Learn,200,OK,Thread Group 1-538,text,true,320,1,1,0
1435219458195,1,Learn,200,OK,Thread Group 1-539,text,true,320,1,1,0
1435219458207,2,Learn,200,OK,Thread Group 1-540,text,true,320,1,1,0
1435219458216,2,Learn,200,OK,Thread Group 1-541,text,true,320,1,1,0
1435219458227,2,Learn,200,OK,Thread Group 1-542,text,true,320,1,1,0
1435219458247,1,Learn,200,OK,Thread Group 1-544,text,true,320,2,2,0
1435219458260,1,Learn,200,OK,Thread Group 1-545,text,true,320,2,2,0
1435219458243,19,Learn,200,OK,Thread Group 1-543,text,true,320,1,1,0
1435219458267,9,Learn,200,OK,Thread Group 1-546,text,true,320,1,1,0
1435219458277,1,Learn,200,OK,Thread Group 1-547,text,true,320,1,1,0
1435219458292,2,Learn,200,OK,Thread Group 1-548,text,true,320,1,1,0
1435219458298,1,Learn,200,OK,Thread Group 1-549,text,true,320,1,1,0
1435219458308,2,Learn,200,OK,Thread Group 1-550,text,true,320,1,1,0
1435219458319,1,Learn,200,OK,Thread Group 1-551,text,true,320,1,1,0
1435219458329,1,Learn,200,OK,Thread Group 1-552,text,true,320,1,1,0
1435219458350,2,Learn,200,OK,Thread Group 1-553,text,true,320,1,1,0
1435219458357,2,Learn,200,OK,Thread Group 1-554,text,true,320,1,1,0
1435219458367,2,Learn,200,OK,Thread Group 1-555,text,true,320,1,1,0
1435219458378,2,Learn,200,OK,Thread Group 1-556,text,true,320,1,1,0
1435219458388,2,Learn,200,OK,Thread Group 1-557,text,true,320,1,1,0
1435219458398,2,Learn,200,OK,Thread Group 1-558,text,true,320,1,1,0
1435219458409,2,Learn,200,OK,Thread Group 1-559,text,true,320,1,1,0
1435219458420,2,Learn,200,OK,Thread Group 1-560,text,true,320,1,1,0
1435219458430,2,Learn,200,OK,Thread Group 1-561,text,true,320,1,1,0
1435219458453,2,Learn,200,OK,Thread Group 1-562,text,true,320,1,1,0
1435219458464,1,Learn,200,OK,Thread Group 1-563,text,true,320,1,1,0
1435219458473,2,Learn,200,OK,Thread Group 1-564,text,true,320,1,1,0
1435219458484,2,Learn,200,OK,Thread Group 1-565,text,true,320,1,1,1
1435219458496,2,Learn,200,OK,Thread Group 1-566,text,true,320,1,1,1
1435219458506,2,Learn,200,OK,Thread Group 1-567,text,true,320,1,1,1
1435219458517,1,Learn,200,OK,Thread Group 1-568,text,true,320,1,1,0
1435219458528,1,Learn,200,OK,Thread Group 1-569,text,true,320,1,1,0
1435219458538,2,Learn,200,OK,Thread Group 1-570,text,true,320,1,1,0
1435219458548,2,Learn,200,OK,Thread Group 1-571,text,true,320,1,1,0
1435219458559,1,Learn,200,OK,Thread Group 1-572,text,true,320,1,1,0
1435219458570,1,Learn,200,OK,Thread Group 1-573,text,true,320,1,1,0
1435219458579,2,Learn,200,OK,Thread Group 1-574,text,true,320,1,1,0
1435219458590,1,Learn,200,OK,Thread Group 1-575,text,true,320,1,1,0
1435219458600,1,Learn,200,OK,Thread Group 1-576,text,true,320,1,1,0
1435219458611,2,Learn,200,OK,Thread Group 1-577,text,true,320,1,1,0
1435219458620,2,Learn,200,OK,Thread Group 1-578,text,true,320,1,1,0
1435219458631,2,Learn,200,OK,Thread Group 1-579,text,true,320,1,1,0
1435219458650,2,Learn,200,OK,Thread Group 1-580,text,true,320,1,1,0
1435219458660,2,Learn,200,OK,Thread Group 1-581,text,true,320,1,1,0
1435219458670,2,Learn,200,OK,Thread Group 1-582,text,true,320,1,1,0
1435219458681,2,Learn,200,OK,Thread Group 1-583,text,true,320,1,1,0
1435219458691,2,Learn,200,OK,Thread Group 1-584,text,true,320,1,1,0
1435219458700,2,Learn,200,OK,Thread Group 1-585,text,true,320,1,1,0
1435219458710,2,Learn,200,OK,Thread Group 1-586,text,true,320,1,1,0
1435219458724,2,Learn,200,OK,Thread Group 1-587,text,true,320,1,1,0
1435219458734,2,Learn,200,OK,Thread Group 1-588,text,true,320,1,1,0
1435219458744,2,Learn,200,OK,Thread Group 1-589,text,true,320,1,1,0
1435219458755,2,Learn,200,OK,Thread Group 1-590,text,true,320,1,1,0
1435219458781,2,Learn,200,OK,Thread Group 1-591,text,true,320,1,1,0
1435219458792,1,Learn,200,OK,Thread Group 1-592,text,true,320,1,1,0
1435219458803,1,Learn,200,OK,Thread Group 1-593,text,true,320,1,1,0
1435219458812,2,Learn,200,OK,Thread Group 1-594,text,true,320,1,1,1
1435219458823,1,Learn,200,OK,Thread Group 1-595,text,true,320,1,1,0
1435219458833,2,Learn,200,OK,Thread Group 1-596,text,true,320,1,1,0
1435219458844,2,Learn,200,OK,Thread Group 1-597,text,true,320,1,1,0
1435219458853,2,Learn,200,OK,Thread Group 1-598,text,true,320,1,1,0
1435219458864,1,Learn,200,OK,Thread Group 1-599,text,true,320,1,1,0
1435219458875,1,Learn,200,OK,Thread Group 1-600,text,true,320,1,1,0
1435219458885,2,Learn,200,OK,Thread Group 1-601,text,true,320,1,1,0
1435219458894,2,Learn,200,OK,Thread Group 1-602,text,true,320,1,1,0
1435219458905,1,Learn,200,OK,Thread Group 1-603,text,true,320,1,1,0
1435219458916,1,Learn,200,OK,Thread Group 1-604,text,true,320,1,1,0
1435219458926,2,Learn,200,OK,Thread Group 1-605,text,true,320,1,1,0
1435219458936,2,Learn,200,OK,Thread Group 1-606,text,true,320,1,1,0
1435219458945,2,Learn,200,OK,Thread Group 1-607,text,true,320,1,1,0
1435219458956,2,Learn,200,OK,Thread Group 1-608,text,true,320,1,1,0
1435219458966,2,Learn,200,OK,Thread Group 1-609,text,true,320,1,1,0
1435219458976,2,Learn,200,OK,Thread Group 1-610,text,true,320,1,1,0
1435219458987,1,Learn,200,OK,Thread Group 1-611,text,true,320,1,1,0
1435219458998,1,Learn,200,OK,Thread Group 1-612,text,true,320,1,1,0
1435219459008,2,Learn,200,OK,Thread Group 1-613,text,true,320,1,1,0
1435219459017,2,Learn,200,OK,Thread Group 1-614,text,true,320,1,1,0
1435219459045,2,Learn,200,OK,Thread Group 1-615,text,true,320,1,1,0
1435219459057,2,Learn,200,OK,Thread Group 1-616,text,true,320,1,1,0
1435219459066,2,Learn,200,OK,Thread Group 1-617,text,true,320,1,1,0
1435219459091,1,Learn,200,OK,Thread Group 1-618,text,true,320,1,1,0
1435219459101,2,Learn,200,OK,Thread Group 1-619,text,true,320,1,1,0
1435219459111,1,Learn,200,OK,Thread Group 1-620,text,true,320,1,1,0
1435219459122,2,Learn,200,OK,Thread Group 1-621,text,true,320,1,1,0
1435219459131,2,Learn,200,OK,Thread Group 1-622,text,true,320,1,1,1
1435219459141,2,Learn,200,OK,Thread Group 1-623,text,true,320,1,1,1
1435219459151,2,Learn,200,OK,Thread Group 1-624,text,true,320,1,1,0
1435219459162,2,Learn,200,OK,Thread Group 1-625,text,true,320,1,1,0
1435219459172,2,Learn,200,OK,Thread Group 1-626,text,true,320,1,1,0
1435219459187,2,Learn,200,OK,Thread Group 1-627,text,true,320,1,1,0
1435219459193,2,Learn,200,OK,Thread Group 1-628,text,true,320,1,1,0
1435219459204,2,Learn,200,OK,Thread Group 1-629,text,true,320,1,1,0
1435219459214,2,Learn,200,OK,Thread Group 1-630,text,true,320,1,1,0
1435219459224,1,Learn,200,OK,Thread Group 1-631,text,true,320,1,1,0
1435219459234,2,Learn,200,OK,Thread Group 1-632,text,true,320,1,1,0
1435219459244,2,Learn,200,OK,Thread Group 1-633,text,true,320,1,1,0
1435219459254,2,Learn,200,OK,Thread Group 1-634,text,true,320,1,1,0
1435219459264,2,Learn,200,OK,Thread Group 1-635,text,true,320,1,1,0
1435219459275,2,Learn,200,OK,Thread Group 1-636,text,true,320,1,1,0
1435219459286,2,Learn,200,OK,Thread Group 1-637,text,true,320,1,1,0
1435219459295,2,Learn,200,OK,Thread Group 1-638,text,true,320,1,1,0
1435219459305,2,Learn,200,OK,Thread Group 1-639,text,true,320,1,1,0
1435219459315,2,Learn,200,OK,Thread Group 1-640,text,true,320,1,1,0
1435219459326,2,Learn,200,OK,Thread Group 1-641,text,true,320,1,1,0
1435219459336,2,Learn,200,OK,Thread Group 1-642,text,true,320,1,1,0
1435219459346,2,Learn,200,OK,Thread Group 1-643,text,true,320,1,1,0
1435219459356,2,Learn,200,OK,Thread Group 1-644,text,true,320,1,1,0
1435219459367,2,Learn,200,OK,Thread Group 1-645,text,true,320,1,1,0
1435219459377,2,Learn,200,OK,Thread Group 1-646,text,true,320,1,1,0
1435219459388,1,Learn,200,OK,Thread Group 1-647,text,true,320,1,1,0
1435219459399,2,Learn,200,OK,Thread Group 1-648,text,true,320,1,1,0
1435219459409,2,Learn,200,OK,Thread Group 1-649,text,true,320,1,1,0
1435219459419,2,Learn,200,OK,Thread Group 1-650,text,true,320,1,1,0
1435219459429,2,Learn,200,OK,Thread Group 1-651,text,true,320,1,1,0
1435219459440,2,Learn,200,OK,Thread Group 1-652,text,true,320,1,1,0
1435219459449,2,Learn,200,OK,Thread Group 1-653,text,true,320,1,1,0
1435219459459,2,Learn,200,OK,Thread Group 1-654,text,true,320,1,1,0
1435219459469,2,Learn,200,OK,Thread Group 1-655,text,true,320,1,1,0
1435219459480,2,Learn,200,OK,Thread Group 1-656,text,true,320,1,1,0
1435219459490,2,Learn,200,OK,Thread Group 1-657,text,true,320,1,1,0
1435219459500,2,Learn,200,OK,Thread Group 1-658,text,true,320,1,1,0
1435219459510,2,Learn,200,OK,Thread Group 1-659,text,true,320,1,1,0
1435219459521,2,Learn,200,OK,Thread Group 1-660,text,true,320,1,1,0
1435219459531,2,Learn,200,OK,Thread Group 1-661,text,true,320,1,1,0
1435219459541,2,Learn,200,OK,Thread Group 1-662,text,true,320,1,1,0
1435219459551,2,Learn,200,OK,Thread Group 1-663,text,true,320,1,1,0
1435219459562,2,Learn,200,OK,Thread Group 1-664,text,true,320,1,1,0
1435219459597,2,Learn,200,OK,Thread Group 1-666,text,true,320,1,1,0
1435219459608,2,Learn,200,OK,Thread Group 1-667,text,true,320,2,2,0
1435219459610,1,Learn,200,OK,Thread Group 1-665,text,true,320,1,1,0
1435219459618,2,Learn,200,OK,Thread Group 1-668,text,true,320,1,1,0
1435219459629,2,Learn,200,OK,Thread Group 1-669,text,true,320,1,1,0
1435219459639,2,Learn,200,OK,Thread Group 1-670,text,true,320,1,1,0
1435219459649,2,Learn,200,OK,Thread Group 1-671,text,true,320,1,1,0
1435219459659,2,Learn,200,OK,Thread Group 1-672,text,true,320,1,1,0
1435219459670,2,Learn,200,OK,Thread Group 1-673,text,true,320,1,1,0
1435219459681,2,Learn,200,OK,Thread Group 1-674,text,true,320,1,1,0
1435219459691,2,Learn,200,OK,Thread Group 1-675,text,true,320,1,1,0
1435219459701,2,Learn,200,OK,Thread Group 1-676,text,true,320,1,1,0
1435219459711,2,Learn,200,OK,Thread Group 1-677,text,true,320,1,1,0
1435219459722,2,Learn,200,OK,Thread Group 1-678,text,true,320,1,1,0
1435219459732,2,Learn,200,OK,Thread Group 1-679,text,true,320,1,1,0
1435219459742,2,Learn,200,OK,Thread Group 1-680,text,true,320,1,1,0
1435219459752,2,Learn,200,OK,Thread Group 1-681,text,true,320,1,1,0
1435219459763,2,Learn,200,OK,Thread Group 1-682,text,true,320,1,1,0
1435219459773,2,Learn,200,OK,Thread Group 1-683,text,true,320,1,1,0
1435219459783,2,Learn,200,OK,Thread Group 1-684,text,true,320,1,1,1
1435219459793,2,Learn,200,OK,Thread Group 1-685,text,true,320,1,1,0
1435219459804,2,Learn,200,OK,Thread Group 1-686,text,true,320,1,1,0
1435219459814,2,Learn,200,OK,Thread Group 1-687,text,true,320,1,1,0
1435219459825,1,Learn,200,OK,Thread Group 1-688,text,true,320,1,1,0
1435219459835,1,Learn,200,OK,Thread Group 1-689,text,true,320,1,1,0
1435219459845,2,Learn,200,OK,Thread Group 1-690,text,true,320,1,1,0
1435219459856,2,Learn,200,OK,Thread Group 1-691,text,true,320,1,1,0
1435219459865,2,Learn,200,OK,Thread Group 1-692,text,true,320,1,1,0
1435219459875,2,Learn,200,OK,Thread Group 1-693,text,true,320,1,1,1
1435219459886,2,Learn,200,OK,Thread Group 1-694,text,true,320,1,1,0
1435219459897,2,Learn,200,OK,Thread Group 1-695,text,true,320,1,1,0
1435219459906,2,Learn,200,OK,Thread Group 1-696,text,true,320,1,1,0
1435219459933,1,Learn,200,OK,Thread Group 1-697,text,true,320,1,1,0
1435219459943,1,Learn,200,OK,Thread Group 1-698,text,true,320,1,1,0
1435219459954,1,Learn,200,OK,Thread Group 1-699,text,true,320,1,1,0
1435219459965,1,Learn,200,OK,Thread Group 1-700,text,true,320,1,1,0
1435219459975,1,Learn,200,OK,Thread Group 1-701,text,true,320,1,1,0
1435219459985,1,Learn,200,OK,Thread Group 1-702,text,true,320,1,1,0
1435219459995,1,Learn,200,OK,Thread Group 1-703,text,true,320,1,1,0
1435219460006,1,Learn,200,OK,Thread Group 1-704,text,true,320,1,1,0
1435219460016,1,Learn,200,OK,Thread Group 1-705,text,true,320,1,1,0
1435219460026,1,Learn,200,OK,Thread Group 1-706,text,true,320,1,1,0
1435219460036,1,Learn,200,OK,Thread Group 1-707,text,true,320,1,1,0
1435219460047,1,Learn,200,OK,Thread Group 1-708,text,true,320,1,1,0
1435219460057,1,Learn,200,OK,Thread Group 1-709,text,true,320,1,1,0
1435219460067,2,Learn,200,OK,Thread Group 1-710,text,true,320,1,1,0
1435219460078,2,Learn,200,OK,Thread Group 1-711,text,true,320,1,1,0
1435219460088,2,Learn,200,OK,Thread Group 1-712,text,true,320,1,1,0
1435219460098,2,Learn,200,OK,Thread Group 1-713,text,true,320,1,1,0
1435219460127,2,Learn,200,OK,Thread Group 1-714,text,true,320,1,1,0
1435219460133,2,Learn,200,OK,Thread Group 1-715,text,true,320,1,1,0
1435219460144,1,Learn,200,OK,Thread Group 1-716,text,true,320,2,2,0
1435219460159,2,Learn,200,OK,Thread Group 1-717,text,true,320,1,1,0
1435219460176,1,Learn,200,OK,Thread Group 1-719,text,true,320,2,2,0
1435219460166,26,Learn,200,OK,Thread Group 1-718,text,true,320,2,2,0
1435219460192,2,Learn,200,OK,Thread Group 1-720,text,true,320,1,1,0
1435219460196,1,Learn,200,OK,Thread Group 1-721,text,true,320,1,1,0
1435219460206,2,Learn,200,OK,Thread Group 1-722,text,true,320,1,1,0
1435219460216,2,Learn,200,OK,Thread Group 1-723,text,true,320,1,1,1
1435219460226,2,Learn,200,OK,Thread Group 1-724,text,true,320,1,1,0
1435219460237,2,Learn,200,OK,Thread Group 1-725,text,true,320,1,1,0
1435219460247,2,Learn,200,OK,Thread Group 1-726,text,true,320,1,1,0
1435219460258,1,Learn,200,OK,Thread Group 1-727,text,true,320,1,1,0
1435219460267,2,Learn,200,OK,Thread Group 1-728,text,true,320,1,1,0
1435219460278,2,Learn,200,OK,Thread Group 1-729,text,true,320,1,1,0
1435219460288,2,Learn,200,OK,Thread Group 1-730,text,true,320,1,1,0
1435219460303,1,Learn,200,OK,Thread Group 1-731,text,true,320,1,1,0
1435219460314,2,Learn,200,OK,Thread Group 1-732,text,true,320,1,1,0
1435219460323,2,Learn,200,OK,Thread Group 1-733,text,true,320,1,1,0
1435219460334,2,Learn,200,OK,Thread Group 1-734,text,true,320,1,1,0
1435219460344,2,Learn,200,OK,Thread Group 1-735,text,true,320,1,1,0
1435219460355,2,Learn,200,OK,Thread Group 1-736,text,true,320,1,1,0
1435219460370,2,Learn,200,OK,Thread Group 1-737,text,true,320,1,1,0
1435219460375,1,Learn,200,OK,Thread Group 1-738,text,true,320,1,1,0
1435219460394,2,Learn,200,OK,Thread Group 1-739,text,true,320,2,2,0
1435219460396,1,Learn,200,OK,Thread Group 1-740,text,true,320,1,1,0
1435219460419,1,Learn,200,OK,Thread Group 1-741,text,true,320,1,1,0
1435219460428,2,Learn,200,OK,Thread Group 1-742,text,true,320,1,1,0
1435219460439,1,Learn,200,OK,Thread Group 1-743,text,true,320,1,1,0
1435219460449,1,Learn,200,OK,Thread Group 1-744,text,true,320,1,1,0
1435219460459,1,Learn,200,OK,Thread Group 1-745,text,true,320,1,1,0
1435219460470,1,Learn,200,OK,Thread Group 1-746,text,true,320,1,1,0
1435219460480,1,Learn,200,OK,Thread Group 1-747,text,true,320,1,1,0
1435219460490,1,Learn,200,OK,Thread Group 1-748,text,true,320,1,1,0
1435219460500,1,Learn,200,OK,Thread Group 1-749,text,true,320,1,1,0
1435219460510,2,Learn,200,OK,Thread Group 1-750,text,true,320,1,1,0
1435219460520,2,Learn,200,OK,Thread Group 1-751,text,true,320,1,1,0
1435219460530,2,Learn,200,OK,Thread Group 1-752,text,true,320,1,1,0
1435219460541,1,Learn,200,OK,Thread Group 1-753,text,true,320,1,1,0
1435219460551,2,Learn,200,OK,Thread Group 1-754,text,true,320,1,1,0
1435219460561,2,Learn,200,OK,Thread Group 1-755,text,true,320,1,1,0
1435219460572,1,Learn,200,OK,Thread Group 1-756,text,true,320,1,1,0
1435219460581,2,Learn,200,OK,Thread Group 1-757,text,true,320,1,1,0
1435219460591,2,Learn,200,OK,Thread Group 1-758,text,true,320,1,1,0
1435219460603,1,Learn,200,OK,Thread Group 1-759,text,true,320,1,1,0
1435219460612,2,Learn,200,OK,Thread Group 1-760,text,true,320,1,1,0
1435219460622,2,Learn,200,OK,Thread Group 1-761,text,true,320,1,1,0
1435219460632,2,Learn,200,OK,Thread Group 1-762,text,true,320,1,1,0
1435219460643,2,Learn,200,OK,Thread Group 1-763,text,true,320,1,1,0
1435219460653,2,Learn,200,OK,Thread Group 1-764,text,true,320,1,1,0
1435219460663,2,Learn,200,OK,Thread Group 1-765,text,true,320,1,1,0
1435219460673,2,Learn,200,OK,Thread Group 1-766,text,true,320,1,1,0
1435219460684,2,Learn,200,OK,Thread Group 1-767,text,true,320,1,1,0
1435219460704,2,Learn,200,OK,Thread Group 1-769,text,true,320,2,2,1
1435219460702,6,Learn,200,OK,Thread Group 1-768,text,true,320,1,1,0
1435219460715,1,Learn,200,OK,Thread Group 1-770,text,true,320,1,1,0
1435219460726,1,Learn,200,OK,Thread Group 1-771,text,true,320,1,1,0
1435219460736,1,Learn,200,OK,Thread Group 1-772,text,true,320,1,1,0
1435219460767,1,Learn,200,OK,Thread Group 1-774,text,true,320,1,1,0
1435219460778,1,Learn,200,OK,Thread Group 1-775,text,true,320,2,2,0
1435219460778,2,Learn,200,OK,Thread Group 1-773,text,true,320,1,1,0
1435219460788,2,Learn,200,OK,Thread Group 1-776,text,true,320,1,1,0
1435219460798,2,Learn,200,OK,Thread Group 1-777,text,true,320,1,1,0
1435219460809,1,Learn,200,OK,Thread Group 1-778,text,true,320,1,1,0
1435219460819,1,Learn,200,OK,Thread Group 1-779,text,true,320,1,1,0
1435219460830,2,Learn,200,OK,Thread Group 1-780,text,true,320,1,1,0
1435219460840,1,Learn,200,OK,Thread Group 1-781,text,true,320,1,1,0
1435219460850,1,Learn,200,OK,Thread Group 1-782,text,true,320,1,1,0
1435219460860,1,Learn,200,OK,Thread Group 1-783,text,true,320,1,1,0
1435219460870,2,Learn,200,OK,Thread Group 1-784,text,true,320,1,1,0
1435219460881,1,Learn,200,OK,Thread Group 1-785,text,true,320,1,1,0
1435219460891,1,Learn,200,OK,Thread Group 1-786,text,true,320,1,1,0
1435219460901,1,Learn,200,OK,Thread Group 1-787,text,true,320,1,1,0
1435219460912,2,Learn,200,OK,Thread Group 1-788,text,true,320,1,1,0
1435219460921,2,Learn,200,OK,Thread Group 1-789,text,true,320,1,1,0
1435219460932,1,Learn,200,OK,Thread Group 1-790,text,true,320,1,1,0
1435219460941,2,Learn,200,OK,Thread Group 1-791,text,true,320,1,1,0
1435219460953,1,Learn,200,OK,Thread Group 1-792,text,true,320,1,1,0
1435219460963,1,Learn,200,OK,Thread Group 1-793,text,true,320,1,1,0
1435219460972,1,Learn,200,OK,Thread Group 1-794,text,true,320,1,1,0
1435219460982,1,Learn,200,OK,Thread Group 1-795,text,true,320,1,1,0
1435219460993,2,Learn,200,OK,Thread Group 1-796,text,true,320,1,1,0
1435219461002,2,Learn,200,OK,Thread Group 1-797,text,true,320,1,1,0
1435219461012,2,Learn,200,OK,Thread Group 1-798,text,true,320,1,1,0
1435219461023,3,Learn,200,OK,Thread Group 1-799,text,true,320,1,1,0
1435219461033,2,Learn,200,OK,Thread Group 1-800,text,true,320,1,1,0
1435219461044,1,Learn,200,OK,Thread Group 1-801,text,true,320,1,1,0
1435219461055,2,Learn,200,OK,Thread Group 1-802,text,true,320,1,1,0
1435219461064,2,Learn,200,OK,Thread Group 1-803,text,true,320,1,1,0
1435219461075,1,Learn,200,OK,Thread Group 1-804,text,true,320,1,1,0
1435219461104,2,Learn,200,OK,Thread Group 1-805,text,true,320,1,1,0
1435219461123,2,Learn,200,OK,Thread Group 1-806,text,true,320,1,1,0
1435219461133,2,Learn,200,OK,Thread Group 1-807,text,true,320,1,1,0
1435219461145,2,Learn,200,OK,Thread Group 1-808,text,true,320,1,1,0
1435219461157,2,Learn,200,OK,Thread Group 1-809,text,true,320,1,1,0
1435219461167,2,Learn,200,OK,Thread Group 1-810,text,true,320,1,1,0
1435219461177,2,Learn,200,OK,Thread Group 1-811,text,true,320,1,1,0
1435219461187,2,Learn,200,OK,Thread Group 1-812,text,true,320,1,1,0
1435219461198,2,Learn,200,OK,Thread Group 1-813,text,true,320,1,1,0
1435219461208,2,Learn,200,OK,Thread Group 1-814,text,true,320,1,1,0
1435219461219,1,Learn,200,OK,Thread Group 1-815,text,true,320,1,1,0
1435219461229,1,Learn,200,OK,Thread Group 1-816,text,true,320,1,1,0
1435219461240,2,Learn,200,OK,Thread Group 1-817,text,true,320,1,1,0
1435219461249,2,Learn,200,OK,Thread Group 1-818,text,true,320,1,1,0
1435219461259,2,Learn,200,OK,Thread Group 1-819,text,true,320,1,1,0
1435219461270,3,Learn,200,OK,Thread Group 1-820,text,true,320,1,1,0
1435219461280,2,Learn,200,OK,Thread Group 1-821,text,true,320,1,1,0
1435219461290,2,Learn,200,OK,Thread Group 1-822,text,true,320,1,1,0
1435219461301,1,Learn,200,OK,Thread Group 1-823,text,true,320,1,1,0
1435219461311,2,Learn,200,OK,Thread Group 1-824,text,true,320,1,1,0
1435219461334,1,Learn,200,OK,Thread Group 1-825,text,true,320,1,1,0
1435219461340,1,Learn,200,OK,Thread Group 1-826,text,true,320,1,1,0
1435219461350,1,Learn,200,OK,Thread Group 1-827,text,true,320,1,1,0
1435219461361,1,Learn,200,OK,Thread Group 1-828,text,true,320,1,1,0
1435219461371,1,Learn,200,OK,Thread Group 1-829,text,true,320,1,1,0
1435219461381,1,Learn,200,OK,Thread Group 1-830,text,true,320,1,1,0
1435219461394,1,Learn,200,OK,Thread Group 1-831,text,true,320,1,1,0
1435219461404,1,Learn,200,OK,Thread Group 1-832,text,true,320,1,1,0
1435219461414,1,Learn,200,OK,Thread Group 1-833,text,true,320,1,1,0
1435219461424,1,Learn,200,OK,Thread Group 1-834,text,true,320,1,1,0
1435219461435,1,Learn,200,OK,Thread Group 1-835,text,true,320,1,1,0
1435219461445,1,Learn,200,OK,Thread Group 1-836,text,true,320,1,1,0
1435219461455,1,Learn,200,OK,Thread Group 1-837,text,true,320,1,1,0
1435219461465,1,Learn,200,OK,Thread Group 1-838,text,true,320,1,1,0
1435219461476,1,Learn,200,OK,Thread Group 1-839,text,true,320,1,1,0
1435219461486,1,Learn,200,OK,Thread Group 1-840,text,true,320,1,1,0
1435219461496,1,Learn,200,OK,Thread Group 1-841,text,true,320,1,1,0
1435219461506,1,Learn,200,OK,Thread Group 1-842,text,true,320,1,1,0
1435219461517,1,Learn,200,OK,Thread Group 1-843,text,true,320,1,1,0
1435219461527,1,Learn,200,OK,Thread Group 1-844,text,true,320,1,1,0
1435219461537,1,Learn,200,OK,Thread Group 1-845,text,true,320,1,1,0
1435219461547,1,Learn,200,OK,Thread Group 1-846,text,true,320,1,1,0
1435219461558,1,Learn,200,OK,Thread Group 1-847,text,true,320,1,1,0
1435219461568,1,Learn,200,OK,Thread Group 1-848,text,true,320,1,1,0
1435219461645,2,Learn,200,OK,Thread Group 1-849,text,true,320,1,1,0
1435219461657,1,Learn,200,OK,Thread Group 1-850,text,true,320,1,1,0
1435219461667,1,Learn,200,OK,Thread Group 1-851,text,true,320,1,1,0
1435219461677,1,Learn,200,OK,Thread Group 1-852,text,true,320,1,1,0
1435219461686,2,Learn,200,OK,Thread Group 1-853,text,true,320,1,1,1
1435219461696,2,Learn,200,OK,Thread Group 1-854,text,true,320,1,1,1
1435219461706,2,Learn,200,OK,Thread Group 1-855,text,true,320,1,1,0
1435219461716,2,Learn,200,OK,Thread Group 1-856,text,true,320,1,1,0
1435219461726,2,Learn,200,OK,Thread Group 1-857,text,true,320,1,1,0
1435219461736,2,Learn,200,OK,Thread Group 1-858,text,true,320,1,1,0
1435219461746,2,Learn,200,OK,Thread Group 1-859,text,true,320,1,1,0
1435219461756,2,Learn,200,OK,Thread Group 1-860,text,true,320,1,1,0
1435219461766,2,Learn,200,OK,Thread Group 1-861,text,true,320,1,1,0
1435219461776,2,Learn,200,OK,Thread Group 1-862,text,true,320,1,1,0
1435219461785,2,Learn,200,OK,Thread Group 1-863,text,true,320,1,1,0
1435219461795,2,Learn,200,OK,Thread Group 1-864,text,true,320,1,1,0
1435219461805,2,Learn,200,OK,Thread Group 1-865,text,true,320,1,1,0
1435219461815,2,Learn,200,OK,Thread Group 1-866,text,true,320,1,1,0
1435219461825,2,Learn,200,OK,Thread Group 1-867,text,true,320,1,1,0
1435219461835,2,Learn,200,OK,Thread Group 1-868,text,true,320,1,1,0
1435219461845,2,Learn,200,OK,Thread Group 1-869,text,true,320,1,1,0
1435219461855,2,Learn,200,OK,Thread Group 1-870,text,true,320,1,1,0
1435219461865,2,Learn,200,OK,Thread Group 1-871,text,true,320,1,1,0
1435219461888,1,Learn,200,OK,Thread Group 1-873,text,true,320,1,1,0
1435219461898,1,Learn,200,OK,Thread Group 1-874,text,true,320,1,1,0
1435219461908,1,Learn,200,OK,Thread Group 1-875,text,true,320,1,1,0
1435219461918,1,Learn,200,OK,Thread Group 1-876,text,true,320,1,1,0
1435219461929,1,Learn,200,OK,Thread Group 1-877,text,true,320,1,1,0
1435219461939,1,Learn,200,OK,Thread Group 1-878,text,true,320,1,1,0
1435219461949,1,Learn,200,OK,Thread Group 1-879,text,true,320,1,1,0
1435219461959,1,Learn,200,OK,Thread Group 1-880,text,true,320,1,1,0
1435219461970,1,Learn,200,OK,Thread Group 1-881,text,true,320,1,1,0
1435219461980,1,Learn,200,OK,Thread Group 1-882,text,true,320,1,1,0
1435219461990,1,Learn,200,OK,Thread Group 1-883,text,true,320,1,1,0
1435219462000,1,Learn,200,OK,Thread Group 1-884,text,true,320,1,1,0
1435219462010,1,Learn,200,OK,Thread Group 1-885,text,true,320,1,1,0
1435219462021,1,Learn,200,OK,Thread Group 1-886,text,true,320,1,1,0
1435219462039,1,Learn,200,OK,Thread Group 1-887,text,true,320,2,2,0
1435219462040,1,Learn,200,OK,Thread Group 1-872,text,true,320,1,1,0
1435219462049,1,Learn,200,OK,Thread Group 1-888,text,true,320,1,1,0
1435219462060,1,Learn,200,OK,Thread Group 1-889,text,true,320,1,1,0
1435219462070,1,Learn,200,OK,Thread Group 1-890,text,true,320,1,1,0
1435219462080,1,Learn,200,OK,Thread Group 1-891,text,true,320,1,1,0
1435219462090,1,Learn,200,OK,Thread Group 1-892,text,true,320,1,1,0
1435219462101,1,Learn,200,OK,Thread Group 1-893,text,true,320,1,1,0
1435219462111,1,Learn,200,OK,Thread Group 1-894,text,true,320,1,1,0
1435219462121,1,Learn,200,OK,Thread Group 1-895,text,true,320,1,1,0
1435219462131,1,Learn,200,OK,Thread Group 1-896,text,true,320,1,1,0
1435219462141,1,Learn,200,OK,Thread Group 1-897,text,true,320,1,1,0
1435219462152,1,Learn,200,OK,Thread Group 1-898,text,true,320,1,1,0
1435219462162,2,Learn,200,OK,Thread Group 1-899,text,true,320,1,1,0
1435219462172,1,Learn,200,OK,Thread Group 1-900,text,true,320,1,1,0
1435219462183,2,Learn,200,OK,Thread Group 1-901,text,true,320,1,1,0
1435219462194,2,Learn,200,OK,Thread Group 1-902,text,true,320,1,1,0
1435219462204,1,Learn,200,OK,Thread Group 1-903,text,true,320,1,1,0
1435219462225,1,Learn,200,OK,Thread Group 1-904,text,true,320,1,1,0
1435219462235,1,Learn,200,OK,Thread Group 1-905,text,true,320,1,1,0
1435219462246,1,Learn,200,OK,Thread Group 1-906,text,true,320,1,1,0
1435219462255,2,Learn,200,OK,Thread Group 1-907,text,true,320,1,1,0
1435219462265,2,Learn,200,OK,Thread Group 1-908,text,true,320,1,1,0
1435219462292,1,Learn,200,OK,Thread Group 1-909,text,true,320,1,1,0
1435219462302,2,Learn,200,OK,Thread Group 1-910,text,true,320,1,1,0
1435219462315,1,Learn,200,OK,Thread Group 1-911,text,true,320,1,1,0
1435219462326,2,Learn,200,OK,Thread Group 1-912,text,true,320,1,1,0
1435219462336,1,Learn,200,OK,Thread Group 1-913,text,true,320,1,1,0
1435219462361,2,Learn,200,OK,Thread Group 1-914,text,true,320,1,1,0
1435219462367,2,Learn,200,OK,Thread Group 1-915,text,true,320,1,1,0
1435219462377,2,Learn,200,OK,Thread Group 1-916,text,true,320,1,1,0
1435219462387,2,Learn,200,OK,Thread Group 1-917,text,true,320,1,1,0
1435219462400,2,Learn,200,OK,Thread Group 1-918,text,true,320,1,1,0
1435219462412,2,Learn,200,OK,Thread Group 1-919,text,true,320,1,1,0
1435219462422,2,Learn,200,OK,Thread Group 1-920,text,true,320,1,1,0
1435219462434,2,Learn,200,OK,Thread Group 1-921,text,true,320,1,1,0
1435219462455,2,Learn,200,OK,Thread Group 1-922,text,true,320,1,1,0
1435219462465,2,Learn,200,OK,Thread Group 1-923,text,true,320,1,1,0
1435219462479,2,Learn,200,OK,Thread Group 1-924,text,true,320,1,1,0
1435219462490,2,Learn,200,OK,Thread Group 1-925,text,true,320,1,1,0
1435219462501,2,Learn,200,OK,Thread Group 1-926,text,true,320,1,1,0
1435219462523,1,Learn,200,OK,Thread Group 1-927,text,true,320,1,1,0
1435219462534,1,Learn,200,OK,Thread Group 1-928,text,true,320,1,1,0
1435219462543,2,Learn,200,OK,Thread Group 1-929,text,true,320,1,1,0
1435219462554,2,Learn,200,OK,Thread Group 1-930,text,true,320,1,1,0
1435219462583,1,Learn,200,OK,Thread Group 1-931,text,true,320,1,1,0
1435219462594,1,Learn,200,OK,Thread Group 1-932,text,true,320,1,1,0
1435219462604,2,Learn,200,OK,Thread Group 1-933,text,true,320,1,1,0
1435219462616,1,Learn,200,OK,Thread Group 1-934,text,true,320,1,1,0
1435219462626,1,Learn,200,OK,Thread Group 1-935,text,true,320,1,1,0
1435219462636,1,Learn,200,OK,Thread Group 1-936,text,true,320,1,1,0
1435219462646,1,Learn,200,OK,Thread Group 1-937,text,true,320,1,1,0
1435219462657,1,Learn,200,OK,Thread Group 1-938,text,true,320,1,1,0
1435219462667,1,Learn,200,OK,Thread Group 1-939,text,true,320,1,1,0
1435219462677,1,Learn,200,OK,Thread Group 1-940,text,true,320,1,1,0
1435219462687,1,Learn,200,OK,Thread Group 1-941,text,true,320,1,1,0
1435219462698,1,Learn,200,OK,Thread Group 1-942,text,true,320,1,1,0
1435219462710,1,Learn,200,OK,Thread Group 1-943,text,true,320,1,1,0
1435219462721,1,Learn,200,OK,Thread Group 1-944,text,true,320,1,1,0
1435219462731,1,Learn,200,OK,Thread Group 1-945,text,true,320,1,1,0
1435219462741,1,Learn,200,OK,Thread Group 1-946,text,true,320,1,1,0
1435219462751,1,Learn,200,OK,Thread Group 1-947,text,true,320,1,1,0
1435219462761,1,Learn,200,OK,Thread Group 1-948,text,true,320,1,1,0
1435219462772,1,Learn,200,OK,Thread Group 1-949,text,true,320,1,1,0
1435219462782,1,Learn,200,OK,Thread Group 1-950,text,true,320,1,1,0
1435219462792,1,Learn,200,OK,Thread Group 1-951,text,true,320,1,1,0
1435219462816,2,Learn,200,OK,Thread Group 1-952,text,true,320,1,1,0
1435219462824,2,Learn,200,OK,Thread Group 1-953,text,true,320,1,1,0
1435219462834,2,Learn,200,OK,Thread Group 1-954,text,true,320,1,1,0
1435219462844,2,Learn,200,OK,Thread Group 1-955,text,true,320,1,1,0
1435219462855,2,Learn,200,OK,Thread Group 1-956,text,true,320,1,1,0
1435219462865,2,Learn,200,OK,Thread Group 1-957,text,true,320,1,1,0
1435219462875,2,Learn,200,OK,Thread Group 1-958,text,true,320,1,1,0
1435219462886,2,Learn,200,OK,Thread Group 1-959,text,true,320,1,1,0
1435219462896,2,Learn,200,OK,Thread Group 1-960,text,true,320,1,1,0
1435219462906,2,Learn,200,OK,Thread Group 1-961,text,true,320,1,1,0
1435219462916,2,Learn,200,OK,Thread Group 1-962,text,true,320,1,1,0
1435219462928,2,Learn,200,OK,Thread Group 1-963,text,true,320,1,1,0
1435219462937,2,Learn,200,OK,Thread Group 1-964,text,true,320,1,1,0
1435219462947,2,Learn,200,OK,Thread Group 1-965,text,true,320,1,1,0
1435219462957,2,Learn,200,OK,Thread Group 1-966,text,true,320,1,1,0
1435219462967,2,Learn,200,OK,Thread Group 1-967,text,true,320,1,1,0
1435219462978,2,Learn,200,OK,Thread Group 1-968,text,true,320,1,1,0
1435219462988,2,Learn,200,OK,Thread Group 1-969,text,true,320,1,1,0
1435219462998,2,Learn,200,OK,Thread Group 1-970,text,true,320,1,1,0
1435219463008,2,Learn,200,OK,Thread Group 1-971,text,true,320,1,1,0
1435219463019,2,Learn,200,OK,Thread Group 1-972,text,true,320,1,1,0
1435219463029,2,Learn,200,OK,Thread Group 1-973,text,true,320,1,1,0
1435219463040,1,Learn,200,OK,Thread Group 1-974,text,true,320,1,1,0
1435219463050,1,Learn,200,OK,Thread Group 1-975,text,true,320,1,1,0
1435219463060,1,Learn,200,OK,Thread Group 1-976,text,true,320,1,1,0
1435219463071,1,Learn,200,OK,Thread Group 1-977,text,true,320,1,1,0
1435219463088,2,Learn,200,OK,Thread Group 1-978,text,true,320,1,1,0
1435219463091,1,Learn,200,OK,Thread Group 1-979,text,true,320,1,1,0
1435219463101,1,Learn,200,OK,Thread Group 1-980,text,true,320,1,1,0
1435219463111,2,Learn,200,OK,Thread Group 1-981,text,true,320,1,1,0
1435219463121,2,Learn,200,OK,Thread Group 1-982,text,true,320,1,1,0
1435219463131,2,Learn,200,OK,Thread Group 1-983,text,true,320,1,1,0
1435219463142,1,Learn,200,OK,Thread Group 1-984,text,true,320,1,1,0
1435219463161,1,Learn,200,OK,Thread Group 1-985,text,true,320,1,1,0
1435219463171,1,Learn,200,OK,Thread Group 1-986,text,true,320,1,1,0
1435219463181,1,Learn,200,OK,Thread Group 1-987,text,true,320,1,1,0
1435219463192,1,Learn,200,OK,Thread Group 1-988,text,true,320,1,1,0
1435219463202,1,Learn,200,OK,Thread Group 1-989,text,true,320,1,1,0
1435219463212,1,Learn,200,OK,Thread Group 1-990,text,true,320,1,1,0
1435219463222,1,Learn,200,OK,Thread Group 1-991,text,true,320,1,1,0
1435219463232,1,Learn,200,OK,Thread Group 1-992,text,true,320,1,1,0
1435219463247,1,Learn,200,OK,Thread Group 1-993,text,true,320,1,1,0
1435219463258,2,Learn,200,OK,Thread Group 1-994,text,true,320,1,1,0
1435219463269,2,Learn,200,OK,Thread Group 1-995,text,true,320,1,1,0
1435219463279,2,Learn,200,OK,Thread Group 1-996,text,true,320,1,1,0
1435219463289,2,Learn,200,OK,Thread Group 1-997,text,true,320,1,1,0
1435219463299,2,Learn,200,OK,Thread Group 1-998,text,true,320,1,1,0
1435219463311,1,Learn,200,OK,Thread Group 1-999,text,true,320,1,1,0
1435219463336,2,Learn,200,OK,Thread Group 1-1000,text,true,320,1,1,0
